Accession,ASC_f,Codon_f,GC,GC3
AE000657,0.17582417582417584,0.3564954682779456,43.476167301066496,47.18621732053671
AE014184,0.26506024096385544,0.31518324607329845,46.331997200483556,43.31984798362862
AE015928,0.27637130801687765,0.304095204760238,42.83717823940185,44.58875565762742
AE016825,0.22727272727272727,0.17997758685095255,64.83374306473475,83.15720006089714
AE017282,0.1836734693877551,0.18855465884079237,63.58457295840506,77.96001192983474
AL935263,0.3434065934065934,0.28112168252378567,44.46688649939107,45.13685216456338
AM180252,0.44324324324324327,0.40183727034120736,33.2844865496402,18.680945512211654
AM236080,0.2028985507246377,0.20633514986376023,61.09037476108047,75.9558218001485
AM260479,0.20121951219512196,0.1465883416177135,66.46591142419408,85.22432239106415
AM260525,0.29155313351498635,0.3429878048780488,38.856063299022054,30.077139499859406
AM494475,0.39845758354755784,0.3798165137614679,30.5310497961732,21.365218147233982
AM711867,0.23214285714285715,0.10164765525982256,72.66422692563216,94.7975161479547
AM743169,0.36764705882352944,0.16044376434583016,66.32404518043852,83.25334333965804
AM889285,0.22485207100591717,0.17733405288720994,66.43110337985524,80.11588632313429
AM902716,0.23529411764705882,0.16729857819905214,65.48282415680934,81.62050779849977
AM942759,0.35749751737835156,0.3497797356828194,38.89968663300527,30.75245291987967
AM999887,0.25773195876288657,0.35420054200542006,34.19024523509989,26.635196840406515
AP006628,0.27896995708154504,0.35780445969125213,27.75984301810356,19.896437816443562
AP006840,0.1751412429378531,0.13084384093113482,68.6684043088666,89.4912651578391
AP007255,0.22705314009661837,0.20552861299709022,65.093510400737,83.14199548369172
AP008230,0.2527254707631318,0.26929039952295764,47.35989345501921,50.59483233199998
AP008955,0.20748663101604278,0.23413318953895929,47.2735528479921,49.388060253065156
AP008971,0.2553191489361702,0.3172595520421607,32.3127743623778,26.650776270876232
AP009152,0.10869565217391304,0.09712041884816754,71.16380109284755,92.56099655074152
AP009153,0.2698412698412698,0.18010204081632653,64.27436141406316,76.88042010162982
AP009178,0.21739130434782608,0.3370967741935484,39.688625407429775,36.53261266972793
AP009179,0.3,0.3252047315741583,43.87148618201701,46.96062298295081
AP009380,0.24623115577889448,0.2541864139020537,48.359283634112224,53.05509468872864
AP009384,0.1510791366906475,0.14928488596830305,67.31902211118089,85.58033965760337
AP009389,0.17548076923076922,0.25889781859931116,52.96110399537247,62.3289097746804
AP009484,0.28211009174311924,0.30486685032139577,36.87685627905118,30.775165231510314
AP009510,0.25149700598802394,0.35,35.20740200576095,30.40007037897882
AP009552,0.3156225218080888,0.30345119627355494,42.33063114485447,39.50931745666048
AP010904,0.19938650306748465,0.18777963272120202,62.769421550751524,77.06766538646693
AP010946,0.19285714285714287,0.1617990005552471,67.76023397993896,87.04108079465419
AP010953,0.2767052767052767,0.2693324937027708,50.68482282649143,52.79602195346696
AP010968,0.18974358974358974,0.08759811616954474,74.19750348332366,95.43552890821465
AP011112,0.1518987341772152,0.3195729537366548,44.000263892354866,46.140012543177605
AP011121,0.15730337078651685,0.27100346020761246,53.03682379505382,53.06410333113375
AP011529,0.3261802575107296,0.35809199318568996,31.118260965301925,22.211041788684792
AP011615,0.34408602150537637,0.26748934260713486,43.650355346998246,41.46555477408334
AP012027,0.22262773722627738,0.3227329192546584,36.55623983118011,28.019531441606464
AP012029,0.2358490566037736,0.27494181536074475,53.84967293987223,61.151795580452166
AP012035,0.23469387755102042,0.15465587044534412,67.5791744356647,83.28976118847989
AP012044,0.1926782273603083,0.2516082916368835,53.32115202687688,62.44762599576779
AP012046,0.2647058823529412,0.30521792510742785,36.0410813510645,27.72117933022902
AP012050,0.3083219645293315,0.3134663341645885,35.71827205908107,26.499942957190925
AP012051,0.2784090909090909,0.3325051759834369,35.37487573029511,28.8596832483386
AP012052,0.07692307692307693,0.13154362416107382,70.27840545811512,89.51635710263977
AP012057,0.21052631578947367,0.15248474280732346,67.29244721885163,85.35204110605888
AP012157,0.28305582761998044,0.2988977575066515,38.60316874875766,32.68874104181474
AP012200,0.30939226519337015,0.3535561268209083,31.427530414899095,20.912233770188518
AP012204,0.22362869198312235,0.17564601769911503,67.2675393441247,83.09199829566528
AP012224,0.18410041841004185,0.17645148193260252,64.35657091688313,83.4582862067788
AP012273,0.22164948453608246,0.2354863813229572,56.27233867427217,64.736231939811
AP012292,0.23842592592592593,0.2665766374071573,50.678134821285894,58.98123748705875
AP012304,0.18181818181818182,0.17254518808011723,65.1013369765916,81.96821673440803
AP012320,0.17567567567567569,0.12711111111111112,71.24314405801177,90.89008540983318
AP012331,0.2962962962962963,0.17700312174817898,64.63092877381744,85.40830215340151
AP012333,0.21787709497206703,0.22431668237511782,58.31297660267276,73.04844261105163
AP012334,0.2896825396825397,0.270960929250264,48.63343237690101,48.528931928920855
AP012337,0.22330097087378642,0.22505712109672504,58.76714546695322,69.23173987284495
AP012338,0.045454545454545456,0.11219073324336483,73.28780179978833,93.48250813834655
AP012342,0.29493087557603687,0.2758180367118915,50.047547643363764,52.8600203553081
AP012492,0.2054380664652568,0.33828920570264764,38.343488993942316,35.024781844645304
AP012495,0.2459546925566343,0.27537041013528024,45.7271863180528,46.68717826815462
AP012547,0.18497109826589594,0.2064304461942257,63.267412603007166,79.15080752127986
AP012551,0.21581196581196582,0.21866368047779022,56.956884178640536,67.46781189223354
AP012554,0.3886792452830189,0.3989864864864865,30.56788703419589,20.772262124659903
AP012978,0.17721518987341772,0.17701754385964913,65.05711268828249,82.31346219624776
AP013066,0.24507042253521127,0.2579191517561299,56.1040492634944,65.49436516151633
AP013105,0.21311475409836064,0.20737134909596663,63.459266396182954,82.24245014305617
AP014521,0.40932642487046633,0.44160401002506267,25.06962490771965,12.049407316897229
AP014565,0.2676470588235294,0.26274647887323943,52.155026256764614,56.21466011794846
AP014569,0.14782608695652175,0.1726148409893993,66.09057305548266,83.276143228355
AP014583,0.31444759206798867,0.34884718498659517,32.17769270144215,21.630140096119334
AP014624,0.2717041800643087,0.33331308836926815,35.59174183823627,31.217248851243838
AP014633,0.2722722722722723,0.31038911975821687,41.21047691218616,34.72579659348268
AP014648,0.14583333333333334,0.18879216539717084,62.84232476604134,77.77875657547061
AP014685,0.24333333333333335,0.19279538904899135,63.70241665075839,80.26396127928666
AP014800,0.14285714285714285,0.1502910882221227,66.82816125602547,82.54107282063603
AP014821,0.3259949195596952,0.34432488719194726,33.344810744398856,23.31407430770491
BA000012,0.20670391061452514,0.19958180867746994,62.74706437726396,78.20212561954558
BA000022,0.32066115702479336,0.3042525208241999,47.72025510218359,49.882298574919574
BA000028,0.30416666666666664,0.3049664429530201,35.681311368484145,25.853265043173003
BA000039,0.17766497461928935,0.2624765478424015,53.91792993985405,57.37820504815544
BX908798,0.27431906614785995,0.3653153153153153,34.717256203755284,27.543035134856844
CP000031,0.22058823529411764,0.16805845511482254,64.22290936690355,80.12634528985195
CP000038,0.2825719120135364,0.24441913439635535,51.009758013290465,54.86777809491924
CP000061,0.39408866995073893,0.37084188911704313,26.88626305428061,19.371994276312602
CP000083,0.3276081424936387,0.33465956850658446,38.00542695387089,30.46081482872266
CP000088,0.08403361344537816,0.153267512929008,67.50285331947377,83.77434685436344
CP000089,0.24242424242424243,0.2261547022815804,59.24722023752395,69.83350770181697
CP000103,0.2484472049689441,0.24413196322336397,53.94264822125698,60.38097430302666
CP000109,0.22254335260115607,0.3064189189189189,43.12997222924752,41.76347489024347
CP000116,0.14942528735632185,0.15771812080536912,66.06722296893027,83.50812300707801
CP000140,0.2883787661406026,0.3113755354593051,45.05957647485263,51.05677539925933
CP000141,0.23030303030303031,0.31025399811853244,42.04970185549152,39.535416446941035
CP000153,0.25263157894736843,0.34985754985754985,34.46195676613094,25.425114861501307
CP000155,0.2308673469387755,0.24209450830140486,53.86974591515463,61.05746474959016
CP000157,0.25688073394495414,0.18971428571428572,63.068512035455406,77.17354765752737
CP000158,0.13068181818181818,0.19535153980244044,61.93028325615428,74.14299571325925
CP000232,0.23976608187134502,0.24217118997912318,55.79153707569736,64.43002637918988
CP000238,0.41818181818181815,0.40668523676880225,33.234770341914974,19.720723690425825
CP000245,0.11842105263157894,0.14689793195463643,69.99670531593956,91.31977921211823
CP000252,0.3039772727272727,0.25359773371104816,51.460038373226816,57.04670184084418
CP000264,0.24064171122994651,0.1830052808449352,62.332175460869756,75.41608957612769
CP000267,0.21604938271604937,0.2283500455788514,59.87933375732678,72.1806538037545
CP000282,0.26184538653366585,0.28773343097766385,45.82607600427956,44.5828860197993
CP000284,0.2757352941176471,0.242407277816655,55.71908220615934,64.99896280610056
CP000285,0.19254658385093168,0.1701844262295082,63.91185638668967,79.91249954817198
CP000316,0.19444444444444445,0.19887155658811814,62.47230909815348,77.09299266599201
CP000319,0.22413793103448276,0.20953858084528887,61.713781836805225,75.70930010645063
CP000352,0.19487179487179487,0.18340136054421768,63.820295314082756,79.09870616890429
CP000360,0.16981132075471697,0.2275027502750275,58.38384331781577,71.79140257261432
CP000377,0.215311004784689,0.19140495867768595,60.412916463861535,71.26991283602997
CP000383,0.31007751937984496,0.3275549805950841,38.84645420098899,35.52122903381832
CP000386,0.16393442622950818,0.1448087431693989,70.47658403570273,91.23163201373471
CP000387,0.19607843137254902,0.2916158536585366,43.4002181344688,42.92532747553288
CP000388,0.24561403508771928,0.2955903271692745,44.61609348747495,43.713301961934846
CP000390,0.17338709677419356,0.19512880562060889,61.06678699297397,72.55384668026387
CP000393,0.3108839446782922,0.3405722670579604,34.143356453871355,25.13635559598903
CP000411,0.38650306748466257,0.37672886937431393,37.88888283571569,33.76575792724595
CP000414,0.29777777777777775,0.32075471698113206,37.71033695121066,30.33467860372307
CP000422,0.23618090452261306,0.29568706118355065,37.357828886583455,29.55305813629921
CP000448,0.23091603053435114,0.2766871165644172,44.86592341448712,46.00755658267348
CP000449,0.23529411764705882,0.19815303430079156,62.72763433646602,75.510574803482
CP000453,0.1623931623931624,0.1351891506067095,67.53125206047478,85.30676977140472
CP000471,0.1550561797752809,0.23163941670349095,54.16747800281423,59.88428780616274
CP000473,0.2055888223552894,0.2069496021220159,61.90245684170811,75.52030470556426
CP000478,0.18095238095238095,0.18475177304964538,59.94872802991272,74.24832713519152
CP000481,0.140625,0.14088927637314735,66.907355721617,78.94598173111915
CP000482,0.23183391003460208,0.21024904214559387,59.024176646706586,73.98205392137992
CP000492,0.29652996845425866,0.2759142496847415,48.35144813079669,50.67711844794025
CP000509,0.17692307692307693,0.13339722089123143,71.65195409187281,92.81406721874863
CP000510,0.27341227125941875,0.3125345986555951,40.08627514969522,35.57629688729763
CP000513,0.2923076923076923,0.3099264705882353,44.39572461942635,40.5495198271762
CP000542,0.2430939226519337,0.16383623957543594,65.27908838713583,80.90000850352706
CP000544,0.13043478260869565,0.13512993262752646,67.98172974539025,84.64422625602133
CP000554,0.2718676122931442,0.2766388557806913,50.00758571202252,48.793791829298776
CP000555,0.10679611650485436,0.14035900405327156,69.19775134482882,88.63460991790933
CP000613,0.22727272727272727,0.12015672616456247,70.46127199295242,89.54181281369318
CP000628,0.23487544483985764,0.22463636363636363,60.33744223033959,74.44371632426507
CP000655,0.2545454545454545,0.31145584725536996,44.83410434871196,40.6625825389489
CP000679,0.21868787276341947,0.327773851590106,35.25407580106219,30.74653621379769
CP000685,0.26596604688763137,0.35371462264150944,34.11285327951776,27.034000666860624
CP000686,0.206266318537859,0.21803342401865528,60.38734500391099,69.01942839263505
CP000724,0.27794561933534745,0.30164046479835954,36.82202449465125,30.896708831942302
CP000733,0.24579124579124578,0.29229166666666667,42.43578946783289,40.41325594154757
CP000747,0.16030534351145037,0.1507730364873222,71.34637304176034,93.5555385658818
CP000749,0.2609182530795073,0.32382352941176473,42.59406816481398,38.17101726266472
CP000750,0.2033898305084746,0.09064354176175263,74.43503011751491,94.07252668025595
CP000758,0.19795221843003413,0.24007398273736127,56.050901587193835,64.0543638555241
CP000769,0.0989010989010989,0.10777546777546777,73.53140115839552,94.22784852281781
CP000774,0.18125,0.20449690837549184,62.32809544427542,76.73750460300515
CP000781,0.16831683168316833,0.1627536231884058,67.46469253526226,86.0886474535049
CP000792,0.19488817891373802,0.37480106100795757,39.428959063005145,38.71452976076315
CP000812,0.30973451327433627,0.3084282460136674,38.69703307479551,34.41281828389921
CP000820,0.18352059925093633,0.1291248206599713,71.15359736683484,87.63143146480357
CP000828,0.2575315840621963,0.29711794623395493,47.253850255638156,46.06813062425631
CP000830,0.1511627906976744,0.14778660612939842,66.01545182795789,83.77073528789407
CP000849,0.37150127226463103,0.3790518191841235,31.628209656110613,21.417195212950954
CP000850,0.23493975903614459,0.13534083388484447,69.51852813884236,85.4082585064443
CP000859,0.20249221183800623,0.24179867143587122,56.168615578397166,68.50587537173752
CP000875,0.3112676056338028,0.25152563699276503,50.715668122094606,51.040165935922595
CP000879,0.31085043988269795,0.3337278106508876,34.12319063694373,28.420729345366375
CP000884,0.16470588235294117,0.16265535010609275,66.47625701254553,84.07911259983818
CP000910,0.23357664233576642,0.21113744075829383,56.271325568496955,60.47196550385885
CP000922,0.2533783783783784,0.300080064051241,41.77675142074495,37.701730356453794
CP000927,0.16532258064516128,0.1938198553583169,67.46329596602476,87.70094842619467
CP000930,0.16770186335403728,0.222,56.97519060078877,68.22634506617258
CP000934,0.23742454728370221,0.26517064048620853,51.99123885929493,56.896757627340584
CP000961,0.25235109717868337,0.3142605633802817,43.70099216514868,41.29000850485296
CP000975,0.22709163346613545,0.3112290008841733,45.482774375914076,46.05430458183938
CP000976,0.4067796610169492,0.42276422764227645,27.586044045449377,17.395862127615185
CP001013,0.17886178861788618,0.14002998500749625,68.89968087769532,89.23154843592413
CP001016,0.2619047619047619,0.23548518067397484,57.059896843113435,65.78150895109407
CP001032,0.13709677419354838,0.1693345599509353,65.3411396022395,81.9671041519464
CP001034,0.32142857142857145,0.32549651100375737,36.322296518432616,27.99392375840899
CP001037,0.3258954785672343,0.30867143993635643,41.41495802568809,35.616191944563184
CP001055,0.19718309859154928,0.31290743155149936,39.9521283650997,37.74397246495816
CP001071,0.2215568862275449,0.26515373352855054,55.76235444438689,66.1332859446021
CP001080,0.23674911660777384,0.3358024691358025,32.027444977867134,22.790509467385593
CP001087,0.26655629139072845,0.2723267921505807,48.84700915518548,52.836817820193346
CP001096,0.2862903225806452,0.18445364765848996,64.85980862601781,82.90742026528429
CP001098,0.3219761499148211,0.3468910021945867,37.88319203024189,33.786409287968056
CP001099,0.27385892116182575,0.2540583136327817,55.79611479572558,69.02420994637633
CP001100,0.22277227722772278,0.31919619249074566,45.03891960299454,47.72449961856626
CP001108,0.2775330396475771,0.2651942117288652,50.09512826298299,54.21922235352343
CP001110,0.30985915492957744,0.2792328042328042,48.077586989495195,49.49516185782046
CP001130,0.2925170068027211,0.36564102564102563,34.84701003004782,29.13169402717011
CP001145,0.22602739726027396,0.2692913385826772,44.77013317313631,44.262191729947915
CP001146,0.27522935779816515,0.3619961612284069,33.74098909839709,25.25509057695437
CP001147,0.2485207100591716,0.35473251028806585,34.12890388925458,25.189125038775195
CP001154,0.23497267759562843,0.19587404994571117,62.352314953733114,74.62992883864295
CP001185,0.2905982905982906,0.36233333333333334,30.810792316194576,20.67361429565975
CP001196,0.20912547528517111,0.21996418979409132,62.39947949997183,76.77031524946466
CP001221,0.24633821571238348,0.38063610851262863,35.018341481270625,29.477380176160356
CP001230,0.29508196721311475,0.3558762886597938,37.15639771142485,31.861305464824948
CP001275,0.15714285714285714,0.175,63.647038501132805,72.9871667891634
CP001279,0.26436781609195403,0.4095238095238095,33.507531417691254,27.10517985178629
CP001280,0.16826923076923078,0.1850425436632333,63.08336217288401,76.45252457351022
CP001281,0.24347826086956523,0.1429795335554498,68.4042033605177,88.91894428937042
CP001312,0.21495327102803738,0.15017462165308498,66.56188702841807,83.3079662100825
CP001322,0.2332214765100671,0.24655844155844156,54.484597610000684,67.75526163417368
CP001349,0.21153846153846154,0.14923339011925044,68.85724725505182,86.3187841485118
CP001364,0.3177966101694915,0.23553141970519784,56.681900568424446,60.57701687395504
CP001397,0.32304038004750596,0.37754318618042226,35.31529911368425,27.75319641027493
CP001429,0.32558139534883723,0.4139240506329114,28.210940762393367,17.793243841133254
CP001472,0.2,0.21223529411764705,60.4970106770533,73.77791604268056
CP001560,0.2465753424657534,0.2095724907063197,56.508328874835435,64.81461270368001
CP001607,0.23024830699774265,0.29559270516717323,42.230964944326395,40.50556652796647
CP001614,0.25239005736137665,0.25859221392056625,50.89065163357059,54.15317727129128
CP001616,0.3048780487804878,0.27723342939481266,49.02701933458781,49.43651106937553
CP001618,0.11940298507462686,0.11202216066481994,73.1165816375156,93.508394340234
CP001619,0.25220680958385877,0.27014836795252223,51.54499489795186,62.60272180978048
CP001628,0.14893617021276595,0.09095315024232634,72.99524968443846,94.18728425581112
CP001629,0.22972972972972974,0.22598425196850394,58.64699871178244,72.65282632279684
CP001630,0.09523809523809523,0.10685851318944845,73.70887317195238,95.64978768000415
CP001631,0.11764705882352941,0.14973544973544972,68.28933205508218,81.79973028214049
CP001632,0.28867924528301886,0.2971206225680934,39.587971334806774,37.94599582488661
CP001634,0.275092936802974,0.2860215053763441,41.54598836032433,40.578560825197755
CP001643,0.08163265306122448,0.10113250283125708,72.04577492840924,93.44528426093845
CP001650,0.29308755760368665,0.3391637630662021,36.218453032231466,30.82374537843387
CP001673,0.2570806100217865,0.30211027910142957,42.69275481900595,45.30374804363393
CP001674,0.27639751552795033,0.2558764271323036,54.86042281266869,62.28717455029545
CP001678,0.27403846153846156,0.3024641833810888,45.23012065555781,39.00734386460533
CP001681,0.27538726333907054,0.3354221986192246,42.048886254415436,41.33641860750082
CP001682,0.22,0.26976744186046514,50.911544290902974,49.39214993163769
CP001683,0.16428571428571428,0.1544103992571959,67.31513626217375,84.17864360783871
CP001684,0.1638418079096045,0.19406731317741016,60.211599355205216,77.75462379883919
CP001685,0.2616279069767442,0.3633893919793014,29.645686057405673,21.00358927527143
CP001686,0.07042253521126761,0.10916666666666666,71.62753355087784,91.9132132312207
CP001699,0.2875335120643432,0.3014887282007656,45.227118022356336,47.48751280015063
CP001700,0.2015810276679842,0.15233609645817633,69.7670815078113,90.08950101810333
CP001706,0.22377622377622378,0.19512987012987013,58.416683456706785,62.88361486086754
CP001707,0.2846153846153846,0.3107776261937244,43.6871005756164,41.506369295549725
CP001708,0.24924924924924924,0.29828269484808456,36.06876441464908,31.07904651251324
CP001712,0.24814814814814815,0.2254199328107503,55.29329254078098,68.05023421839718
CP001713,0.2229299363057325,0.3431192660550459,40.54987026800535,34.86316746624007
CP001721,0.2570093457943925,0.31345911949685534,45.686599019953945,41.291892809192
CP001722,0.24458204334365324,0.3222907488986784,46.82890532673874,45.2324263077635
CP001726,0.2578125,0.17423580786026202,64.20459989097697,85.09596244650568
CP001734,0.14556962025316456,0.21185277604491579,57.54005161463308,68.36478032949981
CP001736,0.22929936305732485,0.14009928295642582,70.5679064337855,91.3588572632568
CP001737,0.17073170731707318,0.12712170458649333,70.91646318382362,90.53150839697254
CP001738,0.10833333333333334,0.13028534370946823,71.6420205227295,91.97339791302234
CP001739,0.2915162454873646,0.33336134453781513,33.4515920686913,27.24160062723166
CP001769,0.2911676646706587,0.2763309813983323,50.19282050444146,55.96873572319882
CP001778,0.1469387755102041,0.15232481990831695,68.13393500923839,88.09381245540217
CP001779,0.2744479495268139,0.34582623509369675,26.314554865997263,12.32694760196901
CP001785,0.1452991452991453,0.24086845466155812,59.448431527349946,72.37828352502143
CP001798,0.23908918406072105,0.27581508515815084,51.58400922482495,53.485286955641755
CP001801,0.3232758620689655,0.2534201954397394,54.71364202678709,60.740488868978716
CP001804,0.13636363636363635,0.12228826151560178,69.4833879119411,88.43233058581215
CP001807,0.14173228346456693,0.20845771144278608,64.53711118823745,80.28148464275614
CP001810,0.3349339735894358,0.320458452722063,40.212540550758916,37.81252784449697
CP001814,0.17475728155339806,0.1300947459086994,70.86660360569266,91.04996317509303
CP001818,0.18181818181818182,0.2192023633677991,63.79256619243765,85.21930259367649
CP001819,0.047619047619047616,0.1147945205479452,71.88650620102021,93.07957665490976
CP001820,0.305019305019305,0.3333333333333333,38.629275160847634,30.48109380943077
CP001821,0.10144927536231885,0.12363213038416764,72.48758675378917,93.35958667505398
CP001823,0.24770642201834864,0.14104718810601163,68.10279190363633,86.84567382580762
CP001825,0.2599118942731278,0.29153005464480874,48.072840582412866,49.039950164651025
CP001834,0.2605042016806723,0.31805298829328404,34.910266713469305,25.096711119872783
CP001843,0.2847058823529412,0.2821561338289963,50.837527436243604,55.38517961905614
CP001848,0.21267893660531698,0.22134609969022812,57.464697308785595,65.2958557927804
CP001851,0.21666666666666667,0.23923512747875353,57.15114056237365,65.42315991203353
CP001854,0.09195402298850575,0.1150986691142726,72.7334268541423,93.05789371916354
CP001867,0.18018018018018017,0.12058924289140116,73.98410933815462,94.15596217773754
CP001874,0.16666666666666666,0.10459770114942529,72.42917381865672,94.18718061027457
CP001875,0.22014051522248243,0.23009079118028533,53.69076617993087,59.15311209933013
CP001896,0.2012987012987013,0.1854295532646048,64.37262380054115,79.69600379969924
CP001928,0.3087557603686636,0.34439461883408073,43.780170409656044,42.1954023505676
CP001940,0.2857142857142857,0.20240282685512367,60.28630983067459,74.03243522590553
CP001958,0.19696969696969696,0.16195190947666196,66.79128951233038,83.1051939555314
CP001962,0.11538461538461539,0.18704453441295546,64.8850372187184,81.96628292578141
CP001965,0.27555555555555555,0.2332086761406133,57.54174246318486,70.31419961261645
CP001966,0.13274336283185842,0.15645664379288834,68.41297028848486,85.67817414630017
CP001968,0.2987012987012987,0.31083333333333335,42.536630875053575,41.56504034691842
CP001992,0.1896551724137931,0.25051643192488265,55.41328127911744,60.74478048316092
CP001997,0.26037735849056604,0.278921568627451,45.30685774758254,42.19687256774173
CP001998,0.22568093385214008,0.24177825388323515,53.60177947414012,60.33642787963222
CP001999,0.3039647577092511,0.3833169774288518,28.360850626598605,15.387206237033068
CP002006,0.27069351230425054,0.29191616766467066,47.685532961335895,55.794058886111884
CP002017,0.22,0.18403041825095057,59.114130784816446,69.22860875734256
CP002018,0.20967741935483872,0.18721374045801525,61.69031954887218,72.45978262053252
CP002026,0.1696969696969697,0.17420718816067654,67.88473004222645,88.27897265025898
CP002028,0.2635514018691589,0.2922804949911609,45.8824557802963,47.40308034283177
CP002038,0.2980456026058632,0.24140401146131804,56.29633286083819,65.62455894555883
CP002039,0.27129337539432175,0.1888963210702341,63.40456378594629,81.03757687531623
CP002042,0.16279069767441862,0.21189504373177842,62.363628418098884,77.06390346716893
CP002045,0.205607476635514,0.265990990990991,53.133241430422814,55.033739805660026
CP002046,0.307843137254902,0.36162079510703365,33.90002986831527,23.466456748162543
CP002047,0.1388888888888889,0.1308868501529052,70.75458902611386,89.61386741183121
CP002048,0.1951219512195122,0.25527950310559006,50.989395811950565,57.152346970982165
CP002049,0.057291666666666664,0.16130952380952382,68.13901247639092,86.71738037908737
CP002056,0.30917874396135264,0.33354310887350536,42.63513069668623,37.17490546805735
CP002084,0.28160919540229884,0.2545688545688546,55.04438159275664,64.9143046600976
CP002085,0.24509803921568626,0.14158686730506156,65.7034940481124,85.33284497865574
CP002102,0.17777777777777778,0.1706578947368421,68.42270096651546,87.4378435672643
CP002105,0.353518821603928,0.3492682926829268,36.63129515920823,27.792427182256002
CP002106,0.2,0.1583718778908418,64.69752852971105,83.97991500727677
CP002116,0.27507163323782235,0.29053444945267226,48.96514158879408,50.17874320552298
CP002131,0.2388888888888889,0.2846223839854413,46.820114603503896,51.908446748191295
CP002156,0.20382165605095542,0.19855595667870035,60.65609859703726,70.43873435702011
CP002157,0.2745709828393136,0.34558303886925795,36.977445412770045,32.209989610809885
CP002158,0.24285714285714285,0.2851829634073185,48.0491303157634,56.060084648837645
CP002159,0.2733333333333333,0.28064764841942946,52.754823680596594,57.67405650260274
CP002162,0.17037037037037037,0.11936433195997646,72.82213415331078,92.92320183484325
CP002171,0.3306122448979592,0.34292068198665676,34.112512528035516,27.53386588731037
CP002198,0.30857580398162326,0.3151452282157676,40.22255163651048,33.81060954169641
CP002209,0.16216216216216217,0.1760709010339734,60.21947303196726,74.59866125458424
CP002224,0.19718309859154928,0.19228007181328546,61.72374467055032,72.70388841676859
CP002271,0.1259259259259259,0.16307763401109057,67.45864534737987,84.79390248820647
CP002273,0.175,0.2517637059073523,47.49750214689114,52.27503323979917
CP002280,0.19935691318327975,0.26332326283987917,53.687692660687745,57.15919320444134
CP002281,0.26283367556468173,0.3419764279238441,34.534494620965724,27.628289964493646
CP002287,0.18376068376068377,0.15724436206363918,65.9875561360569,84.34228057699373
CP002292,0.1724137931034483,0.18787061994609164,62.24843185985493,76.3670502292069
CP002304,0.3637873754152824,0.3690007867820614,33.16135481113169,22.76332038951294
CP002305,0.286783042394015,0.31772625280478684,40.41362648482518,37.992539885975695
CP002339,0.22209944751381216,0.2917033773861968,43.506790224265245,40.02699928744964
CP002343,0.18085106382978725,0.1251374312843578,70.70365089596365,90.52364365277442
CP002344,0.13636363636363635,0.10452261306532663,72.48208595927298,90.15164594001295
CP002345,0.31564245810055863,0.30689816987329893,38.85666655089779,36.90686604784456
CP002347,0.27800829875518673,0.354421768707483,35.753011699226306,31.623728921601412
CP002349,0.30699774266365687,0.34558074965293845,35.51221813052385,30.05027712289496
CP002353,0.24829931972789115,0.19061745429458435,62.444079661404686,73.5681544322742
CP002355,0.2669683257918552,0.35878048780487803,44.994259801835,46.09885495021901
CP002360,0.289044289044289,0.30777777777777776,43.45191857580361,43.37644513416864
CP002361,0.13157894736842105,0.14300518134715026,70.02482703542627,92.225683629916
CP002364,0.21910112359550563,0.21891592920353983,58.92757515896828,71.9643941822454
CP002382,0.21568627450980393,0.24980842911877393,54.71298554422008,63.353420928571396
CP002390,0.2841163310961969,0.3285583103764922,35.445507329835344,31.35175195404921
CP002395,0.1872146118721461,0.24354958985831468,59.180881385322195,71.02120927328849
CP002400,0.20388349514563106,0.23691756272401435,55.5585100725393,67.47799906657528
CP002417,0.16756756756756758,0.18123841305153876,66.47972170008927,85.93058828009994
CP002422,0.20074349442379183,0.23387533875338753,51.498769329353344,60.30832086948006
CP002432,0.21476510067114093,0.23179571663920923,56.10872507194258,66.87424598584889
CP002444,0.1744186046511628,0.28579710144927534,52.11486869899255,62.2729356661938
CP002452,0.28,0.2701298701298701,53.911915803900946,68.33222814869386
CP002453,0.2970498474059003,0.3439966763606149,33.76617850633946,24.839353603043133
CP002455,0.2964824120603015,0.3423698384201077,35.921712449965995,30.660974563700265
CP002479,0.14652956298200515,0.19555884529977793,61.17795371438165,80.3803493560879
CP002512,0.24277456647398843,0.2852889667250438,41.88288753247277,41.028908230133354
CP002514,0.25,0.2,61.37353066787112,71.2925836697303
CP002521,0.15079365079365079,0.13710982658959536,68.82101430637869,88.12235027596982
CP002528,0.3474714518760196,0.3486376811594203,37.28913304540747,29.071976736729933
CP002542,0.29160935350756534,0.3200178332590281,36.494677869818496,30.773281060935545
CP002543,0.2907801418439716,0.34782608695652173,34.94858518464715,25.794333719559578
CP002544,0.2310405643738977,0.29468354430379745,43.35854115212846,45.50594221801111
CP002546,0.21822033898305085,0.22616295460952918,56.448637682336866,65.06472505094511
CP002547,0.2784552845528455,0.27219402143260013,46.350190020427156,48.834887434354
CP002548,0.37184115523465705,0.3698289269051322,27.19146803587076,21.19632291729623
CP002568,0.17006802721088435,0.14274809160305343,67.21816850258045,86.10177881547655
CP002584,0.28238583410997203,0.3151322077094616,41.10174901777252,39.68411988829821
CP002593,0.06722689075630252,0.11214731214731215,73.30953216701418,93.37673601152711
CP002606,0.22321428571428573,0.31833333333333336,37.47425387888553,34.82711355754928
CP002623,0.23170731707317074,0.21709796672828097,57.20617746871345,63.89680935066454
CP002628,0.19607843137254902,0.18704612365063789,60.393461963311104,73.65026650100693
CP002629,0.2837209302325581,0.26013667425968107,52.89111833046157,61.21289535608213
CP002630,0.12962962962962962,0.1596100278551532,68.07581813061798,87.23943006005747
CP002638,0.19895287958115182,0.12893998878295007,70.8545250986818,89.50584950342642
CP002657,0.22119815668202766,0.1878139534883721,67.98318727162113,88.50981913403375
CP002663,0.23684210526315788,0.23408845738942827,56.920129621833325,64.30819043092237
CP002666,0.05405405405405406,0.08626528692380056,74.72433071501032,95.80570365173895
CP002667,0.2778904665314402,0.333630289532294,39.876866858802494,34.517492353149684
CP002683,0.2889908256880734,0.3251366120218579,42.425450774774525,37.19907099293046
CP002690,0.32234432234432236,0.41502347417840374,33.86623061671051,27.104277667312875
CP002691,0.22986708365910868,0.2960731816153503,47.1331222886286,52.842800375082554
CP002701,0.37579617834394907,0.4369318181818182,25.439887368942856,12.037159717083258
CP002725,0.3538083538083538,0.3555793991416309,41.22960708801931,34.43784294716497
CP002738,0.2424812030075188,0.26049700085689803,51.31004907079445,57.15543575299591
CP002786,0.2079207920792079,0.1866096866096866,62.2442474469851,71.24509272505556
CP002810,0.10344827586206896,0.1224113475177305,73.8877299908699,96.07381311278519
CP002825,0.3187311178247734,0.3591025641025641,30.823216535079524,18.766457653661888
CP002831,0.1882770870337478,0.2726995036273387,46.35995689072886,49.05056982794175
CP002835,0.233502538071066,0.2836705882352941,43.95143870016896,44.07903811635578
CP002858,0.2564102564102564,0.3348148148148148,38.29426222695412,36.61845565568697
CP002859,0.25766871165644173,0.2903861517976032,46.589687914225244,51.97370225285752
CP002874,0.431796801505174,0.42076228686058176,27.218659714329636,16.388133435679702
CP002876,0.312406576980568,0.3031954887218045,45.44306721600743,43.906493157602
CP002899,0.33405639913232105,0.35906432748538014,35.48314982727325,26.591811412139435
CP002901,0.24324324324324326,0.20811428571428572,56.762097157979575,62.72375357586467
CP002902,0.20224719101123595,0.1839041095890411,61.52319042473099,73.99188742560379
CP002930,0.19623655913978494,0.25696902654867254,49.85902300409618,55.46027243078887
CP002955,0.28180961357210177,0.33488843813387426,38.14606753312385,35.33288954623839
CP002959,0.23595505617977527,0.2428074245939675,53.63478455251636,60.161517541701706
CP002961,0.2687713310580205,0.3478023850085179,35.69799077062489,28.614937787665134
CP002976,0.1688888888888889,0.19452830188679246,59.84126456664358,69.7509134952575
CP002985,0.2510822510822511,0.24361233480176211,56.59431242268247,61.571186231401015
CP002987,0.27614571092831963,0.2895129442738043,39.33813903708412,36.8804643334645
CP002991,0.225531914893617,0.3361842105263158,34.341571587788536,26.148057608477504
CP002999,0.25665399239543724,0.3233108108108108,41.357976817746724,43.134497623905794
CP003051,0.14136125654450263,0.17083725305738476,65.64171047051795,81.89928994485561
CP003058,0.19254658385093168,0.23687732342007434,50.020600820415105,54.62587252011619
CP003075,0.18556701030927836,0.20219560878243514,61.36948117247937,74.20036063892825
CP003096,0.23444976076555024,0.29142053445850913,47.05763974928015,50.88311071785386
CP003108,0.2866611433305717,0.3007228915662651,42.85489148111718,40.34934465069333
CP003119,0.16766467065868262,0.15268901013250194,67.01881281631378,83.33684294829469
CP003130,0.20634920634920634,0.2449650136902951,57.90987429894653,69.29417246418967
CP003147,0.22941176470588234,0.2523172628304821,52.372878570111055,56.93904760541019
CP003153,0.17692307692307693,0.15668151447661469,65.36764049193849,84.52197831441879
CP003154,0.183206106870229,0.2023961661341853,62.60696729227073,75.52943991028167
CP003155,0.27906976744186046,0.29979267449896335,46.19729629700798,49.70827914159189
CP003156,0.28776978417266186,0.3372222222222222,40.233501672601165,36.82732904806694
CP003171,0.22153846153846155,0.21597261836851112,61.101960229754305,76.7184051186824
CP003178,0.28667894413750766,0.28229363579080025,44.86974527778479,48.26457814326428
CP003183,0.2833333333333333,0.2379983036471586,59.03407490127308,64.34338868585253
CP003191,0.22849462365591397,0.2856964397251718,46.975954633666916,50.9564003884476
CP003198,0.1937984496124031,0.2922077922077922,47.968065904567965,52.55547500618312
CP003203,0.13852813852813853,0.18514895509115162,62.31679754755363,74.7750781430733
CP003236,0.26153846153846155,0.1603411513859275,68.14500450568593,84.4415716151609
CP003255,0.22372881355932203,0.18058252427184465,60.569620689515816,78.05709970281215
CP003257,0.30446927374301674,0.328328611898017,29.155505920703845,18.08167484599285
CP003260,0.19941348973607037,0.29406593406593406,38.87534094879894,36.052613713285616
CP003264,0.32323232323232326,0.36526315789473685,37.3414012746208,27.188392323273806
CP003273,0.3069207622868606,0.29658570925730376,45.490965042120024,47.308069100825875
CP003280,0.23645320197044334,0.34632124352331606,36.191254451211144,30.75728572378676
CP003281,0.29109159347553326,0.3389305816135084,36.813130645201646,32.51640061801929
CP003283,0.30112359550561796,0.3668402777777778,37.217626892577655,35.26099033834436
CP003313,0.23429951690821257,0.29533527696793005,40.22145367323032,33.91593885172638
CP003315,0.3716216216216216,0.4353982300884956,25.223651385964548,14.74953878545134
CP003345,0.3330739299610895,0.3777499216546537,30.671775485192416,19.626436478305532
CP003346,0.2727272727272727,0.2904119318181818,44.75369291231874,49.09175079701411
CP003349,0.34105960264900664,0.3248488918737408,37.308540121247916,31.80086765244495
CP003350,0.2857142857142857,0.17101135749053542,63.39579925726899,76.58244385578608
CP003359,0.3648068669527897,0.3431034482758621,32.455841359174556,19.639023222832357
CP003360,0.25862068965517243,0.26138668128254317,50.07753722094292,53.97771887036462
CP003364,0.23429541595925296,0.20838876570583886,62.26605778492005,76.39141400760869
CP003379,0.21071428571428572,0.20626432391138275,60.28124711880085,73.29705063907933
CP003382,0.16,0.17614125753660637,63.9743688494036,77.97172687636252
CP003389,0.10245901639344263,0.1468847352024922,69.89692795650744,91.25518636410123
CP003390,0.296875,0.31323119777158775,44.7485983480126,41.461263474348534
CP003403,0.24367088607594936,0.27541818181818184,52.18893013202079,57.35521770207578
CP003415,0.27906976744186046,0.27545909849749584,50.36738942737129,52.601062789440704
CP003418,0.3504587155963303,0.3739669421487603,33.93312429608442,25.96296654488778
CP003422,0.17970660146699266,0.19643122676579924,58.26471788824384,73.0149247366025
CP003466,0.2359882005899705,0.2016921837228042,61.631565779389454,75.06477644447301
CP003470,0.24812030075187969,0.15632183908045977,67.45425974265706,86.3215818477593
CP003488,0.3005405405405405,0.3163553183377812,41.26553885876065,36.21613814687945
CP003493,0.26666666666666666,0.14525959367945823,68.77366205619542,88.51909770935826
CP003495,0.23076923076923078,0.16927756653992396,68.70717851197536,84.48485862174228
CP003532,0.30670926517571884,0.2838709677419355,45.45110682465943,48.70776957271423
CP003546,0.35175879396984927,0.30280898876404494,43.290203096300914,44.793087709472836
CP003549,0.34039480019258544,0.3191210349105086,37.53580373912035,29.562049153826123
CP003557,0.31444759206798867,0.338404452690167,41.328118230015995,43.84270421583452
CP003558,0.28415300546448086,0.2932419196865818,48.51682698289227,48.47886608973726
CP003563,0.1994750656167979,0.1900437636761488,62.091754151458375,75.88194164243626
CP003587,0.20422535211267606,0.2282955094157412,60.53681527923669,71.53652756508654
CP003590,0.29338842975206614,0.295748730964467,45.19333675167948,43.03819184613699
CP003591,0.16879795396419436,0.2293230174081238,58.463087074841845,69.82877648505972
CP003592,0.3592592592592593,0.3318887685084868,46.314761799639506,49.010557632252976
CP003597,0.24117140396210163,0.27243979567015325,44.440269723892115,39.871560948498235
CP003600,0.3149480415667466,0.2903748264692272,45.727220864738676,43.78689290128597
CP003607,0.2182890855457227,0.25867412828239345,47.60109412346252,47.709045324249146
CP003620,0.31452859350850076,0.3193091732729332,40.162060248094555,32.208763169887916
CP003630,0.2481089258698941,0.27617252931323283,46.2148157756402,44.79423404576558
CP003642,0.3268398268398268,0.3081568273997296,42.302429050368666,37.745172810288594
CP003646,0.26795580110497236,0.2935406698564593,43.269437542253925,37.02533418563716
CP003653,0.3549848942598187,0.35489596083231334,35.953260418284586,23.985643983054743
CP003659,0.33714670255720053,0.31338245780841456,38.79613235861583,30.47733053154075
CP003729,0.1925925925925926,0.15097517730496454,71.29150027520464,92.30178445207268
CP003732,0.24533333333333332,0.2598334401024984,53.8840859500173,63.67257208481082
CP003742,0.24611398963730569,0.2286361919153759,55.25670834199473,61.61040805656562
CP003746,0.28012048192771083,0.2238966630785791,55.830657311811684,64.37800530082578
CP003778,0.26104417670682734,0.17332047573127612,64.71417170237184,78.94358383671744
CP003787,0.2956521739130435,0.34661290322580646,35.072108088307566,29.241376921540787
CP003788,0.12834224598930483,0.14224511930585684,69.64986386435099,87.39891311646862
CP003789,0.3256484149855908,0.384251968503937,35.35545263079541,24.887214533849594
CP003796,0.2827586206896552,0.3431952662721893,39.078791911385224,31.939623272030076
CP003801,0.41818181818181815,0.40444444444444444,32.2633351464088,24.48636938429102
CP003837,0.3026729559748428,0.3101671690874212,40.36515937093565,35.81214250047337
CP003870,0.2757009345794392,0.2968220338983051,44.30814140013351,46.157495262988064
CP003876,0.20676691729323307,0.14751474304970513,68.04707711076361,85.32207044648229
CP003879,0.27549668874172184,0.33550325488232347,34.52528927547392,28.44657148377572
CP003915,0.2936170212765957,0.23199688594783963,54.26468342264851,60.1713251164455
CP003926,0.25170068027210885,0.24844649021864212,56.24709917544409,59.82452255907001
CP003943,0.28663793103448276,0.28755919070167885,42.24716173433392,36.69614981320413
CP003944,0.3007299270072993,0.2912028725314183,42.43836564217796,35.923314884861014
CP003945,0.3293591654247392,0.29995702621400944,42.9225420358588,36.93186637312255
CP003946,0.28888888888888886,0.32289815447710185,43.86736117207542,40.818778881897735
CP003947,0.3314659197012138,0.341189111747851,34.95832258776466,25.964975607312162
CP003949,0.19540229885057472,0.16028110359187922,67.37333968568285,83.46822529303743
CP003969,0.1263537906137184,0.10527335640138408,72.10183921459195,92.07888496290387
CP003984,0.1712962962962963,0.225201072386059,53.6388552492882,56.968776763061534
CP003985,0.26476578411405294,0.29807897545357526,45.38701968841373,43.40173614008632
CP003989,0.1968503937007874,0.15010697475395807,66.49738278761228,81.4401820985169
CP004025,0.1377551020408163,0.14364077669902914,69.19217907082749,89.47126440263338
CP004083,0.2851662404092072,0.2996777658431794,48.287140676352195,49.62131716586283
CP004121,0.3447971781305115,0.3610731936926336,29.54141008539174,18.2156686061567
CP004345,0.37163375224416517,0.2672472181906144,51.139440863746884,55.679921727424365
CP004348,0.2986111111111111,0.3068616422947132,46.088907572883876,43.51092181182256
CP004349,0.2975391498881432,0.35856573705179284,30.588450210942252,19.146865379757102
CP004372,0.2413793103448276,0.1469055374592834,65.74240058462343,82.04848508420692
CP004388,0.3275,0.23716951788491447,54.85013885945151,60.8492549376389
CP004393,0.18181818181818182,0.14250111259457054,66.00825107830354,83.76106714571941
CP004856,0.1900647948164147,0.2513960703205791,42.84843123226726,42.67804120268466
CP005094,0.18691588785046728,0.16024016010673783,65.6755124972747,81.5730660616583
CP005383,0.24579124579124578,0.284916864608076,41.047341198519696,36.80591735150218
CP005384,0.2944550669216061,0.32923976608187133,40.05979163261268,33.29125144265007
CP005964,0.24929178470254956,0.2854947166186359,47.03878040354833,45.690895617986754
CP005990,0.3026315789473684,0.18645833333333334,63.857427810514835,74.88197416209238
CP005996,0.23703703703703705,0.3132404181184669,41.83728920453198,36.562331152446745
CP006265,0.332624867162593,0.34830188679245283,42.443393892002376,39.73417289948432
CP006272,0.17578125,0.16592391304347825,70.35507730263562,89.51215694099875
CP006566,0.24067796610169492,0.23498659517426274,56.195318132915915,66.54012504876987
CP006569,0.18994413407821228,0.1830023828435266,57.47393369356759,67.20460837056719
CP006587,0.24666666666666667,0.22226017648733276,61.92970059088556,81.16750941022241
CP006597,0.23361344537815126,0.26415792720542874,38.01157079598829,29.837253372870286
CP006617,0.33212996389891697,0.3207150368033649,41.644697144569584,38.16307476668408
CP006644,0.21397379912663755,0.1759349593495935,66.78083764522678,83.06973025059443
CP006650,0.16326530612244897,0.17192575406032481,63.38539938629816,76.3988145803872
CP006664,0.24597701149425288,0.2047360248447205,58.718518079405534,68.34220100354395
CP006696,0.32228915662650603,0.2745,52.10373870747615,54.0578794729741
CP006704,0.17427385892116182,0.20124328906470754,61.87228699806011,76.26836289414923
CP006734,0.11956521739130435,0.17271468144044322,68.34535801948914,86.10440429713731
CP006772,0.31761006289308175,0.34812362030905075,41.491431915386045,40.955182905046904
CP006773,0.23430962343096234,0.17920318725099602,62.36900769620497,75.5478647486731
CP006842,0.1952662721893491,0.18997134670487106,64.81654437051148,79.35615019705926
CP006866,0.168141592920354,0.23577064702788006,47.239218821848844,48.29798861768181
CP006914,0.19318181818181818,0.27752808988764044,43.151248876847866,44.42254157393535
CP006939,0.2275449101796407,0.2336962156557802,51.86034252952444,56.881119859009765
CP006949,0.2317596566523605,0.3120665742024965,46.932018903891766,47.585229542158885
CP006955,0.24439918533604887,0.2909218859957776,41.06930896404302,34.2478526593237
CP006958,0.22009569377990432,0.14377510040160643,67.5320157568155,86.99919284055
CP007028,0.2777777777777778,0.3090909090909091,45.1919315572205,48.525852618158844
CP007030,0.2509505703422053,0.3063063063063063,45.91219532987793,42.88806589585989
CP007031,0.20238095238095238,0.1361803084223013,67.8640908234527,86.23914756643725
CP007034,0.26126126126126126,0.25901183020180935,51.66991890423211,64.89434077805666
CP007035,0.28019323671497587,0.29396325459317585,45.23746722349209,48.22710674914191
CP007044,0.28194444444444444,0.27338626164998275,50.87880633717935,54.7452283465446
CP007051,0.2958579881656805,0.3891891891891892,32.07531900861388,23.53700412771709
CP007053,0.25732899022801303,0.1801009372746936,63.56910958175921,78.38258075803702
CP007062,0.27454242928452577,0.3526315789473684,26.96668687094253,12.956517015645739
CP007128,0.1865671641791045,0.12918492550394392,72.56090386060356,94.21272680715516
CP007139,0.13649025069637882,0.2022517911975435,60.8266775132355,74.70310621512984
CP007142,0.27958236658932717,0.2795829713292789,48.632781646702824,48.15526029451654
CP007152,0.23876404494382023,0.2204358353510896,57.07940505990211,66.06776145067559
CP007155,0.1574074074074074,0.156140350877193,70.59600244092968,91.27290067194932
CP007161,0.24387527839643652,0.2881207787048073,37.630336392333675,30.971596740109565
CP007201,0.21515151515151515,0.33862696443341606,40.89826304448522,38.89443801110675
CP007202,0.26614173228346455,0.3530704589528119,33.533949599060044,25.602686192336186
CP007444,0.18181818181818182,0.19583190980526136,64.22549157484235,80.36732536617014
CP007445,0.3432343234323432,0.3725123694337548,33.61728247200431,23.01745556987857
CP007446,0.3333333333333333,0.34314465408805034,41.265944561226405,35.93210878747006
CP007447,0.29782608695652174,0.3261587639850826,32.76461269538065,22.837218363115827
CP007451,0.2803970223325062,0.2934530490086046,41.31110710580029,41.74007240439233
CP007481,0.32575757575757575,0.3185053380782918,41.69313030969248,40.48031791456713
CP007519,0.18666666666666668,0.21479915433403807,59.501366324693485,69.92251068083428
CP007566,0.21157684630738524,0.1913576046274243,60.81675030419831,80.13894882423114
CP008788,0.2616822429906542,0.24116161616161616,55.91356898925424,65.46873306078662
CP008796,0.2,0.3483271375464684,36.976097548531925,31.994804723997284
CP008802,0.175,0.1745631067961165,62.19183385773022,72.56853021012098
CP008803,0.25842696629213485,0.24341488807912545,58.73526537989287,72.73222726377944
CP008804,0.33642691415313225,0.32522897585345545,41.485378297724615,37.617035142518624
CP008876,0.21837088388214904,0.25174234424498415,42.89902979467948,39.81139382766129
CP008889,0.1415929203539823,0.15474271543707377,69.12715362488407,88.89737637006021
CP009056,0.38342696629213485,0.37848716169326857,34.11906545617566,23.464886117265397
CP009122,0.23853211009174313,0.20828558836491848,63.852976138981546,77.8523576454288
CP009129,0.20880681818181818,0.26443556443556443,39.337963397465984,32.747774802195735
CP009159,0.2618629173989455,0.29245773732119634,40.21517446048486,34.327891206690964
CP009217,0.37844036697247707,0.36328502415458935,30.772110339135217,20.76253209947903
CP009257,0.1892430278884462,0.31946257197696737,39.04102432934414,30.15086226840688
CP009291,0.18421052631578946,0.18030382399161865,63.498786030225865,78.0663982712248
CP009301,0.3094017094017094,0.341991341991342,38.160626280072236,30.365542562313244
CP009302,0.2676056338028169,0.1836734693877551,63.56247518546403,83.53319656943042
CP009415,0.2631578947368421,0.33893491124260355,31.341301460823374,21.277411938002068
CP009416,0.22963951935914553,0.2743695552498854,42.71028162297142,39.83530548533074
CP009440,0.37425149700598803,0.40052219321148824,32.409575622032754,21.4825863517748
CP009450,0.23390557939914164,0.2148804934464148,59.1055762813133,72.33070462626006
CP009460,0.2910714285714286,0.24154696132596684,56.863072615393875,68.07878806747625
CP009495,0.1848341232227488,0.17616,67.40296010338368,84.61730506030531
CP009621,0.21058091286307054,0.2857234520372153,47.34426512808975,51.92752259368553
CP009706,0.2543978349120433,0.2944652206432311,48.99027546930956,51.35022858506081
CP009761,0.2956521739130435,0.35543328748280606,28.613425002566057,17.410806851371895
CP009962,0.2693498452012384,0.24416135881104034,56.14760476071163,66.21716450862586
CP010049,0.431924882629108,0.4393805309734513,27.355738170917643,17.029503677460873
CP010310,0.16666666666666666,0.16059322033898304,64.29510358627456,81.17188358366714
CP010311,0.26582278481012656,0.2420281690140845,57.04724152307436,67.55180398221856
CP010327,0.29619047619047617,0.3360490582566798,34.07937116047691,27.123549940749196
CP010557,0.21705426356589147,0.21298882681564246,57.46663735384941,69.14456304873171
CP010803,0.1918819188191882,0.19552110249784668,62.136990680531866,77.8443506851579
CP010812,0.20642978003384094,0.27829150154117127,47.68660014489405,48.187630250539605
CP010820,0.24955436720142601,0.2830904778041342,37.62160160155614,29.650119823560072
CP010848,0.20610687022900764,0.19829059829059828,61.482170590579855,69.55944402868448
CP010954,0.1722488038277512,0.19447878038730942,64.78577951884652,80.67182055757047
CP010978,0.2857142857142857,0.3018773466833542,39.51025272003354,32.877419508684575
CP011047,0.25646551724137934,0.2302562017080114,56.713449553506614,65.83429011834907
CP011052,0.23889739663093415,0.2672712283594394,54.34229363544384,58.664819914587355
CP011132,0.2717041800643087,0.2507947721653126,53.42132434919108,60.23980933525132
CP011144,0.1414141414141414,0.15241280458671763,70.24472469756303,91.83574093071088
CP011265,0.19642857142857142,0.21321488062187674,61.27703074231442,74.69959872193375
CP011280,0.25,0.3096774193548387,28.43197837356716,16.524129169310495
CP011301,0.18181818181818182,0.13680851063829788,66.99219674934137,85.48284691326599
CR522870,0.21166306695464362,0.2791052364006101,46.81120389126019,46.78685577190412
CR767821,0.4339622641509434,0.41426491994177583,27.478789597422765,18.674138485802537
CU207211,0.2693409742120344,0.24900918318028034,54.294927411590145,61.30129436415914
CU207366,0.2804005722460658,0.35886375591793795,36.610762505380464,31.07975083762683
FM162591,0.3352999016715831,0.32033650329188,42.15263441378232,36.81975898763724
FM178379,0.29112081513828236,0.323027027027027,39.228369118524945,31.254816338978802
FO082060,0.2355848434925865,0.2827725982975274,48.74592356611492,52.42586155003232
FO117623,0.18803418803418803,0.11415384615384615,72.94799952413575,91.9446512707162
FO203355,0.2488822652757079,0.24106844741235392,54.98448319795764,61.940331818012474
FO203431,0.11818181818181818,0.11656891495601172,74.13113438628203,94.01517662195404
FO203503,0.2812105926860025,0.3129622104835433,41.44885295133328,40.78723575017433
FO538765,0.23121387283236994,0.21708428246013667,59.47292758299727,71.77968637236609
FO818637,0.3340782122905028,0.30363569592361367,44.774330728468335,41.68672780239337
FP236843,0.20426287744227353,0.223982398239824,55.19723177692024,63.47612325971228
FP475956,0.17532467532467533,0.19400113186191284,63.668369718662085,77.31274925107616
FP476056,0.24838292367399742,0.30711175616835995,42.77961255494673,45.41348238789777
FP565814,0.15671641791044777,0.16441881100266192,66.11764172814244,82.8042930616612
FP929032,0.22021660649819494,0.21944106925880924,55.819374238205285,74.21941920187335
FP929038,0.22146507666098808,0.2831389183457052,42.42908288632823,43.118306571633816
FP929045,0.1572700296735905,0.22488986784140969,55.57136564553089,72.34881549886967
FP929047,0.1919191919191919,0.15385629531970996,60.42643309824608,87.4344736461488
FP929048,0.3124231242312423,0.3399585921325052,30.50619519642633,18.804759394940334
FP929050,0.22929936305732485,0.2664236902050114,41.463507385871054,42.52302952095524
FP929054,0.24115755627009647,0.28276573787409703,41.74945462277887,40.67013820440939
FP929056,0.19230769230769232,0.17290076335877863,56.73042843377256,83.21353855091267
FP929061,0.25882352941176473,0.304256712508186,36.27636937088495,31.75870431037972
FP929062,0.20267686424474188,0.2504016064257028,46.35469950180782,55.6808931147055
FQ312005,0.2779220779220779,0.3297777777777778,36.74728232477176,31.156230803996035
FQ859181,0.2,0.21787624140565318,59.17104429022804,69.05644074984822
FR872580,0.27331887201735355,0.3263537906137184,39.02885805578276,32.766354495948875
FR872582,0.22742474916387959,0.3426371511068335,41.776290621017914,37.52485635809864
HE717023,0.25192519251925194,0.27065462753950337,41.823124767505284,38.78176693885309
HE804045,0.22330097087378642,0.1268462206776716,72.19005981740804,92.45511871742411
HE956757,0.19680851063829788,0.18909626719056974,63.35480266833164,76.84116907436655
HE983995,0.27692307692307694,0.336271186440678,36.62270467687937,29.694378249161563
HE999757,0.21690140845070421,0.2820404721753794,34.526311521755325,24.558119673318657
HF563609,0.2732049036777583,0.3298365122615804,37.5320687861883,32.345363804424146
HF571988,0.2972972972972973,0.3080965909090909,47.29985573455644,46.77191886852518
HF680312,0.2513181019332162,0.28736951983298537,46.62558847116874,44.60272517937761
HF951689,0.14396887159533073,0.24534803583735354,54.40961691004959,59.36590958805203
HG315671,0.2974537037037037,0.3605423094904161,33.27716485153783,24.49924820932333
HG322949,0.2770137524557957,0.20977323538805492,61.04793056851058,74.54066962142373
HG530068,0.17763157894736842,0.162148070907195,62.00780052917474,84.45850343721993
HG934468,0.2793594306049822,0.30433275563258233,44.89917684561958,48.977155781453355
HG938353,0.21818181818181817,0.21641791044776118,61.48098887211212,77.01995813690445
LK028559,0.2646048109965636,0.3152798789712557,31.29013559151167,21.093615602593662
LN614827,0.30984204131227217,0.32270916334661354,38.290419156664626,30.697676770316328
LN614830,0.2956081081081081,0.31491584445734183,40.45678767672056,34.63316066954526
