Accession,ttt,ttc,tta,ttg,tct,tcc,tca,tcg,tat,tac,taa,tag,tgt,tgc,tga,tgg,ctt,ctc,cta,ctg,cct,ccc,cca,ccg,cat,cac,caa,cag,cgt,cgc,cga,cgg,att,atc,ata,atg,act,acc,aca,acg,aat,aac,aaa,aag,agt,agc,aga,agg,gtt,gtc,gta,gtg,gct,gcc,gca,gcg,gat,gac,gaa,gag,ggt,ggc,gga,ggg,GC,GC3
BA000026,0.36363636363636365,0.06306306306306306,0.34415584415584416,0.09734513274336283,0.07207207207207207,0.0,0.11403508771929824,0.0,0.2047244094488189,0.08695652173913043,0.5789473684210527,0.20454545454545456,0.07142857142857142,0.009523809523809525,0.046296296296296294,0.018691588785046728,0.045871559633027525,0.037037037037037035,0.07272727272727272,0.009433962264150943,0.046296296296296294,0.0,0.018691588785046728,0.0,0.045454545454545456,0.0,0.1440677966101695,0.018691588785046728,0.009433962264150943,0.0,0.0,0.0,0.27007299270072993,0.07894736842105263,0.2986111111111111,0.06306306306306306,0.05405405405405406,0.07894736842105263,0.06363636363636363,0.0,0.2978723404255319,0.08256880733944955,0.39215686274509803,0.08695652173913043,0.09565217391304348,0.028037383177570093,0.10526315789473684,0.009433962264150943,0.09734513274336283,0.018691588785046728,0.07142857142857142,0.028037383177570093,0.009523809523809525,0.009433962264150943,0.027777777777777776,0.009433962264150943,0.08035714285714286,0.028037383177570093,0.08695652173913043,0.009433962264150943,0.018691588785046728,0.045454545454545456,0.018691588785046728,0.018691588785046728,25.717541087254613,15.598566988773465
BX293980,0.2983425414364641,0.09219858156028368,0.3240223463687151,0.05755395683453238,0.08695652173913043,0.007575757575757576,0.058823529411764705,0.007575757575757576,0.20754716981132076,0.08571428571428572,0.5642857142857143,0.2768361581920904,0.050724637681159424,0.015267175572519083,0.09929078014184398,0.015037593984962405,0.08571428571428572,0.037037037037037035,0.058394160583941604,0.022556390977443608,0.0,0.007575757575757576,0.029850746268656716,0.0,0.06569343065693431,0.022388059701492536,0.13333333333333333,0.015037593984962405,0.0,0.0,0.007575757575757576,0.007575757575757576,0.19745222929936307,0.08391608391608392,0.30057803468208094,0.09655172413793103,0.08450704225352113,0.022556390977443608,0.10638297872340426,0.007633587786259542,0.32972972972972975,0.09285714285714286,0.41237113402061853,0.1456953642384106,0.06428571428571428,0.03676470588235294,0.0979020979020979,0.029850746268656716,0.051094890510948905,0.015037593984962405,0.043795620437956206,0.0,0.007575757575757576,0.0,0.037037037037037035,0.0,0.136986301369863,0.03007518796992481,0.06474820143884892,0.015037593984962405,0.02962962962962963,0.015151515151515152,0.03676470588235294,0.007633587786259542,23.965608734153502,10.040443424812656
CP002082,0.2907801418439716,0.06382978723404255,0.2698961937716263,0.07983193277310924,0.06086956521739131,0.030973451327433628,0.05982905982905983,0.013392857142857142,0.21561338289962825,0.0815450643776824,0.5456521739130434,0.21785714285714286,0.07203389830508475,0.022123893805309734,0.05982905982905983,0.05194805194805195,0.07659574468085106,0.03508771929824561,0.08333333333333333,0.022123893805309734,0.03508771929824561,0.013452914798206279,0.047619047619047616,0.008968609865470852,0.06808510638297872,0.013452914798206279,0.12449799196787148,0.0603448275862069,0.017857142857142856,0.013452914798206279,0.017777777777777778,0.017857142857142856,0.3024054982817869,0.07234042553191489,0.16923076923076924,0.12550607287449392,0.08050847457627118,0.03508771929824561,0.07659574468085106,0.009009009009009009,0.2682926829268293,0.12195121951219512,0.39692307692307693,0.124,0.08085106382978724,0.018018018018018018,0.0875,0.039647577092511016,0.12195121951219512,0.009009009009009009,0.06437768240343347,0.022222222222222223,0.05194805194805195,0.004524886877828055,0.043478260869565216,0.017777777777777778,0.11693548387096774,0.013392857142857142,0.13253012048192772,0.03524229074889868,0.030837004405286344,0.0045045045045045045,0.04741379310344827,0.02654867256637168,29.412294464639043,20.810183206528
CP002107,0.3194444444444444,0.10843373493975904,0.3125,0.06790123456790123,0.06962025316455696,0.006535947712418301,0.06329113924050633,0.012987012987012988,0.2,0.09696969696969697,0.5652173913043478,0.28780487804878047,0.03205128205128205,0.0196078431372549,0.08024691358024691,0.025806451612903226,0.08641975308641975,0.050314465408805034,0.06918238993710692,0.012987012987012988,0.006535947712418301,0.006535947712418301,0.03205128205128205,0.0,0.08641975308641975,0.0440251572327044,0.1329479768786127,0.012987012987012988,0.0,0.0,0.012987012987012988,0.0,0.21081081081081082,0.06832298136645963,0.27040816326530615,0.10059171597633136,0.06748466257668712,0.02564102564102564,0.10843373493975904,0.006578947368421052,0.3014354066985646,0.09202453987730061,0.4482758620689655,0.17222222222222222,0.06875,0.03184713375796178,0.07407407407407407,0.025806451612903226,0.05660377358490566,0.012987012987012988,0.03821656050955414,0.006535947712418301,0.01935483870967742,0.0,0.03205128205128205,0.0,0.10778443113772455,0.0196078431372549,0.07975460122699386,0.012987012987012988,0.01935483870967742,0.0,0.02564102564102564,0.0,23.95100384651468,10.715038707086824
CP002108,0.35668789808917195,0.05217391304347826,0.3125,0.10256410256410256,0.05263157894736842,0.03571428571428571,0.03571428571428571,0.00909090909090909,0.25,0.09243697478991597,0.5655737704918032,0.2605633802816901,0.01834862385321101,0.01834862385321101,0.036036036036036036,0.026785714285714284,0.08695652173913043,0.035398230088495575,0.10655737704918032,0.035398230088495575,0.018018018018018018,0.018018018018018018,0.00909090909090909,0.0,0.04424778761061947,0.018018018018018018,0.144,0.00909090909090909,0.0,0.009174311926605505,0.00909090909090909,0.0,0.23308270676691728,0.08403361344537816,0.2986111111111111,0.1,0.08547008547008547,0.01818181818181818,0.05217391304347826,0.0,0.2978723404255319,0.13821138211382114,0.4166666666666667,0.171875,0.07692307692307693,0.05217391304347826,0.0603448275862069,0.02702702702702703,0.04424778761061947,0.03571428571428571,0.06086956521739131,0.0,0.035398230088495575,0.018018018018018018,0.02702702702702703,0.0,0.018018018018018018,0.01834862385321101,0.043859649122807015,0.04424778761061947,0.026785714285714284,0.00909090909090909,0.00909090909090909,0.0,23.750509192220434,9.988733633176752
CP002458,0.3532608695652174,0.09420289855072464,0.25625,0.13793103448275862,0.038461538461538464,0.045454545454545456,0.05303030303030303,0.0,0.18181818181818182,0.031007751937984496,0.6089965397923875,0.22012578616352202,0.09558823529411764,0.06060606060606061,0.06766917293233082,0.03076923076923077,0.09774436090225563,0.015625,0.06015037593984962,0.015748031496062992,0.023255813953488372,0.007874015748031496,0.007936507936507936,0.015625,0.06015037593984962,0.03875968992248062,0.14788732394366197,0.023255813953488372,0.015625,0.007936507936507936,0.023255813953488372,0.015748031496062992,0.25316455696202533,0.03875968992248062,0.2389937106918239,0.04580152671755725,0.10071942446043165,0.046153846153846156,0.06818181818181818,0.007874015748031496,0.2694610778443114,0.11971830985915492,0.35135135135135137,0.15172413793103448,0.07407407407407407,0.04580152671755725,0.08759124087591241,0.023622047244094488,0.06870229007633588,0.007874015748031496,0.038461538461538464,0.023255813953488372,0.05343511450381679,0.007874015748031496,0.023622047244094488,0.007874015748031496,0.045454545454545456,0.023255813953488372,0.08823529411764706,0.038461538461538464,0.0234375,0.03076923076923077,0.015748031496062992,0.06766917293233082,26.859506717759356,16.16207410523272
CP003731,0.3148148148148148,0.14814814814814814,0.26143790849673204,0.07751937984496124,0.14705882352941177,0.04,0.04032258064516129,0.024390243902439025,0.07936507936507936,0.047619047619047616,0.40609137055837563,0.4362745098039216,0.048,0.024390243902439025,0.04,0.03225806451612903,0.16312056737588654,0.04838709677419355,0.13533834586466165,0.047619047619047616,0.11194029850746269,0.02459016393442623,0.04032258064516129,0.01639344262295082,0.008264462809917356,0.03225806451612903,0.07874015748031496,0.08461538461538462,0.01639344262295082,0.01639344262295082,0.02459016393442623,0.01652892561983471,0.1386861313868613,0.048,0.15714285714285714,0.03225806451612903,0.10687022900763359,0.04,0.09923664122137404,0.008333333333333333,0.1386861313868613,0.05555555555555555,0.16058394160583941,0.17266187050359713,0.16296296296296298,0.09230769230769231,0.1736111111111111,0.12878787878787878,0.1323529411764706,0.056451612903225805,0.11194029850746269,0.01639344262295082,0.09923664122137404,0.04065040650406504,0.04,0.01639344262295082,0.06976744186046512,0.03278688524590164,0.12781954887218044,0.07142857142857142,0.032520325203252036,0.06349206349206349,0.09090909090909091,0.06299212598425197,39.27065647523601,34.16903463385109
CP005074,0.4065934065934066,0.056910569105691054,0.3248407643312102,0.12307692307692308,0.00847457627118644,0.00847457627118644,0.072,0.0,0.26490066225165565,0.008547008547008548,0.5625,0.20567375886524822,0.05785123966942149,0.03305785123966942,0.064,0.00847457627118644,0.06451612903225806,0.0,0.056451612903225805,0.01680672268907563,0.00847457627118644,0.008547008547008548,0.008547008547008548,0.0,0.041666666666666664,0.00847457627118644,0.09375,0.0,0.0,0.0,0.00847457627118644,0.0,0.32926829268292684,0.04878048780487805,0.2465753424657534,0.072,0.07936507936507936,0.04132231404958678,0.088,0.00847457627118644,0.30128205128205127,0.0873015873015873,0.4744897959183674,0.09375,0.09523809523809523,0.025,0.056910569105691054,0.025,0.06557377049180328,0.008547008547008548,0.04918032786885246,0.00847457627118644,0.025210084033613446,0.00847457627118644,0.03333333333333333,0.0,0.064,0.04132231404958678,0.1328125,0.01694915254237288,0.025210084033613446,0.01680672268907563,0.04918032786885246,0.0,23.873449039194895,11.321015128014402
CP005077,0.3,0.07627118644067797,0.34591194968553457,0.09016393442622951,0.09090909090909091,0.009009009009009009,0.05128205128205128,0.008928571428571428,0.24060150375939848,0.03571428571428571,0.5545851528384279,0.23076923076923078,0.0847457627118644,0.008928571428571428,0.09166666666666666,0.0,0.09243697478991597,0.008928571428571428,0.08403361344537816,0.008928571428571428,0.02631578947368421,0.0,0.03508771929824561,0.0,0.04310344827586207,0.017699115044247787,0.06722689075630252,0.02631578947368421,0.008928571428571428,0.017699115044247787,0.017857142857142856,0.008928571428571428,0.2357142857142857,0.09322033898305085,0.2605633802816901,0.08264462809917356,0.06837606837606838,0.017699115044247787,0.1349206349206349,0.017699115044247787,0.3575757575757576,0.04310344827586207,0.41317365269461076,0.09243697478991597,0.10833333333333334,0.008928571428571428,0.07563025210084033,0.043859649122807015,0.11382113821138211,0.02631578947368421,0.1,0.009009009009009009,0.0,0.008928571428571428,0.03508771929824561,0.0,0.07627118644067797,0.008928571428571428,0.10655737704918032,0.02631578947368421,0.05128205128205128,0.009009009009009009,0.04310344827586207,0.009009009009009009,28.798955241684933,16.582812470867665
CP005078,0.34868421052631576,0.06306306306306306,0.30344827586206896,0.09401709401709402,0.07142857142857142,0.018518518518518517,0.045454545454545456,0.0,0.23622047244094488,0.045454545454545456,0.5391705069124424,0.21052631578947367,0.09734513274336283,0.009345794392523364,0.07964601769911504,0.0,0.11965811965811966,0.018691588785046728,0.07894736842105263,0.009433962264150943,0.0,0.009345794392523364,0.009345794392523364,0.0,0.027777777777777776,0.018518518518518517,0.11016949152542373,0.018518518518518517,0.009345794392523364,0.0,0.027777777777777776,0.009345794392523364,0.26811594202898553,0.07339449541284404,0.2589928057553957,0.07079646017699115,0.05454545454545454,0.009345794392523364,0.1282051282051282,0.009345794392523364,0.3355263157894737,0.07964601769911504,0.38461538461538464,0.11965811965811966,0.14285714285714285,0.018518518518518517,0.10344827586206896,0.009433962264150943,0.1092436974789916,0.03636363636363636,0.09649122807017543,0.018691588785046728,0.027777777777777776,0.0,0.045871559633027525,0.018518518518518517,0.05405405405405406,0.009345794392523364,0.13934426229508196,0.009345794392523364,0.0625,0.009345794392523364,0.05357142857142857,0.009345794392523364,29.201043216922656,17.097756991678448
CP006682,0.3142857142857143,0.0625,0.26618705035971224,0.07964601769911504,0.06363636363636363,0.009523809523809525,0.05405405405405406,0.018691588785046728,0.24060150375939848,0.07964601769911504,0.5800865800865801,0.1532258064516129,0.06306306306306306,0.028037383177570093,0.028037383177570093,0.018691588785046728,0.12173913043478261,0.05454545454545454,0.08771929824561403,0.0,0.009433962264150943,0.027777777777777776,0.01904761904761905,0.0,0.07894736842105263,0.03669724770642202,0.1557377049180328,0.018867924528301886,0.045871559633027525,0.0,0.018691588785046728,0.0,0.1984126984126984,0.0625,0.29927007299270075,0.05454545454545454,0.10344827586206896,0.03669724770642202,0.10344827586206896,0.03669724770642202,0.22900763358778625,0.11016949152542373,0.445859872611465,0.15254237288135594,0.08928571428571429,0.0,0.09649122807017543,0.027777777777777776,0.10344827586206896,0.037037037037037035,0.08849557522123894,0.0,0.009433962264150943,0.0,0.03669724770642202,0.018867924528301886,0.05454545454545454,0.045454545454545456,0.11304347826086956,0.028037383177570093,0.046296296296296294,0.018691588785046728,0.028037383177570093,0.0,28.303982408401506,19.04743124510618
CP006720,0.2962085308056872,0.07246376811594203,0.3,0.09803921568627451,0.061946902654867256,0.030120481927710843,0.05847953216374269,0.009202453987730062,0.20051413881748073,0.06489675516224189,0.5313935681470138,0.24407582938388625,0.08357348703170028,0.029940119760479042,0.08547008547008547,0.05865102639296188,0.07246376811594203,0.021148036253776436,0.08806818181818182,0.02702702702702703,0.03880597014925373,0.0243161094224924,0.05029585798816568,0.009174311926605505,0.05865102639296188,0.021212121212121213,0.12121212121212122,0.05309734513274336,0.021212121212121213,0.009202453987730062,0.01818181818181818,0.021212121212121213,0.2981220657276995,0.06997084548104957,0.16886543535620052,0.09859154929577464,0.07204610951008646,0.05014749262536873,0.06666666666666667,0.012195121951219513,0.257985257985258,0.116991643454039,0.3870967741935484,0.1111111111111111,0.09455587392550144,0.027190332326283987,0.10112359550561797,0.02710843373493976,0.10795454545454546,0.012232415902140673,0.0641399416909621,0.03303303303303303,0.050746268656716415,0.0182370820668693,0.05571847507331378,0.0182370820668693,0.11813186813186813,0.021148036253776436,0.11452513966480447,0.030120481927710843,0.02710843373493976,0.006134969325153374,0.04747774480712166,0.02710843373493976,29.412117873085837,20.98567308354032
CP006916,0.27611940298507465,0.1,0.3825503355704698,0.07476635514018691,0.08333333333333333,0.009900990099009901,0.10091743119266056,0.02,0.12962962962962962,0.05825242718446602,0.5505050505050505,0.2125984251968504,0.029411764705882353,0.0196078431372549,0.038834951456310676,0.047619047619047616,0.10810810810810811,0.0196078431372549,0.1,0.029411764705882353,0.038461538461538464,0.009900990099009901,0.07407407407407407,0.0,0.07476635514018691,0.019801980198019802,0.10810810810810811,0.04854368932038835,0.009900990099009901,0.009900990099009901,0.08333333333333333,0.009900990099009901,0.2740740740740741,0.11607142857142858,0.2204724409448819,0.049019607843137254,0.1504424778761062,0.0660377358490566,0.08411214953271028,0.038461538461538464,0.23333333333333334,0.11711711711711711,0.31496062992125984,0.10810810810810811,0.04807692307692308,0.09259259259259259,0.13157894736842105,0.02912621359223301,0.1,0.009900990099009901,0.029411764705882353,0.0196078431372549,0.05714285714285714,0.029411764705882353,0.038461538461538464,0.0,0.10185185185185185,0.029411764705882353,0.1,0.0196078431372549,0.02912621359223301,0.02912621359223301,0.047619047619047616,0.0,31.467588359634803,24.87775858211876
CP006959,0.3463687150837989,0.05426356589147287,0.29012345679012347,0.12030075187969924,0.05384615384615385,0.008064516129032258,0.05426356589147287,0.0,0.2251655629139073,0.11029411764705882,0.53125,0.27218934911242604,0.03937007874015748,0.016129032258064516,0.046511627906976744,0.023809523809523808,0.07751937984496124,0.016,0.1111111111111111,0.031496062992125984,0.016129032258064516,0.016129032258064516,0.031746031746031744,0.0,0.06153846153846154,0.008064516129032258,0.1223021582733813,0.023809523809523808,0.0,0.008064516129032258,0.008064516129032258,0.0,0.25949367088607594,0.061068702290076333,0.3253012048192771,0.09022556390977443,0.08461538461538462,0.016129032258064516,0.06870229007633588,0.0,0.29375,0.11510791366906475,0.40860215053763443,0.16312056737588654,0.10948905109489052,0.032,0.07633587786259542,0.031746031746031744,0.046511627906976744,0.008130081300813009,0.07692307692307693,0.016,0.016,0.008064516129032258,0.031746031746031744,0.0,0.07633587786259542,0.024193548387096774,0.11194029850746269,0.016129032258064516,0.024,0.016,0.032,0.0,23.681626370126597,10.118459126547119
CP010267,0.33175355450236965,0.10559006211180125,0.3217821782178218,0.07006369426751592,0.07096774193548387,0.006756756756756757,0.058823529411764705,0.013422818791946308,0.20994475138121546,0.09433962264150944,0.5631067961165048,0.295,0.033112582781456956,0.027210884353741496,0.07096774193548387,0.02666666666666667,0.0949367088607595,0.05194805194805195,0.06493506493506493,0.013422818791946308,0.0,0.006756756756756757,0.02666666666666667,0.0,0.0949367088607595,0.045454545454545456,0.14201183431952663,0.006756756756756757,0.0,0.0,0.013422818791946308,0.0,0.2122905027932961,0.05806451612903226,0.25925925925925924,0.10365853658536585,0.07547169811320754,0.02,0.12345679012345678,0.006802721088435374,0.29850746268656714,0.10062893081761007,0.43891402714932126,0.15294117647058825,0.07692307692307693,0.03289473684210526,0.05194805194805195,0.02666666666666667,0.05228758169934641,0.013422818791946308,0.0457516339869281,0.0,0.02,0.0,0.033112582781456956,0.0,0.10559006211180125,0.03333333333333333,0.05806451612903226,0.013422818791946308,0.03289473684210526,0.006802721088435374,0.02,0.0,23.952744574833666,10.957924081668464
FR668087,0.345679012345679,0.04310344827586207,0.2777777777777778,0.1092436974789916,0.07627118644067797,0.03508771929824561,0.043859649122807015,0.008928571428571428,0.2222222222222222,0.09090909090909091,0.5591836734693878,0.3,0.035398230088495575,0.018018018018018018,0.017857142857142856,0.02631578947368421,0.08547008547008547,0.034782608695652174,0.1484375,0.034782608695652174,0.017699115044247787,0.02631578947368421,0.017699115044247787,0.0,0.043478260869565216,0.02654867256637168,0.12,0.008928571428571428,0.0,0.009009009009009009,0.008928571428571428,0.0,0.2536231884057971,0.075,0.31333333333333335,0.08333333333333333,0.08403361344537816,0.017857142857142856,0.075,0.0,0.30344827586206896,0.17054263565891473,0.39520958083832336,0.1640625,0.05982905982905983,0.04310344827586207,0.059322033898305086,0.02654867256637168,0.043478260869565216,0.03508771929824561,0.043478260869565216,0.0,0.034782608695652174,0.017699115044247787,0.017857142857142856,0.0,0.034782608695652174,0.026785714285714284,0.043478260869565216,0.03508771929824561,0.02631578947368421,0.008928571428571428,0.008928571428571428,0.0,23.66726567783947,10.706478338569857
HF559394,0.40764331210191085,0.07142857142857142,0.27972027972027974,0.08771929824561403,0.0625,0.009345794392523364,0.09401709401709402,0.009433962264150943,0.19047619047619047,0.05454545454545454,0.5860655737704918,0.16,0.05357142857142857,0.04504504504504504,0.07017543859649122,0.009345794392523364,0.04504504504504504,0.037037037037037035,0.14285714285714285,0.018518518518518517,0.027777777777777776,0.0,0.03636363636363636,0.0,0.08771929824561403,0.018691588785046728,0.14049586776859505,0.009345794392523364,0.018518518518518517,0.0,0.009345794392523364,0.009345794392523364,0.2785714285714286,0.03669724770642202,0.23015873015873015,0.061946902654867256,0.08035714285714286,0.027522935779816515,0.07079646017699115,0.0,0.2753623188405797,0.07079646017699115,0.4972067039106145,0.09482758620689655,0.08695652173913043,0.027522935779816515,0.05504587155963303,0.027522935779816515,0.07207207207207207,0.009345794392523364,0.05454545454545454,0.027522935779816515,0.018518518518518517,0.0,0.07894736842105263,0.009345794392523364,0.018518518518518517,0.009433962264150943,0.09821428571428571,0.018518518518518517,0.0,0.009345794392523364,0.009345794392523364,0.027777777777777776,25.70043972536451,15.704557654082798
LM995445,0.32367149758454106,0.05844155844155844,0.28350515463917525,0.09615384615384616,0.0457516339869281,0.026845637583892617,0.05844155844155844,0.0,0.21839080459770116,0.08860759493670886,0.5346534653465347,0.29850746268656714,0.03333333333333333,0.013605442176870748,0.05806451612903226,0.02666666666666667,0.08441558441558442,0.006802721088435374,0.12883435582822086,0.033112582781456956,0.02027027027027027,0.013513513513513514,0.026845637583892617,0.0,0.058823529411764705,0.006802721088435374,0.12727272727272726,0.013513513513513514,0.0,0.006802721088435374,0.006802721088435374,0.0,0.2459016393442623,0.05844155844155844,0.3160621761658031,0.1125,0.09032258064516129,0.013605442176870748,0.08860759493670886,0.013605442176870748,0.29533678756476683,0.12574850299401197,0.4298245614035088,0.1125,0.07643312101910828,0.03355704697986577,0.10559006211180125,0.013605442176870748,0.033112582781456956,0.013605442176870748,0.07692307692307693,0.020134228187919462,0.013513513513513514,0.006802721088435374,0.04,0.0,0.08227848101265822,0.026845637583892617,0.11728395061728394,0.013605442176870748,0.03333333333333333,0.006802721088435374,0.046357615894039736,0.006802721088435374,23.66319241359176,11.229081143387315
