Accession,F_4T5C_genes,F_TC_codons,GC,GC3
AE000657,0.045317220543806644,0.06847935548841894,43.476167301066496,47.18621732053671
AE014184,0.0549738219895288,0.05555555555555555,46.331997200483556,43.31984798362862
AE015928,0.05705285264263213,0.04993583012483958,42.83717823940185,44.58875565762742
AE016825,0.0922674635786328,0.053791557713858795,64.83374306473475,83.15720006089714
AE017282,0.08217168011738811,0.07426428629656803,63.58457295840506,77.96001192983474
AL935263,0.07961942914371557,0.04846158126078006,44.46688649939107,45.13685216456338
AM180252,0.03805774278215223,0.04024496937882765,33.2844865496402,18.680945512211654
AM236080,0.10524523160762943,0.07175295186194369,61.09037476108047,75.9558218001485
AM260479,0.08043380027112516,0.05055982326655621,66.46591142419408,85.22432239106415
AM260525,0.04954268292682927,0.056402439024390245,38.856063299022054,30.077139499859406
AM494475,0.05045871559633028,0.03809887869520897,30.5310497961732,21.365218147233982
AM711867,0.20405576679340937,0.07660892831995493,72.66422692563216,94.7975161479547
AM743169,0.130451415455241,0.057595851398452774,66.32404518043852,83.25334333965804
AM889285,0.09983810037776579,0.06931702344546381,66.43110337985524,80.11588632313429
AM902716,0.08175355450236967,0.055906617517991926,65.48282415680934,81.62050779849977
AM942759,0.11409691629955947,0.05433186490455213,38.89968663300527,30.75245291987967
AM999887,0.0948509485094851,0.052845528455284556,34.19024523509989,26.635196840406515
AP006628,0.04631217838765009,0.03640175338288546,27.75984301810356,19.896437816443562
AP006840,0.06547041707080505,0.04855049035456407,68.6684043088666,89.4912651578391
AP007255,0.1037827352085354,0.07263713762258864,65.093510400737,83.14199548369172
AP008230,0.057841383422778773,0.05065262042006228,47.35989345501921,50.59483233199998
AP008955,0.076570504179024,0.054881519427219076,47.2735528479921,49.388060253065156
AP008971,0.03820816864295125,0.03835456009369053,32.3127743623778,26.650776270876232
AP009152,0.08704188481675393,0.05082897033158813,71.16380109284755,92.56099655074152
AP009153,0.1306122448979592,0.07069160997732427,64.27436141406316,76.88042010162982
AP009178,0.051075268817204304,0.0540621266427718,39.688625407429775,36.53261266972793
AP009179,0.0718835304822566,0.0586391669194217,43.87148618201701,46.96062298295081
AP009380,0.11137440758293839,0.07012462699666491,48.359283634112224,53.05509468872864
AP009384,0.11712408194820255,0.06751707254219817,67.31902211118089,85.58033965760337
AP009389,0.030424799081515498,0.03571884168899094,52.96110399537247,62.3289097746804
AP009484,0.05968778696051423,0.04458728701152943,36.87685627905118,30.775165231510314
AP009510,0.03125,0.046440972222222224,35.20740200576095,30.40007037897882
AP009552,0.07219987296210036,0.062319147434540194,42.33063114485447,39.50931745666048
AP010904,0.06844741235392321,0.05434984232980894,62.769421550751524,77.06766538646693
AP010946,0.11438089950027762,0.06903572089579862,67.76023397993896,87.04108079465419
AP010953,0.10232997481108312,0.0614329694934229,50.68482282649143,52.79602195346696
AP010968,0.047880690737833596,0.04369440083725798,74.19750348332366,95.43552890821465
AP011112,0.042704626334519574,0.05417160933175168,44.000263892354866,46.140012543177605
AP011121,0.06782006920415225,0.05082660515186467,53.03682379505382,53.06410333113375
AP011529,0.03236797274275979,0.03388226386522809,31.118260965301925,22.211041788684792
AP011615,0.09737491586268791,0.0597312591927804,43.650355346998246,41.46555477408334
AP012027,0.06459627329192547,0.049137336093857835,36.55623983118011,28.019531441606464
AP012029,0.06594259115593483,0.06163261787776916,53.84967293987223,61.151795580452166
AP012035,0.11673414304993253,0.06635177687809267,67.5791744356647,83.28976118847989
AP012044,0.054324517512508934,0.057183702644746245,53.32115202687688,62.44762599576779
AP012046,0.03806015960712093,0.037241661551053816,36.0410813510645,27.72117933022902
AP012050,0.07855361596009976,0.04578830701025215,35.71827205908107,26.499942957190925
AP012051,0.051759834368530024,0.04623878536922015,35.37487573029511,28.8596832483386
AP012052,0.09189468249870934,0.07606263982102908,70.27840545811512,89.51635710263977
AP012057,0.12205754141238012,0.08747457134553908,67.29244721885163,85.35204110605888
AP012157,0.05283162295705055,0.04451201486549263,38.60316874875766,32.68874104181474
AP012200,0.06255355612682091,0.04341616680948301,31.427530414899095,20.912233770188518
AP012204,0.12070796460176991,0.08007866273353,67.2675393441247,83.09199829566528
AP012224,0.07511165245635404,0.057202147336130285,64.35657091688313,83.4582862067788
AP012273,0.12140077821011673,0.06874189364461739,56.27233867427217,64.736231939811
AP012292,0.048615800135043886,0.0422387275864656,50.678134821285894,58.98123748705875
AP012304,0.1074743527112848,0.06567877110134071,65.1013369765916,81.96821673440803
AP012320,0.08833333333333333,0.053580246913580244,71.24314405801177,90.89008540983318
AP012331,0.09729448491155047,0.06792692796855128,64.63092877381744,85.40830215340151
AP012333,0.06786050895381715,0.06754633993088281,58.31297660267276,73.04844261105163
AP012334,0.048574445617740235,0.054910242872228086,48.63343237690101,48.528931928920855
AP012337,0.046458492003046456,0.06334094947956334,58.76714546695322,69.23173987284495
AP012338,0.0832208726945569,0.06232818513520268,73.28780179978833,93.48250813834655
AP012342,0.09577015163607343,0.07892169903343088,50.047547643363764,52.8600203553081
AP012492,0.05091649694501019,0.04605114279248699,38.343488993942316,35.024781844645304
AP012495,0.07021687781833799,0.05652184286498223,45.7271863180528,46.68717826815462
AP012547,0.09120734908136482,0.07072032662583844,63.267412603007166,79.15080752127986
AP012551,0.09033221351250467,0.054788270913690845,56.956884178640536,67.46781189223354
AP012554,0.04222972972972973,0.03415915915915916,30.56788703419589,20.772262124659903
AP012978,0.12105263157894737,0.07056530214424951,65.05711268828249,82.31346219624776
AP013066,0.08416169648774023,0.06155658640748104,56.1040492634944,65.49436516151633
AP013105,0.04033379694019471,0.06660485241848246,63.459266396182954,82.24245014305617
AP014521,0.020050125313283207,0.021164021164021163,25.06962490771965,12.049407316897229
AP014565,0.10140845070422536,0.05669014084507042,52.155026256764614,56.21466011794846
AP014569,0.06890459363957598,0.04250098154691794,66.09057305548266,83.276143228355
AP014583,0.043431635388739946,0.0408102472445636,32.17769270144215,21.630140096119334
AP014624,0.07288187063467963,0.05044370212909539,35.59174183823627,31.217248851243838
AP014633,0.0646014355874575,0.05255425429207069,41.21047691218616,34.72579659348268
AP014648,0.07671381936887922,0.06111715632934349,62.84232476604134,77.77875657547061
AP014685,0.08437399935959014,0.07800547906215534,63.70241665075839,80.26396127928666
AP014800,0.10479175996417375,0.06259640742399362,66.82816125602547,82.54107282063603
AP014821,0.05345366192294342,0.04539318909329322,33.344810744398856,23.31407430770491
BA000012,0.0836382645060115,0.07091827844572225,62.74706437726396,78.20212561954558
BA000022,0.07672073651907059,0.05869745238443178,47.72025510218359,49.882298574919574
BA000028,0.042953020134228186,0.0395227442207308,35.681311368484145,25.853265043173003
BA000039,0.0647279549718574,0.06253908692933083,53.91792993985405,57.37820504815544
BX908798,0.05855855855855856,0.053803803803803806,34.717256203755284,27.543035134856844
CP000031,0.12578288100208768,0.06355833913245186,64.22290936690355,80.12634528985195
CP000038,0.1211085801063022,0.056272673584746476,51.009758013290465,54.86777809491924
CP000061,0.039014373716632446,0.03810175678758841,26.88626305428061,19.371994276312602
CP000083,0.06612496497618381,0.04595124684785654,38.00542695387089,30.46081482872266
CP000088,0.08744710860366714,0.061432377370318134,67.50285331947377,83.77434685436344
CP000089,0.12743461324429606,0.06566499721758487,59.24722023752395,69.83350770181697
CP000103,0.06544077879935101,0.0668229072772069,53.94264822125698,60.38097430302666
CP000109,0.09375,0.05630630630630631,43.12997222924752,41.76347489024347
CP000116,0.061241610738255035,0.05956375838926174,66.06722296893027,83.50812300707801
CP000140,0.07044264635887673,0.05267333016024116,45.05957647485263,51.05677539925933
CP000141,0.022577610536218252,0.03606146127312637,42.04970185549152,39.535416446941035
CP000153,0.05413105413105413,0.04210193099081988,34.46195676613094,25.425114861501307
CP000155,0.10446998722860792,0.06465162480488151,53.86974591515463,61.05746474959016
CP000157,0.11785714285714285,0.07261904761904762,63.068512035455406,77.17354765752737
CP000158,0.12027890761185357,0.0688230357027568,61.93028325615428,74.14299571325925
CP000232,0.03409881697981907,0.0433000850537385,55.79153707569736,64.43002637918988
CP000238,0.0584958217270195,0.04209223150727329,33.234770341914974,19.720723690425825
CP000245,0.0713809206137425,0.054258394485212365,69.99670531593956,91.31977921211823
CP000252,0.0679886685552408,0.06824047843877873,51.460038373226816,57.04670184084418
CP000264,0.08929428708593375,0.0600096015362458,62.332175460869756,75.41608957612769
CP000267,0.07611668185961713,0.054947837536716296,59.87933375732678,72.1806538037545
CP000282,0.05309410472354449,0.03767443752797103,45.82607600427956,44.5828860197993
CP000284,0.08047585724282715,0.056294222844257835,55.71908220615934,64.99896280610056
CP000285,0.09067622950819672,0.06477686703096538,63.91185638668967,79.91249954817198
CP000316,0.054762694988383674,0.058302909613895344,62.47230909815348,77.09299266599201
CP000319,0.09073284218689415,0.07849726422816768,61.713781836805225,75.70930010645063
CP000352,0.10975056689342404,0.06601158982111363,63.820295314082756,79.09870616890429
CP000360,0.06894022735606894,0.07061076478018172,58.38384331781577,71.79140257261432
CP000377,0.15096418732782368,0.06740128558310376,60.412916463861535,71.26991283602997
CP000383,0.06942647692971109,0.0474342388960759,38.84645420098899,35.52122903381832
CP000386,0.037340619307832425,0.0560615260068812,70.47658403570273,91.23163201373471
CP000387,0.06554878048780488,0.0519139566395664,43.4002181344688,42.92532747553288
CP000388,0.0814366998577525,0.0489173383910226,44.61609348747495,43.713301961934846
CP000390,0.08337236533957845,0.06390840489201145,61.06678699297397,72.55384668026387
CP000393,0.03961848862802641,0.042444498790793726,34.143356453871355,25.13635559598903
CP000411,0.06037321624588365,0.048664471276985,37.88888283571569,33.76575792724595
CP000414,0.04582210242587601,0.03973245482679445,37.71033695121066,30.33467860372307
CP000422,0.04613841524573721,0.03577398863256436,37.357828886583455,29.55305813629921
CP000448,0.03680981595092025,0.04280845262440355,44.86592341448712,46.00755658267348
CP000449,0.14643799472295516,0.0720463207270595,62.72763433646602,75.510574803482
CP000453,0.07994289793004997,0.04449202950273614,67.53125206047478,85.30676977140472
CP000471,0.07733097657976137,0.044336426572396524,54.16747800281423,59.88428780616274
CP000473,0.05517241379310345,0.06404361921603301,61.90245684170811,75.52030470556426
CP000478,0.07553191489361702,0.06666666666666667,59.94872802991272,74.24832713519152
CP000481,0.08544027898866609,0.061416254964642064,66.907355721617,78.94598173111915
CP000482,0.07567049808429119,0.06167518092805449,59.024176646706586,73.98205392137992
CP000492,0.08259773013871374,0.06578394283312317,48.35144813079669,50.67711844794025
CP000509,0.08768567321514135,0.06713517542458607,71.65195409187281,92.81406721874863
CP000510,0.08422301304863583,0.04933878124862704,40.08627514969522,35.57629688729763
CP000513,0.09375,0.05065359477124183,44.39572461942635,40.5495198271762
CP000542,0.08605003790750569,0.05757728919214893,65.27908838713583,80.90000850352706
CP000544,0.08662175168431184,0.052079991444765265,67.98172974539025,84.64422625602133
CP000554,0.09833134684147796,0.07005694609985433,50.00758571202252,48.793791829298776
CP000555,0.09612044006948466,0.06124943704561539,69.19775134482882,88.63460991790933
CP000613,0.12538093164997824,0.060465341266386106,70.46127199295242,89.54181281369318
CP000628,0.13318181818181818,0.07782828282828283,60.33744223033959,74.44371632426507
CP000655,0.08949880668257756,0.056483691328560064,44.83410434871196,40.6625825389489
CP000679,0.021908127208480566,0.03219473890851983,35.25407580106219,30.74653621379769
CP000685,0.047759433962264154,0.04353380503144654,34.11285327951776,27.034000666860624
CP000686,0.0757870190439176,0.06192511983417541,60.38734500391099,69.01942839263505
CP000724,0.05092276144907724,0.04059390901496165,36.82202449465125,30.896708831942302
CP000733,0.06354166666666666,0.05659722222222222,42.43578946783289,40.41325594154757
CP000747,0.0766852195423624,0.06459149316292173,71.34637304176034,93.5555385658818
CP000749,0.07352941176470588,0.05457516339869281,42.59406816481398,38.17101726266472
CP000750,0.053856686444545866,0.05314671129367615,74.43503011751491,94.07252668025595
CP000758,0.11713933415536375,0.0721331689272503,56.050901587193835,64.0543638555241
CP000769,0.08108108108108109,0.06412566412566413,73.53140115839552,94.22784852281781
CP000774,0.09387296233839236,0.06745362563237774,62.32809544427542,76.73750460300515
CP000781,0.09528985507246376,0.06533816425120773,67.46469253526226,86.0886474535049
CP000792,0.05570291777188329,0.038608900677866195,39.428959063005145,38.71452976076315
CP000812,0.05466970387243736,0.050366995697291826,38.69703307479551,34.41281828389921
CP000820,0.08157409305185488,0.06260390334995787,71.15359736683484,87.63143146480357
CP000828,0.07314119641559699,0.06988509458841258,47.253850255638156,46.06813062425631
CP000830,0.10499432463110102,0.05580779417328793,66.01545182795789,83.77073528789407
CP000849,0.03307607497243661,0.04961411245865491,31.628209656110613,21.417195212950954
CP000850,0.09596293845135671,0.060850062504595924,69.51852813884236,85.4082585064443
CP000859,0.06745017884517118,0.056889797308805994,56.168615578397166,68.50587537173752
CP000875,0.0764391318024536,0.05767012687427912,50.715668122094606,51.040165935922595
CP000879,0.0485207100591716,0.04299802761341223,34.12319063694373,28.420729345366375
CP000884,0.08123673840557745,0.05321477888922569,66.47625701254553,84.07911259983818
CP000910,0.08649289099526067,0.06437598736176935,56.271325568496955,60.47196550385885
CP000922,0.049639711769415534,0.057824037007383686,41.77675142074495,37.701730356453794
CP000927,0.09533201840894148,0.08031996493534956,67.46329596602476,87.70094842619467
CP000930,0.07947368421052632,0.06169590643274854,56.97519060078877,68.22634506617258
CP000934,0.10612435717625059,0.05651654459508597,51.99123885929493,56.896757627340584
CP000961,0.0886150234741784,0.05542514345331247,43.70099216514868,41.29000850485296
CP000975,0.0645446507515473,0.06267806267806268,45.482774375914076,46.05430458183938
CP000976,0.028455284552845527,0.03026196928635953,27.586044045449377,17.395862127615185
CP001013,0.12493753123438281,0.06652229440835138,68.89968087769532,89.23154843592413
CP001016,0.10556232237109216,0.07854017232823567,57.059896843113435,65.78150895109407
CP001032,0.09138301134621282,0.06794098606426113,65.3411396022395,81.9671041519464
CP001034,0.04777241009125067,0.04127154529731019,36.322296518432616,27.99392375840899
CP001037,0.061256961018297536,0.05129055069389198,41.41495802568809,35.616191944563184
CP001055,0.03389830508474576,0.024771838331160364,39.9521283650997,37.74397246495816
CP001071,0.04319180087847731,0.07035952497153083,55.76235444438689,66.1332859446021
CP001080,0.032407407407407406,0.03772290809327846,32.027444977867134,22.790509467385593
CP001087,0.08610332398878655,0.05450985627197081,48.84700915518548,52.836817820193346
CP001096,0.13857916533928002,0.08197939895932888,64.85980862601781,82.90742026528429
CP001098,0.03730797366495977,0.03560107290904657,37.88319203024189,33.786409287968056
CP001099,0.08195429472025216,0.06689431748533403,55.79611479572558,69.02420994637633
CP001100,0.05446853516657853,0.05458605088430578,45.03891960299454,47.72449961856626
CP001108,0.0753998476770754,0.06050605060506051,50.09512826298299,54.21922235352343
CP001110,0.06481481481481481,0.060699588477366256,48.077586989495195,49.49516185782046
CP001130,0.04358974358974359,0.035327635327635325,34.84701003004782,29.13169402717011
CP001145,0.045275590551181105,0.03937007874015748,44.77013317313631,44.262191729947915
CP001146,0.026871401151631478,0.04073363190445724,33.74098909839709,25.25509057695437
CP001147,0.024691358024691357,0.051440329218107,34.12890388925458,25.189125038775195
CP001154,0.10532030401737243,0.05778742912293401,62.352314953733114,74.62992883864295
CP001185,0.03333333333333333,0.039074074074074074,30.810792316194576,20.67361429565975
CP001196,0.0792300805729633,0.07157067542027255,62.39947949997183,76.77031524946466
CP001221,0.05612722170252572,0.05981706683296954,35.018341481270625,29.477380176160356
CP001230,0.08247422680412371,0.061855670103092786,37.15639771142485,31.861305464824948
CP001275,0.09722222222222222,0.07281144781144781,63.647038501132805,72.9871667891634
CP001279,0.10144927536231885,0.05728088336783989,33.507531417691254,27.10517985178629
CP001280,0.07657859381997313,0.06393989152609843,63.08336217288401,76.45252457351022
CP001281,0.09757258448357925,0.06420223174149876,68.4042033605177,88.91894428937042
CP001312,0.12747380675203726,0.05607295304617772,66.56188702841807,83.3079662100825
CP001322,0.07435064935064935,0.0534992784992785,54.484597610000684,67.75526163417368
CP001349,0.10285349233390119,0.06970471323111868,68.85724725505182,86.3187841485118
CP001364,0.08533747090768037,0.05749504353073011,56.681900568424446,60.57701687395504
CP001397,0.05182341650671785,0.0491576029004052,35.31529911368425,27.75319641027493
CP001429,0.04430379746835443,0.046413502109704644,28.210940762393367,17.793243841133254
CP001472,0.06964705882352941,0.06865359477124183,60.4970106770533,73.77791604268056
CP001560,0.12871747211895912,0.051786451879388684,56.508328874835435,64.81461270368001
CP001607,0.09422492401215805,0.05226274907125971,42.230964944326395,40.50556652796647
CP001614,0.0711757766417617,0.05400445667846376,50.89065163357059,54.15317727129128
CP001616,0.138328530259366,0.06519372398334934,49.02701933458781,49.43651106937553
CP001618,0.04764542936288089,0.06168051708217913,73.1165816375156,93.508394340234
CP001619,0.07507418397626113,0.05397296406198483,51.54499489795186,62.60272180978048
CP001628,0.09289176090468497,0.05376054568300126,72.99524968443846,94.18728425581112
CP001629,0.09448818897637795,0.06480439945006874,58.64699871178244,72.65282632279684
CP001630,0.09304556354916067,0.053210764721556086,73.70887317195238,95.64978768000415
CP001631,0.06878306878306878,0.06540270429159319,68.28933205508218,81.79973028214049
CP001632,0.03813229571984436,0.03674881106787722,39.587971334806774,37.94599582488661
CP001634,0.06571087216248507,0.052568697729988054,41.54598836032433,40.578560825197755
CP001643,0.07757644394110985,0.060148483704542594,72.04577492840924,93.44528426093845
CP001650,0.05574912891986063,0.04916763453348819,36.218453032231466,30.82374537843387
CP001673,0.051735874744724304,0.04901293396868618,42.69275481900595,45.30374804363393
CP001674,0.10342511752854265,0.05723453473621372,54.86042281266869,62.28717455029545
CP001678,0.07793696275071633,0.06271887933779051,45.23012065555781,39.00734386460533
CP001681,0.06797663303239511,0.048327137546468404,42.048886254415436,41.33641860750082
CP001682,0.044063647490820076,0.05453556371549027,50.911544290902974,49.39214993163769
CP001683,0.09656453110492108,0.07278448364799339,67.31513626217375,84.17864360783871
CP001684,0.05932686822589846,0.05641123153958294,60.211599355205216,77.75462379883919
CP001685,0.027166882276843468,0.02328589909443726,29.645686057405673,21.00358927527143
CP001686,0.06527777777777778,0.05177469135802469,71.62753355087784,91.9132132312207
CP001699,0.09804338579327945,0.05217637884588119,45.227118022356336,47.48751280015063
CP001700,0.07234363225320271,0.06070501549024533,69.7670815078113,90.08950101810333
CP001706,0.09496753246753246,0.06313131313131314,58.416683456706785,62.88361486086754
CP001707,0.08390177353342429,0.05449446718205245,43.6871005756164,41.506369295549725
CP001708,0.034346103038309116,0.04285923968883018,36.06876441464908,31.07904651251324
CP001712,0.07838745800671892,0.049396540997884784,55.29329254078098,68.05023421839718
CP001713,0.07339449541284404,0.07298674821610601,40.54987026800535,34.86316746624007
CP001721,0.050314465408805034,0.047099930118798046,45.686599019953945,41.291892809192
CP001722,0.09955947136563877,0.06265296133137543,46.82890532673874,45.2324263077635
CP001726,0.04475982532751092,0.06143862202814168,64.20459989097697,85.09596244650568
CP001734,0.07610729881472239,0.061620572537603106,57.54005161463308,68.36478032949981
CP001736,0.09955874241588528,0.06631120916835202,70.5679064337855,91.3588572632568
CP001737,0.13253882267966774,0.06925885799125235,70.91646318382362,90.53150839697254
CP001738,0.06906614785992218,0.06077965124657732,71.6420205227295,91.97339791302234
CP001739,0.03403361344537815,0.03510737628384687,33.4515920686913,27.24160062723166
CP001769,0.05794312593542869,0.04920057966882855,50.19282050444146,55.96873572319882
CP001778,0.06548788474132286,0.06170414028960198,68.13393500923839,88.09381245540217
CP001779,0.008517887563884156,0.027825099375354913,26.314554865997263,12.32694760196901
CP001785,0.04469987228607918,0.04995033347523769,59.448431527349946,72.37828352502143
CP001798,0.058394160583941604,0.05720464990537983,51.58400922482495,53.485286955641755
CP001801,0.11726384364820847,0.07066594281577995,54.71364202678709,60.740488868978716
CP001804,0.06859831599801883,0.058609872874360244,69.4833879119411,88.43233058581215
CP001807,0.05970149253731343,0.05684540261654689,64.53711118823745,80.28148464275614
CP001810,0.08194842406876791,0.04247055078000637,40.212540550758916,37.81252784449697
CP001814,0.10232558139534884,0.06754713369700449,70.86660360569266,91.04996317509303
CP001818,0.09453471196454949,0.0597406860331528,63.79256619243765,85.21930259367649
CP001819,0.049771689497716896,0.05865043125317098,71.88650620102021,93.07957665490976
CP001820,0.06759259259259259,0.040534979423868314,38.629275160847634,30.48109380943077
CP001821,0.05820721769499418,0.058853964558271896,72.48758675378917,93.35958667505398
CP001823,0.07239819004524888,0.0592544710191769,68.10279190363633,86.84567382580762
CP001825,0.07650273224043716,0.056314511232544016,48.072840582412866,49.039950164651025
CP001834,0.041897720271102896,0.04210310125282399,34.910266713469305,25.096711119872783
CP001843,0.029120198265179677,0.04460966542750929,50.837527436243604,55.38517961905614
CP001848,0.12193748239932413,0.07941424950718108,57.464697308785595,65.2958557927804
CP001851,0.10694050991501416,0.06342461441611583,57.15114056237365,65.42315991203353
CP001854,0.056906837999082145,0.05629493651522105,72.7334268541423,93.05789371916354
CP001867,0.05892428914011648,0.06596627459936813,73.98410933815462,94.15596217773754
CP001874,0.10963748894783377,0.05560467629433147,72.42917381865672,94.18718061027457
CP001875,0.1309987029831388,0.05995100158524283,53.69076617993087,59.15311209933013
CP001896,0.12852233676975944,0.07987781596029019,64.37262380054115,79.69600379969924
CP001928,0.059790732436472344,0.06294635442617505,43.780170409656044,42.1954023505676
CP001940,0.08409893992932863,0.055594817432273264,60.28630983067459,74.03243522590553
CP001958,0.06789250353606789,0.06074178846456074,66.79128951233038,83.1051939555314
CP001962,0.032388663967611336,0.04888289098815415,64.8850372187184,81.96628292578141
CP001965,0.10919970082273747,0.06673315050278401,57.54174246318486,70.31419961261645
CP001966,0.13162819713038054,0.07451306577944132,68.41297028848486,85.67817414630017
CP001968,0.07,0.05379629629629629,42.536630875053575,41.56504034691842
CP001992,0.06666666666666667,0.06447574334898279,55.41328127911744,60.74478048316092
CP001997,0.03431372549019608,0.04588779956427015,45.30685774758254,42.19687256774173
CP001998,0.09480449919657204,0.07207046360768911,53.60177947414012,60.33642787963222
CP001999,0.050049067713444556,0.042416312288736234,28.360850626598605,15.387206237033068
CP002006,0.05464071856287425,0.043662674650698605,47.685532961335895,55.794058886111884
CP002017,0.08799565453557849,0.05999155048584706,59.114130784816446,69.22860875734256
CP002018,0.12595419847328243,0.05438931297709924,61.69031954887218,72.45978262053252
CP002026,0.07906976744186046,0.07470049330514447,67.88473004222645,88.27897265025898
CP002028,0.041838538597525045,0.04079093825705493,45.8824557802963,47.40308034283177
CP002038,0.1257163323782235,0.06419134033747215,56.29633286083819,65.62455894555883
CP002039,0.12107023411371237,0.06488294314381271,63.40456378594629,81.03757687531623
CP002042,0.04314868804664723,0.053514739229024944,62.363628418098884,77.06390346716893
CP002045,0.09234234234234234,0.057307307307307306,53.133241430422814,55.033739805660026
CP002046,0.06116207951070336,0.04298335032279987,33.90002986831527,23.466456748162543
CP002047,0.06422018348623854,0.053847667077990595,70.75458902611386,89.61386741183121
CP002048,0.030279503105590064,0.04278812974465148,50.989395811950565,57.152346970982165
CP002049,0.02261904761904762,0.04424603174603175,68.13901247639092,86.71738037908737
CP002056,0.050975456261799876,0.042794210195091255,42.63513069668623,37.17490546805735
CP002084,0.0489060489060489,0.055055055055055056,55.04438159275664,64.9143046600976
CP002085,0.06087551299589603,0.04354765161878705,65.7034940481124,85.33284497865574
CP002102,0.13223684210526315,0.07814327485380117,68.42270096651546,87.4378435672643
CP002105,0.04552845528455285,0.04173441734417344,36.63129515920823,27.792427182256002
CP002106,0.045328399629972246,0.05776544351937506,64.69752852971105,83.97991500727677
CP002116,0.0746941403734707,0.06152965586320384,48.96514158879408,50.17874320552298
CP002131,0.03275705186533212,0.04165402891517541,46.820114603503896,51.908446748191295
CP002156,0.10324909747292418,0.07228239069394304,60.65609859703726,70.43873435702011
CP002157,0.0624263839811543,0.047768616673210314,36.977445412770045,32.209989610809885
CP002158,0.08098380323935213,0.05965473571952276,48.0491303157634,56.060084648837645
CP002159,0.07401696222050887,0.056797738370598816,52.754823680596594,57.67405650260274
CP002162,0.08387286639199529,0.058138774442482506,72.82213415331078,92.92320183484325
CP002171,0.022979985174203115,0.035170084836504405,34.112512528035516,27.53386588731037
CP002198,0.08869294605809129,0.059330336560627014,40.22255163651048,33.81060954169641
CP002209,0.10388970950270802,0.05421521965096559,60.21947303196726,74.59866125458424
CP002224,0.12028725314183124,0.05485737083582685,61.72374467055032,72.70388841676859
CP002271,0.04644177449168207,0.06184534812076402,67.45864534737987,84.79390248820647
CP002273,0.03867403314917127,0.04098786419228408,47.49750214689114,52.27503323979917
CP002280,0.06404833836858007,0.06122860020140987,53.687692660687745,57.15919320444134
CP002281,0.05258386219401632,0.04079782411604715,34.534494620965724,27.628289964493646
CP002287,0.08402842137781896,0.05382212611128274,65.9875561360569,84.34228057699373
CP002292,0.08580413297394429,0.06214435459718479,62.24843185985493,76.3670502292069
CP002304,0.03540519276160504,0.036629075968179034,33.16135481113169,22.76332038951294
CP002305,0.07030665669409125,0.049862877088007976,40.41362648482518,37.992539885975695
CP002339,0.06093979441997063,0.043889704682656225,43.506790224265245,40.02699928744964
CP002343,0.06196901549225387,0.06108057082569826,70.70365089596365,90.52364365277442
CP002344,0.05841708542713568,0.04194584031267448,72.48208595927298,90.15164594001295
CP002345,0.05678085405912717,0.04776057145836592,38.85666655089779,36.90686604784456
CP002347,0.047619047619047616,0.036092214663643235,35.753011699226306,31.623728921601412
CP002349,0.045812124016658955,0.04792020155277906,35.51221813052385,30.05027712289496
CP002353,0.11279751638496033,0.08589168678854778,62.444079661404686,73.5681544322742
CP002355,0.11219512195121951,0.07222222222222222,44.994259801835,46.09885495021901
CP002360,0.03650793650793651,0.038624338624338624,43.45191857580361,43.37644513416864
CP002361,0.05310880829015544,0.04087507196315487,70.02482703542627,92.225683629916
CP002364,0.11338495575221239,0.07466814159292036,58.92757515896828,71.9643941822454
CP002382,0.11800766283524904,0.06300553426990209,54.71298554422008,63.353420928571396
CP002390,0.04591368227731864,0.04132231404958678,35.445507329835344,31.35175195404921
CP002395,0.087248322147651,0.06553981274339216,59.180881385322195,71.02120927328849
CP002400,0.06033452807646356,0.05137395459976105,55.5585100725393,67.47799906657528
CP002417,0.09306637004078606,0.07077823095620649,66.47972170008927,85.93058828009994
CP002422,0.0494579945799458,0.05314664257753689,51.498769329353344,60.30832086948006
CP002432,0.06260296540362438,0.056196229178107265,56.10872507194258,66.87424598584889
CP002444,0.0463768115942029,0.057648953301127216,52.11486869899255,62.2729356661938
CP002452,0.0854978354978355,0.07275132275132275,53.911915803900946,68.33222814869386
CP002453,0.04071458246780224,0.038314176245210725,33.76617850633946,24.839353603043133
CP002455,0.0718132854578097,0.05186515060841811,35.921712449965995,30.660974563700265
CP002479,0.05995558845299778,0.056706966033390906,61.17795371438165,80.3803493560879
CP002512,0.08581436077057793,0.04738275929169099,41.88288753247277,41.028908230133354
CP002514,0.042088854247856584,0.055165843942149476,61.37353066787112,71.2925836697303
CP002521,0.08053949903660887,0.05120959109398416,68.82101430637869,88.12235027596982
CP002528,0.059710144927536235,0.04644122383252818,37.28913304540747,29.071976736729933
CP002542,0.06776638430673206,0.058849754792688364,36.494677869818496,30.773281060935545
CP002543,0.058823529411764705,0.04603580562659847,34.94858518464715,25.794333719559578
CP002544,0.07240506329113924,0.050914205344585094,43.35854115212846,45.50594221801111
CP002546,0.10544121793064562,0.07527488018043417,56.448637682336866,65.06472505094511
CP002547,0.07219402143260012,0.05132543711223914,46.350190020427156,48.834887434354
CP002548,0.03421461897356143,0.0352514256091239,27.19146803587076,21.19632291729623
CP002568,0.09245122985581,0.06427292432381491,67.21816850258045,86.10177881547655
CP002584,0.05129021981522778,0.04849385862447347,41.10174901777252,39.68411988829821
CP002593,0.08108108108108109,0.06147906147906148,73.30953216701418,93.37673601152711
CP002606,0.027777777777777776,0.03981481481481482,37.47425387888553,34.82711355754928
CP002623,0.10166358595194085,0.05709591291846375,57.20617746871345,63.89680935066454
CP002628,0.10794896957801767,0.07992585323301712,60.393461963311104,73.65026650100693
CP002629,0.07232346241457858,0.06131359149582384,52.89111833046157,61.21289535608213
CP002630,0.04596100278551532,0.04441349427421851,68.07581813061798,87.23943006005747
CP002638,0.09506449803701626,0.06122639745746868,70.8545250986818,89.50584950342642
CP002657,0.06976744186046512,0.059018087855297156,67.98318727162113,88.50981913403375
CP002663,0.0593311758360302,0.0504614647009469,56.920129621833325,64.30819043092237
CP002666,0.03339604891815616,0.04975436395944392,74.72433071501032,95.80570365173895
CP002667,0.08760207869339272,0.052627237482471334,39.876866858802494,34.517492353149684
CP002683,0.03825136612021858,0.046903460837887066,42.425450774774525,37.19907099293046
CP002690,0.04225352112676056,0.03755868544600939,33.86623061671051,27.104277667312875
CP002691,0.05934850513163766,0.050027269572115625,47.1331222886286,52.842800375082554
CP002701,0.019886363636363636,0.025883838383838384,25.439887368942856,12.037159717083258
CP002725,0.06545064377682404,0.0416070577014783,41.22960708801931,34.43784294716497
CP002738,0.07583547557840617,0.051033038179567745,51.31004907079445,57.15543575299591
CP002786,0.08214624881291548,0.06193943230980268,62.2442474469851,71.24509272505556
CP002810,0.05815602836879433,0.06067769897557131,73.8877299908699,96.07381311278519
CP002825,0.03205128205128205,0.028846153846153848,30.823216535079524,18.766457653661888
CP002831,0.050019091256204656,0.04021891307114675,46.35995689072886,49.05056982794175
CP002835,0.04941176470588235,0.05192156862745098,43.95143870016896,44.07903811635578
CP002858,0.02857142857142857,0.03139329805996473,38.29426222695412,36.61845565568697
CP002859,0.0607190412782956,0.05441633377718597,46.589687914225244,51.97370225285752
CP002874,0.02708124373119358,0.022400534938147778,27.218659714329636,16.388133435679702
CP002876,0.07424812030075188,0.058949456975772765,45.44306721600743,43.906493157602
CP002899,0.03859649122807018,0.032878492527615336,35.48314982727325,26.591811412139435
CP002901,0.096,0.06222222222222222,56.762097157979575,62.72375357586467
CP002902,0.0547945205479452,0.0589167935058346,61.52319042473099,73.99188742560379
CP002930,0.10121681415929204,0.06329891838741396,49.85902300409618,55.46027243078887
CP002955,0.05747126436781609,0.04717902486665164,38.14606753312385,35.33288954623839
CP002959,0.06902552204176333,0.05826243877287961,53.63478455251636,60.161517541701706
CP002961,0.05281090289608177,0.05050160893431762,35.69799077062489,28.614937787665134
CP002976,0.17547169811320754,0.07169811320754717,59.84126456664358,69.7509134952575
CP002985,0.08002936857562408,0.05979768314570077,56.59431242268247,61.571186231401015
CP002987,0.05835892935498026,0.041636195212325096,39.33813903708412,36.8804643334645
CP002991,0.019736842105263157,0.034082602339181284,34.341571587788536,26.148057608477504
CP002999,0.0686936936936937,0.05155155155155155,41.357976817746724,43.134497623905794
CP003051,0.08654750705550329,0.06522420821574161,65.64171047051795,81.89928994485561
CP003058,0.06319702602230483,0.054440313919867825,50.020600820415105,54.62587252011619
CP003075,0.1062874251497006,0.06841871811931692,61.36948117247937,74.20036063892825
CP003096,0.030942334739803096,0.0425066416627598,47.05763974928015,50.88311071785386
CP003108,0.05572289156626506,0.04775769745649264,42.85489148111718,40.34934465069333
CP003119,0.1141855027279813,0.07495453364510263,67.01881281631378,83.33684294829469
CP003130,0.06327958624885914,0.06632187404928507,57.90987429894653,69.29417246418967
CP003147,0.1057542768273717,0.0627613616727147,52.372878570111055,56.93904760541019
CP003153,0.08630289532293986,0.05332838406335066,65.36764049193849,84.52197831441879
CP003154,0.09704472843450479,0.0738817891373802,62.60696729227073,75.52943991028167
CP003155,0.0525224602626123,0.05551716194425248,46.19729629700798,49.70827914159189
CP003156,0.050555555555555555,0.055246913580246915,40.233501672601165,36.82732904806694
CP003171,0.0775812892184826,0.049819357292260884,61.101960229754305,76.7184051186824
CP003178,0.051879857172862844,0.044808513617587344,44.86974527778479,48.26457814326428
CP003183,0.13825275657336725,0.07134106116294411,59.03407490127308,64.34338868585253
CP003191,0.07807620237351655,0.06183635227982511,46.975954633666916,50.9564003884476
CP003198,0.045454545454545456,0.045454545454545456,47.968065904567965,52.55547500618312
CP003203,0.0689195197865718,0.061410009386888,62.31679754755363,74.7750781430733
CP003236,0.17857142857142858,0.07966121772091922,68.14500450568593,84.4415716151609
CP003255,0.10061782877316858,0.05761498479945082,60.569620689515816,78.05709970281215
CP003257,0.046742209631728045,0.04076172489770224,29.155505920703845,18.08167484599285
CP003260,0.04835164835164835,0.04481074481074481,38.87534094879894,36.052613713285616
CP003264,0.07017543859649122,0.046198830409356725,37.3414012746208,27.188392323273806
CP003273,0.03907074973600845,0.03789745394814033,45.490965042120024,47.308069100825875
CP003280,0.047150259067357515,0.05377086931491076,36.191254451211144,30.75728572378676
CP003281,0.06660412757973734,0.05321033979570565,36.813130645201646,32.51640061801929
CP003283,0.06597222222222222,0.0392554012345679,37.217626892577655,35.26099033834436
CP003313,0.09912536443148688,0.05183025591188856,40.22145367323032,33.91593885172638
CP003315,0.02064896755162242,0.023271058669288757,25.223651385964548,14.74953878545134
CP003345,0.04261986837981824,0.04387339392040113,30.671775485192416,19.626436478305532
CP003346,0.08167613636363637,0.05330650252525253,44.75369291231874,49.09175079701411
CP003349,0.0755540631296172,0.04693679576151034,37.308540121247916,31.80086765244495
CP003350,0.12979989183342347,0.0709692927107746,63.39579925726899,76.58244385578608
CP003359,0.040948275862068964,0.037835249042145594,32.455841359174556,19.639023222832357
CP003360,0.08961359276514114,0.07192229225663044,50.07753722094292,53.97771887036462
CP003364,0.11936437546193644,0.0830869672333087,62.26605778492005,76.39141400760869
CP003379,0.08441558441558442,0.06900942195059842,60.28124711880085,73.29705063907933
CP003382,0.04263565891472868,0.056895396688678344,63.9743688494036,77.97172687636252
CP003389,0.07009345794392523,0.06392061843775239,69.89692795650744,91.25518636410123
CP003390,0.0766016713091922,0.05772206747137109,44.7485983480126,41.461263474348534
CP003403,0.12945454545454546,0.06828282828282828,52.18893013202079,57.35521770207578
CP003415,0.11051752921535893,0.06466332776850306,50.36738942737129,52.601062789440704
CP003418,0.048898071625344354,0.056167737985919806,33.93312429608442,25.96296654488778
CP003422,0.07100371747211896,0.052540272614622054,58.26471788824384,73.0149247366025
CP003466,0.10475423045930701,0.06535947712418301,61.631565779389454,75.06477644447301
CP003470,0.08,0.0584418901660281,67.45425974265706,86.3215818477593
CP003488,0.10865421273351125,0.05663574363536239,41.26553885876065,36.21613814687945
CP003493,0.1371331828442438,0.0782543265613243,68.77366205619542,88.51909770935826
CP003495,0.12091254752851711,0.07325728770595691,68.70717851197536,84.48485862174228
CP003532,0.08691756272401434,0.06949422540820391,45.45110682465943,48.70776957271423
CP003546,0.06320224719101124,0.05867665418227216,43.290203096300914,44.793087709472836
CP003549,0.036859826333510544,0.03951798688640794,37.53580373912035,29.562049153826123
CP003557,0.05473098330241188,0.05359719645433931,41.328118230015995,43.84270421583452
CP003558,0.06611165523996082,0.06415279138099902,48.51682698289227,48.47886608973726
CP003563,0.10339168490153172,0.07075127644055434,62.091754151458375,75.88194164243626
CP003587,0.0637373249637856,0.062074145608669994,60.53681527923669,71.53652756508654
CP003590,0.060596446700507615,0.05985617597292724,45.19333675167948,43.03819184613699
CP003591,0.053384912959381046,0.06477541371158392,58.463087074841845,69.82877648505972
CP003592,0.06789454676778621,0.05485333654347739,46.314761799639506,49.010557632252976
CP003597,0.05327171004621747,0.052758182653585235,44.440269723892115,39.871560948498235
CP003600,0.07473391948172142,0.06121137333538999,45.727220864738676,43.78689290128597
CP003607,0.0852346104175635,0.0667240637107189,47.60109412346252,47.709045324249146
CP003620,0.05011325028312571,0.049987416635208254,40.162060248094555,32.208763169887916
CP003630,0.06427973199329984,0.06162758235622557,46.2148157756402,44.79423404576558
CP003642,0.08156827399729608,0.05918581943818537,42.302429050368666,37.745172810288594
CP003646,0.04665071770334928,0.04864433811802233,43.269437542253925,37.02533418563716
CP003653,0.06640146878824969,0.05130558955528356,35.953260418284586,23.985643983054743
CP003659,0.05371999049203708,0.052874838232575334,38.79613235861583,30.47733053154075
CP003729,0.08200354609929078,0.06530732860520094,71.29150027520464,92.30178445207268
CP003732,0.04868673926969891,0.05416755640970888,53.8840859500173,63.67257208481082
CP003742,0.08915753683415187,0.06485329303614154,55.25670834199473,61.61040805656562
CP003746,0.1092572658772874,0.051967468006219354,55.830657311811684,64.37800530082578
CP003778,0.09996785599485696,0.05739490696096289,64.71417170237184,78.94358383671744
CP003787,0.050806451612903224,0.03924731182795699,35.072108088307566,29.241376921540787
CP003788,0.10683297180043384,0.07709689081706435,69.64986386435099,87.39891311646862
CP003789,0.04499437570303712,0.04636920384951881,35.35545263079541,24.887214533849594
CP003796,0.07297830374753451,0.06486960333114179,39.078791911385224,31.939623272030076
CP003801,0.05185185185185185,0.051440329218107,32.2633351464088,24.48636938429102
CP003837,0.05892025212386955,0.045918211991108675,40.36515937093565,35.81214250047337
CP003870,0.059322033898305086,0.05067090395480226,44.30814140013351,46.157495262988064
CP003876,0.10214827295703455,0.0643545820462417,68.04707711076361,85.32207044648229
CP003879,0.03655483224837256,0.04072775830412285,34.52528927547392,28.44657148377572
CP003915,0.10315297781237835,0.057609964966913195,54.26468342264851,60.1713251164455
CP003926,0.09436133486766399,0.0698120444955888,56.24709917544409,59.82452255907001
CP003943,0.0667240637107189,0.05502941598507677,42.24716173433392,36.69614981320413
CP003944,0.10951526032315978,0.06064232994215041,42.43836564217796,35.923314884861014
CP003945,0.09969918349806618,0.07233920641741871,42.9225420358588,36.93186637312255
CP003946,0.06937799043062201,0.069833675096833,43.86736117207542,40.818778881897735
CP003947,0.050143266475644696,0.050342247691817894,34.95832258776466,25.964975607312162
CP003949,0.092660072878709,0.07166406385563075,67.37333968568285,83.46822529303743
CP003969,0.08747404844290657,0.06065359477124183,72.10183921459195,92.07888496290387
CP003984,0.06702412868632708,0.056374739350610666,53.6388552492882,56.968776763061534
CP003985,0.06776947705442903,0.06272975216411716,45.38701968841373,43.40173614008632
CP003989,0.08301240907145914,0.058764798174297535,66.49738278761228,81.4401820985169
CP004025,0.05679611650485437,0.06574973031283711,69.19217907082749,89.47126440263338
CP004083,0.11278195488721804,0.06587898317221626,48.287140676352195,49.62131716586283
CP004121,0.031066133207813602,0.027640490572945268,29.54141008539174,18.2156686061567
CP004345,0.14658925979680695,0.06181798634628823,51.139440863746884,55.679921727424365
CP004348,0.09111361079865017,0.0594925634295713,46.088907572883876,43.51092181182256
CP004349,0.0398406374501992,0.03860115095174856,30.588450210942252,19.146865379757102
CP004372,0.1281216069489685,0.0602002654119918,65.74240058462343,82.04848508420692
CP004388,0.17651632970451012,0.07158285813029204,54.85013885945151,60.8492549376389
CP004393,0.11615487316421896,0.06186025812194036,66.00825107830354,83.76106714571941
CP004856,0.09410548086866598,0.05716419625416523,42.84843123226726,42.67804120268466
CP005094,0.090393595730487,0.06374620117115114,65.6755124972747,81.5730660616583
CP005383,0.1003562945368171,0.04928741092636579,41.047341198519696,36.80591735150218
CP005384,0.08845029239766082,0.04499675113710201,40.05979163261268,33.29125144265007
CP005964,0.07780979827089338,0.04952502935211869,47.03878040354833,45.690895617986754
CP005990,0.1267361111111111,0.06886574074074074,63.857427810514835,74.88197416209238
CP005996,0.04442508710801394,0.044231513743708865,41.83728920453198,36.562331152446745
CP006265,0.07924528301886792,0.04837526205450734,42.443393892002376,39.73417289948432
CP006272,0.10896739130434782,0.07025966183574879,70.35507730263562,89.51215694099875
CP006566,0.12097855227882037,0.059949359547214774,56.195318132915915,66.54012504876987
CP006569,0.08498808578236695,0.051848910069720235,57.47393369356759,67.20460837056719
CP006587,0.04810703102761173,0.04750608849669482,61.92970059088556,81.16750941022241
CP006597,0.040098704503392965,0.045445198437178695,38.01157079598829,29.837253372870286
CP006617,0.05573080967402734,0.051407874751723336,41.644697144569584,38.16307476668408
CP006644,0.13951219512195123,0.07541102077687444,66.78083764522678,83.06973025059443
CP006650,0.13921113689095127,0.06380510440835267,63.38539938629816,76.3988145803872
CP006664,0.11335403726708075,0.05615942028985507,58.718518079405534,68.34220100354395
CP006696,0.08625,0.06138888888888889,52.10373870747615,54.0578794729741
CP006704,0.08307431477818593,0.06169351040783649,61.87228699806011,76.26836289414923
CP006734,0.0865650969529086,0.07748538011695906,68.34535801948914,86.10440429713731
CP006772,0.0728476821192053,0.04770664704439539,41.491431915386045,40.955182905046904
CP006773,0.09681274900398407,0.05644090305444887,62.36900769620497,75.5478647486731
CP006842,0.08595988538681948,0.0733046800382044,64.81654437051148,79.35615019705926
CP006866,0.08679642293529721,0.0728856157577883,47.239218821848844,48.29798861768181
CP006914,0.06460674157303371,0.04900124843945069,43.151248876847866,44.42254157393535
CP006939,0.08605495075168482,0.0646852139853695,51.86034252952444,56.881119859009765
CP006949,0.04022191400832178,0.04006780705809832,46.932018903891766,47.585229542158885
CP006955,0.09711470795214637,0.04973023692235515,41.06930896404302,34.2478526593237
CP006958,0.08376362593230063,0.053069420539300055,67.5320157568155,86.99919284055
CP007028,0.043478260869565216,0.051822573561704,45.1919315572205,48.525852618158844
CP007030,0.07207207207207207,0.0429000429000429,45.91219532987793,42.88806589585989
CP007031,0.12870699881376038,0.07216291024120206,67.8640908234527,86.23914756643725
CP007034,0.09464161447459986,0.059382973787984225,51.66991890423211,64.89434077805666
CP007035,0.06074240719910011,0.04636920384951881,45.23746722349209,48.22710674914191
CP007044,0.1032102174663445,0.055613086334522305,50.87880633717935,54.7452283465446
CP007051,0.04279279279279279,0.03453453453453453,32.07531900861388,23.53700412771709
CP007053,0.08868060562364816,0.07092312211273999,63.56910958175921,78.38258075803702
CP007062,0.02280701754385965,0.023196881091617935,26.96668687094253,12.956517015645739
CP007128,0.06485539000876424,0.05570162625377349,72.56090386060356,94.21272680715516
CP007139,0.07881269191402251,0.07028317980211532,60.8266775132355,74.70310621512984
CP007142,0.10628439038517232,0.06522508607651961,48.632781646702824,48.15526029451654
CP007152,0.09394673123486683,0.0638149044928706,57.07940505990211,66.06776145067559
CP007155,0.0899685110211426,0.06240315889438697,70.59600244092968,91.27290067194932
CP007161,0.04012713547874454,0.042025338807222,37.630336392333675,30.971596740109565
CP007201,0.07113316790736146,0.052384891094568516,40.89826304448522,38.89443801110675
CP007202,0.03425985778926956,0.03397256338432809,33.533949599060044,25.602686192336186
CP007444,0.104202254868466,0.06559617355654254,64.22549157484235,80.36732536617014
CP007445,0.06377130291368883,0.04306395455378413,33.61728247200431,23.01745556987857
CP007446,0.06415094339622641,0.04814814814814815,41.265944561226405,35.93210878747006
CP007447,0.05487480021310602,0.03770792636003078,32.76461269538065,22.837218363115827
CP007451,0.050505050505050504,0.04526748971193416,41.31110710580029,41.74007240439233
CP007481,0.06227758007117438,0.07018584420719652,41.69313030969248,40.48031791456713
CP007519,0.07293868921775898,0.059901338971106416,59.501366324693485,69.92251068083428
CP007566,0.12419190200748553,0.0598465086386148,60.81675030419831,80.13894882423114
CP008788,0.11458333333333333,0.0634469696969697,55.91356898925424,65.46873306078662
CP008796,0.040892193308550186,0.047501032631144156,36.976097548531925,31.994804723997284
CP008802,0.040776699029126215,0.04832793959007551,62.19183385773022,72.56853021012098
CP008803,0.11087975013014055,0.08080282260396784,58.73526537989287,72.73222726377944
CP008804,0.08825978351373855,0.05134610047182903,41.485378297724615,37.617035142518624
CP008876,0.04382259767687434,0.04845711603895342,42.89902979467948,39.81139382766129
CP008889,0.09671419714817112,0.07708204174416201,69.12715362488407,88.89737637006021
CP009056,0.07564191533657183,0.04718945176960444,34.11906545617566,23.464886117265397
CP009122,0.11987659762009696,0.07458008912394104,63.852976138981546,77.8523576454288
CP009129,0.05544455544455545,0.04484404484404485,39.337963397465984,32.747774802195735
CP009159,0.10988296488946683,0.05006501950585176,40.21517446048486,34.327891206690964
CP009217,0.02608695652173913,0.031025228126677403,30.772110339135217,20.76253209947903
CP009257,0.06487523992322457,0.04597995308168053,39.04102432934414,30.15086226840688
CP009291,0.14562598218962808,0.07217274896688203,63.498786030225865,78.0663982712248
CP009301,0.04823747680890538,0.03751803751803752,38.160626280072236,30.365542562313244
CP009302,0.05155746509129968,0.06265664160401002,63.56247518546403,83.53319656943042
CP009415,0.03431952662721893,0.042735042735042736,31.341301460823374,21.277411938002068
CP009416,0.06464924346629987,0.052677161342911,42.71028162297142,39.83530548533074
CP009440,0.0783289817232376,0.05337975050768785,32.409575622032754,21.4825863517748
CP009450,0.11295296838858905,0.060224449584511265,59.1055762813133,72.33070462626006
CP009460,0.1285451197053407,0.06748516472273379,56.863072615393875,68.07878806747625
CP009495,0.1216,0.0712,67.40296010338368,84.61730506030531
CP009621,0.05036894449791466,0.04370299076747585,47.34426512808975,51.92752259368553
CP009706,0.12041884816753927,0.06357516828721017,48.99027546930956,51.35022858506081
CP009761,0.01925722145804677,0.023995109277090018,28.613425002566057,17.410806851371895
CP009962,0.09614801334546558,0.05877396960199508,56.14760476071163,66.21716450862586
CP010049,0.011061946902654867,0.01966568338249754,27.355738170917643,17.029503677460873
CP010310,0.09412832929782082,0.06564433683077751,64.29510358627456,81.17188358366714
CP010311,0.08732394366197183,0.07217527386541471,57.04724152307436,67.55180398221856
CP010327,0.0683311432325887,0.041271231809996596,34.07937116047691,27.123549940749196
CP010557,0.11173184357541899,0.0630431409062694,57.46663735384941,69.14456304873171
CP010803,0.09862187769164513,0.06665709637285865,62.136990680531866,77.8443506851579
CP010812,0.1329810656098635,0.07055139683937571,47.68660014489405,48.187630250539605
CP010820,0.04608607251779058,0.046801460898377195,37.62160160155614,29.650119823560072
CP010848,0.09230769230769231,0.08195631528964863,61.482170590579855,69.55944402868448
CP010954,0.12031314379892871,0.0720139175021746,64.78577951884652,80.67182055757047
CP010978,0.05068836045056321,0.04599499374217772,39.51025272003354,32.877419508684575
CP011047,0.10736071573810492,0.055668519271609956,56.713449553506614,65.83429011834907
CP011052,0.07337180544105523,0.05331134927177796,54.34229363544384,58.664819914587355
CP011132,0.12363122571529495,0.062168844931119745,53.42132434919108,60.23980933525132
CP011144,0.07644529383659819,0.059298189732972344,70.24472469756303,91.83574093071088
CP011265,0.10049972237645752,0.07446480350422605,61.27703074231442,74.69959872193375
CP011280,0.009925558312655087,0.029500964984835953,28.43197837356716,16.524129169310495
CP011301,0.07712765957446809,0.05458037825059102,66.99219674934137,85.48284691326599
CR522870,0.07066598881545501,0.0608936338473705,46.81120389126019,46.78685577190412
CR767821,0.03784570596797671,0.033155426168526604,27.478789597422765,18.674138485802537
CU207211,0.09473175447075882,0.061650824338112885,54.294927411590145,61.30129436415914
CU207366,0.0483955812730142,0.04903851773920159,36.610762505380464,31.07975083762683
FM162591,0.07388441843452817,0.052710720962366904,42.15263441378232,36.81975898763724
FM178379,0.11837837837837838,0.05957957957957958,39.228369118524945,31.254816338978802
FO082060,0.07701661937576003,0.056253659415394314,48.74592356611492,52.42586155003232
FO117623,0.10076923076923076,0.06354700854700855,72.94799952413575,91.9446512707162
FO203355,0.12153589315525877,0.06273418660730848,54.98448319795764,61.940331818012474
FO203431,0.06818181818181818,0.06133919843597263,74.13113438628203,94.01517662195404
FO203503,0.0682649329540837,0.0487155176305928,41.44885295133328,40.78723575017433
FO538765,0.09908883826879271,0.07808149835484687,59.47292758299727,71.77968637236609
FO818637,0.08777084098420859,0.05516791120904231,44.774330728468335,41.68672780239337
FP236843,0.1301796846351302,0.061320946909505764,55.19723177692024,63.47612325971228
FP475956,0.09111488398415393,0.06407596051059548,63.668369718662085,77.31274925107616
FP476056,0.0627721335268505,0.04725044347685857,42.77961255494673,45.41348238789777
FP565814,0.06876663708961846,0.07241447303559105,66.11764172814244,82.8042930616612
FP929032,0.08080194410692589,0.05751316322397732,55.819374238205285,74.21941920187335
FP929038,0.06945917285259809,0.045304583480617416,42.42908288632823,43.118306571633816
FP929045,0.051211453744493395,0.05788056779246207,55.57136564553089,72.34881549886967
FP929047,0.03361898483849703,0.05207646671061305,60.42643309824608,87.4344736461488
FP929048,0.028985507246376812,0.03266620657925006,30.50619519642633,18.804759394940334
FP929050,0.03917995444191344,0.03745887117185523,41.463507385871054,42.52302952095524
FP929054,0.0608875128998968,0.0463822956083018,41.74945462277887,40.67013820440939
FP929056,0.05343511450381679,0.052374893977947416,56.73042843377256,83.21353855091267
FP929061,0.05304518664047151,0.03929273084479371,36.27636937088495,31.75870431037972
FP929062,0.06576305220883534,0.048862115127175365,46.35469950180782,55.6808931147055
FQ312005,0.06577777777777778,0.05669135802469136,36.74728232477176,31.156230803996035
FQ859181,0.09472880061115355,0.07529072234954588,59.17104429022804,69.05644074984822
FR872580,0.07581227436823104,0.06016847172081829,39.02885805578276,32.766354495948875
FR872582,0.07314725697786333,0.06395037963854133,41.776290621017914,37.52485635809864
HE717023,0.0545522949586155,0.05242036619011788,41.823124767505284,38.78176693885309
HE804045,0.09122502172024327,0.06156482285934936,72.19005981740804,92.45511871742411
HE956757,0.08988212180746562,0.07007203667321546,63.35480266833164,76.84116907436655
HE983995,0.07627118644067797,0.04764595103578154,36.62270467687937,29.694378249161563
HE999757,0.048060708263069137,0.04000374742364624,34.526311521755325,24.558119673318657
HF563609,0.027929155313351498,0.037693006357856496,37.5320687861883,32.345363804424146
HF571988,0.10085227272727272,0.05737058080808081,47.29985573455644,46.77191886852518
HF680312,0.07933194154488518,0.053815819995360704,46.62558847116874,44.60272517937761
HF951689,0.05306685044796692,0.05949919595681139,54.40961691004959,59.36590958805203
HG315671,0.04581580177653109,0.03984208612539608,33.27716485153783,24.49924820932333
HG322949,0.08655381667198978,0.05330210440398878,61.04793056851058,74.54066962142373
HG530068,0.10088633993743483,0.06389757849611864,62.00780052917474,84.45850343721993
HG934468,0.043327556325823226,0.04384106810449965,44.89917684561958,48.977155781453355
HG938353,0.1388888888888889,0.07623917449788097,61.48098887211212,77.01995813690445
LK028559,0.07261724659606657,0.04236006051437216,31.29013559151167,21.093615602593662
LN614827,0.06640106241699867,0.05799026117751217,38.290419156664626,30.697676770316328
LN614830,0.06906558328496808,0.05597472109369962,40.45678767672056,34.63316066954526
