Accession,F_4T5T_genes,F_TT_codons,GC,GC3
AE000657,0.14501510574018128,0.1581067472306143,43.476167301066496,47.18621732053671
AE014184,0.1099476439790576,0.11082024432809773,46.331997200483556,43.31984798362862
AE015928,0.11025551277563878,0.1080776261035274,42.83717823940185,44.58875565762742
AE016825,0.04519985057900635,0.04881085792553854,64.83374306473475,83.15720006089714
AE017282,0.05282465150403522,0.05037906578625581,63.58457295840506,77.96001192983474
AL935263,0.16474712068102154,0.10332164914037724,44.46688649939107,45.13685216456338
AM180252,0.15485564304461943,0.14275298920968213,33.2844865496402,18.680945512211654
AM236080,0.05381471389645776,0.059075083257644566,61.09037476108047,75.9558218001485
AM260479,0.03615002259376412,0.032334186875533466,66.46591142419408,85.22432239106415
AM260525,0.10518292682926829,0.13778794037940378,38.856063299022054,30.077139499859406
AM494475,0.11811926605504587,0.14105504587155962,30.5310497961732,21.365218147233982
AM711867,0.005069708491761723,0.0071116744120546405,72.66422692563216,94.7975161479547
AM743169,0.04055087987758225,0.03608773272124458,66.32404518043852,83.25334333965804
AM889285,0.02644360496492175,0.0457516339869281,66.43110337985524,80.11588632313429
AM902716,0.035545023696682464,0.04344391785150079,65.48282415680934,81.62050779849977
AM942759,0.20748898678414096,0.13656387665198239,38.89968663300527,30.75245291987967
AM999887,0.09620596205962059,0.12872628726287264,34.19024523509989,26.635196840406515
AP006628,0.21612349914236706,0.1732418524871355,27.75984301810356,19.896437816443562
AP006840,0.016488845780795344,0.022847289578618386,68.6684043088666,89.4912651578391
AP007255,0.0533462657613967,0.055286129970902036,65.093510400737,83.14199548369172
AP008230,0.08079904591532498,0.0881203206784602,47.35989345501921,50.59483233199998
AP008955,0.08115394985171205,0.08124382133549025,47.2735528479921,49.388060253065156
AP008971,0.19104084321475626,0.145952276387059,32.3127743623778,26.650776270876232
AP009152,0.015706806282722512,0.012434554973821989,71.16380109284755,92.56099655074152
AP009153,0.044897959183673466,0.03735827664399093,64.27436141406316,76.88042010162982
AP009178,0.12365591397849462,0.1400836320191159,39.688625407429775,36.53261266972793
AP009179,0.09736123748862602,0.11323425336164189,43.87148618201701,46.96062298295081
AP009380,0.08293838862559241,0.08495699490960154,48.359283634112224,53.05509468872864
AP009384,0.021260146888287593,0.03474638148004982,67.31902211118089,85.58033965760337
AP009389,0.09357060849598163,0.11015435642301313,52.96110399537247,62.3289097746804
AP009484,0.1111111111111111,0.11274359759208244,36.87685627905118,30.775165231510314
AP009510,0.103515625,0.14561631944444445,35.20740200576095,30.40007037897882
AP009552,0.12089773449078975,0.11245206671842285,42.33063114485447,39.50931745666048
AP010904,0.05909849749582638,0.05898720089037284,62.769421550751524,77.06766538646693
AP010946,0.01943364797334814,0.040224566598803135,67.76023397993896,87.04108079465419
AP010953,0.14704030226700252,0.09137979289112791,50.68482282649143,52.79602195346696
AP010968,0.004905808477237049,0.012428048142333857,74.19750348332366,95.43552890821465
AP011112,0.06405693950177936,0.11071569790431,44.000263892354866,46.140012543177605
AP011121,0.08719723183391004,0.10049980776624375,53.03682379505382,53.06410333113375
AP011529,0.16013628620102216,0.17035775127768313,31.118260965301925,22.211041788684792
AP011615,0.11397801211577294,0.08984618452870641,43.650355346998246,41.46555477408334
AP012027,0.15031055900621118,0.1551414768806073,36.55623983118011,28.019531441606464
AP012029,0.08378588052754073,0.09412981639513834,53.84967293987223,61.151795580452166
AP012035,0.03441295546558704,0.04281001649422702,67.5791744356647,83.28976118847989
AP012044,0.09399571122230164,0.08740370105631007,53.32115202687688,62.44762599576779
AP012046,0.12216083486801718,0.12638974149103063,36.0410813510645,27.72117933022902
AP012050,0.15773067331670823,0.11942366306456081,35.71827205908107,26.499942957190925
AP012051,0.15527950310559005,0.1474580170232344,35.37487573029511,28.8596832483386
AP012052,0.014971605575632421,0.0190443411919922,70.27840545811512,89.51635710263977
AP012057,0.018744551002615517,0.026639542768575025,67.29244721885163,85.35204110605888
AP012157,0.16913721018624098,0.12137336880780439,38.60316874875766,32.68874104181474
AP012200,0.17652099400171378,0.15252784918594686,31.427530414899095,20.912233770188518
AP012204,0.03008849557522124,0.027885939036381514,67.2675393441247,83.09199829566528
AP012224,0.04506699147381242,0.04497676726665764,64.35657091688313,83.4582862067788
AP012273,0.07937743190661478,0.07202766969303934,56.27233867427217,64.736231939811
AP012292,0.10803511141120864,0.09107960087028284,50.678134821285894,58.98123748705875
AP012304,0.050806057645334635,0.04385822070238289,65.1013369765916,81.96821673440803
AP012320,0.015,0.024814814814814814,71.24314405801177,90.89008540983318
AP012331,0.04526534859521332,0.040062434963579606,64.63092877381744,85.40830215340151
AP012333,0.06597549481621112,0.06953607707613363,58.31297660267276,73.04844261105163
AP012334,0.1003167898627244,0.08506394462043881,48.63343237690101,48.528931928920855
AP012337,0.04379284082254379,0.06494880257256495,58.76714546695322,69.23173987284495
AP012338,0.011695906432748537,0.019743089918528516,73.28780179978833,93.48250813834655
AP012342,0.08300079808459697,0.10463775826904319,50.047547643363764,52.8600203553081
AP012492,0.07739307535641547,0.1257071735686807,38.343488993942316,35.024781844645304
AP012495,0.1050032209576981,0.11144513635387589,45.7271863180528,46.68717826815462
AP012547,0.06758530183727034,0.05504520268299796,63.267412603007166,79.15080752127986
AP012551,0.09817095931317656,0.06623532827340219,56.956884178640536,67.46781189223354
AP012554,0.19087837837837837,0.16798048048048048,30.56788703419589,20.772262124659903
AP012978,0.042105263157894736,0.041715399610136455,65.05711268828249,82.31346219624776
AP013066,0.10404241219350563,0.0818790957955968,56.1040492634944,65.49436516151633
AP013105,0.037552155771905425,0.05856900015453562,63.459266396182954,82.24245014305617
AP014521,0.16791979949874686,0.21136173767752714,25.06962490771965,12.049407316897229
AP014565,0.11443661971830986,0.08685446009389672,52.155026256764614,56.21466011794846
AP014569,0.03975265017667844,0.045445622300745975,66.09057305548266,83.276143228355
AP014583,0.15603217158176944,0.14775096812630326,32.17769270144215,21.630140096119334
AP014624,0.16003644093531735,0.1325370314134359,35.59174183823627,31.217248851243838
AP014633,0.11371363808084624,0.11325189942492549,41.21047691218616,34.72579659348268
AP014648,0.02720348204570185,0.04479506710192238,62.84232476604134,77.77875657547061
AP014685,0.06580211335254563,0.04954281851496069,63.70241665075839,80.26396127928666
AP014800,0.01522615315718764,0.03716972682489924,66.82816125602547,82.54107282063603
AP014821,0.17875737591114196,0.14852096108604265,33.344810744398856,23.31407430770491
BA000012,0.039466806063774174,0.0540744612882616,62.74706437726396,78.20212561954558
BA000022,0.1328364752301622,0.12377612158410053,47.72025510218359,49.882298574919574
BA000028,0.12930648769574943,0.1145413870246085,35.681311368484145,25.853265043173003
BA000039,0.07598499061913697,0.08265582655826559,53.91792993985405,57.37820504815544
BX908798,0.14714714714714713,0.1569903236569903,34.717256203755284,27.543035134856844
CP000031,0.025052192066805846,0.049234516353514265,64.22290936690355,80.12634528985195
CP000038,0.1366742596810934,0.08727748249388341,51.009758013290465,54.86777809491924
CP000061,0.2299794661190965,0.1866301619895049,26.88626305428061,19.371994276312602
CP000083,0.14653964695993277,0.12390647862768905,38.00542695387089,30.46081482872266
CP000088,0.018805829807240243,0.026589353810792457,67.50285331947377,83.77434685436344
CP000089,0.10072342793544797,0.07772212947505101,59.24722023752395,69.83350770181697
CP000103,0.0730124391563007,0.07884141578030167,53.94264822125698,60.38097430302666
CP000109,0.13682432432432431,0.13044294294294295,43.12997222924752,41.76347489024347
CP000116,0.03942953020134228,0.0395227442207308,66.06722296893027,83.50812300707801
CP000140,0.11137553545930509,0.10629858797398065,45.05957647485263,51.05677539925933
CP000141,0.11571025399811853,0.14393226716839136,42.04970185549152,39.535416446941035
CP000153,0.14387464387464388,0.15115542893320671,34.46195676613094,25.425114861501307
CP000155,0.07943805874840358,0.07546473676741876,53.86974591515463,61.05746474959016
CP000157,0.05285714285714286,0.05587301587301587,63.068512035455406,77.17354765752737
CP000158,0.04997094712376525,0.05571696042352638,61.93028325615428,74.14299571325925
CP000232,0.06541405706332637,0.07647104306812032,55.79153707569736,64.43002637918988
CP000238,0.16991643454038996,0.1408232745280099,33.234770341914974,19.720723690425825
CP000245,0.02068045363575717,0.0333555703802535,69.99670531593956,91.31977921211823
CP000252,0.09121813031161473,0.09046270066100094,51.460038373226816,57.04670184084418
CP000264,0.03504560729716755,0.05131487704699419,62.332175460869756,75.41608957612769
CP000267,0.06973564266180492,0.07100172186772004,59.87933375732678,72.1806538037545
CP000282,0.1420725009154156,0.11269783148215956,45.82607600427956,44.5828860197993
CP000284,0.08117564730580826,0.0724671487442656,55.71908220615934,64.99896280610056
CP000285,0.0235655737704918,0.03568989071038251,63.91185638668967,79.91249954817198
CP000316,0.05243942914039164,0.05804476896411845,62.47230909815348,77.09299266599201
CP000319,0.04187669639395114,0.059669984059282234,61.713781836805225,75.70930010645063
CP000352,0.06394557823129252,0.04822373393801965,63.820295314082756,79.09870616890429
CP000360,0.09570957095709572,0.07061076478018172,58.38384331781577,71.79140257261432
CP000377,0.03415977961432507,0.05007652280379553,60.412916463861535,71.26991283602997
CP000383,0.1673134971970677,0.1281203583920272,38.84645420098899,35.52122903381832
CP000386,0.010018214936247723,0.032280914794575996,70.47658403570273,91.23163201373471
CP000387,0.09908536585365854,0.1182249322493225,43.4002181344688,42.92532747553288
CP000388,0.10668563300142248,0.10364311680101154,44.61609348747495,43.713301961934846
CP000390,0.04309133489461359,0.05677855841790268,61.06678699297397,72.55384668026387
CP000393,0.15358278307654682,0.13858319067416647,34.143356453871355,25.13635559598903
CP000411,0.2491767288693743,0.18746188559580437,37.88888283571569,33.76575792724595
CP000414,0.14734950584007186,0.13037835679345114,37.71033695121066,30.33467860372307
CP000422,0.1765295887662989,0.13083695531037556,37.357828886583455,29.55305813629921
CP000448,0.08404907975460123,0.09577368779822767,44.86592341448712,46.00755658267348
CP000449,0.044195250659630606,0.051011433597185574,62.72763433646602,75.510574803482
CP000453,0.027123483226266953,0.031247521611547306,67.53125206047478,85.30676977140472
CP000471,0.05877154220061865,0.07237197427210684,54.16747800281423,59.88428780616274
CP000473,0.05517241379310345,0.05755968169761273,61.90245684170811,75.52030470556426
CP000478,0.0425531914893617,0.05468873128447597,59.94872802991272,74.24832713519152
CP000481,0.020924149956408022,0.022280344860990023,66.907355721617,78.94598173111915
CP000482,0.04885057471264368,0.05885483184333759,59.024176646706586,73.98205392137992
CP000492,0.08259773013871374,0.09983186212694409,48.35144813079669,50.67711844794025
CP000509,0.006229036895064686,0.02044401852739179,71.65195409187281,92.81406721874863
CP000510,0.1376037959667853,0.11726198321690612,40.08627514969522,35.57629688729763
CP000513,0.17647058823529413,0.13868464052287582,44.39572461942635,40.5495198271762
CP000542,0.04435178165276725,0.0401819560272934,65.27908838713583,80.90000850352706
CP000544,0.021174205967276226,0.027162870281253342,67.98172974539025,84.64422625602133
CP000554,0.09654350417163289,0.09250430406568666,50.00758571202252,48.793791829298776
CP000555,0.01563404748118124,0.026700122241523516,69.19775134482882,88.63460991790933
CP000613,0.00783630822812364,0.02205775649397765,70.46127199295242,89.54181281369318
CP000628,0.060454545454545455,0.06565656565656566,60.33744223033959,74.44371632426507
CP000655,0.14200477326968974,0.1164147440997083,44.83410434871196,40.6625825389489
CP000679,0.0833922261484099,0.1347467608951708,35.25407580106219,30.74653621379769
CP000685,0.21550707547169812,0.16669942348008385,34.11285327951776,27.034000666860624
CP000686,0.03731053245239021,0.05505894545925638,60.38734500391099,69.01942839263505
CP000724,0.10116199589883801,0.10461760461760462,36.82202449465125,30.896708831942302
CP000733,0.09791666666666667,0.1,42.43578946783289,40.41325594154757
CP000747,0.021645021645021644,0.032433175290318146,71.34637304176034,93.5555385658818
CP000749,0.15036764705882352,0.12634803921568627,42.59406816481398,38.17101726266472
CP000750,0.004564125969876769,0.008266139256554592,74.43503011751491,94.07252668025595
CP000758,0.09494451294697903,0.07959994519797232,56.050901587193835,64.0543638555241
CP000769,0.006237006237006237,0.01155001155001155,73.53140115839552,94.22784852281781
CP000774,0.0387858347386172,0.06339391668228093,62.32809544427542,76.73750460300515
CP000781,0.01884057971014493,0.04045893719806763,67.46469253526226,86.0886474535049
CP000792,0.11007957559681697,0.1619510757441792,39.428959063005145,38.71452976076315
CP000812,0.13895216400911162,0.1366742596810934,38.69703307479551,34.41281828389921
CP000820,0.013937282229965157,0.01812757623374553,71.15359736683484,87.63143146480357
CP000828,0.08670380237345604,0.09827507332956595,47.253850255638156,46.06813062425631
CP000830,0.01532349602724177,0.039223105057384286,66.01545182795789,83.77073528789407
CP000849,0.1466372657111356,0.1308342521131937,31.628209656110613,21.417195212950954
CP000850,0.015552614162806089,0.01842047209353629,69.51852813884236,85.4082585064443
CP000859,0.07715891670924885,0.08874127065235905,56.168615578397166,68.50587537173752
CP000875,0.1085246932997798,0.08482751389325784,50.715668122094606,51.040165935922595
CP000879,0.14201183431952663,0.13543721236028927,34.12319063694373,28.420729345366375
CP000884,0.03849651409518036,0.043413829106463235,66.47625701254553,84.07911259983818
CP000910,0.07879146919431279,0.0635202738283307,56.271325568496955,60.47196550385885
CP000922,0.07686148919135308,0.12979272306734277,41.77675142074495,37.701730356453794
CP000927,0.03254437869822485,0.048834830886112936,67.46329596602476,87.70094842619467
CP000930,0.05157894736842105,0.06690058479532164,56.97519060078877,68.22634506617258
CP000934,0.11173445535296868,0.08815126486935744,51.99123885929493,56.896757627340584
CP000961,0.11854460093896714,0.1063510693792384,43.70099216514868,41.29000850485296
CP000975,0.08576480990274093,0.1365556537970331,45.482774375914076,46.05430458183938
CP000976,0.17886178861788618,0.18337850045167117,27.586044045449377,17.395862127615185
CP001013,0.025487256371814093,0.02798600699650175,68.89968087769532,89.23154843592413
CP001016,0.05684125050751117,0.07231470203455587,57.059896843113435,65.78150895109407
CP001032,0.029745476847592763,0.0424545981123718,65.3411396022395,81.9671041519464
CP001034,0.143317230273752,0.12679668396254548,36.322296518432616,27.99392375840899
CP001037,0.14996022275258553,0.12178467250066295,41.41495802568809,35.616191944563184
CP001055,0.18122555410691005,0.1418223960596842,39.9521283650997,37.74397246495816
CP001071,0.0849194729136164,0.10468521229868229,55.76235444438689,66.1332859446021
CP001080,0.12808641975308643,0.13220164609053497,32.027444977867134,22.790509467385593
CP001087,0.09891870244293152,0.1004316290659903,48.84700915518548,52.836817820193346
CP001096,0.051927365402994585,0.04835227071608085,64.85980862601781,82.90742026528429
CP001098,0.14923189465983908,0.13874664715922946,37.88319203024189,33.786409287968056
CP001099,0.08037825059101655,0.08965939935207075,55.79611479572558,69.02420994637633
CP001100,0.1263881544156531,0.14495563781655796,45.03891960299454,47.72449961856626
CP001108,0.0654988575780655,0.09274773631209275,50.09512826298299,54.21922235352343
CP001110,0.07208994708994709,0.1026601998824221,48.077586989495195,49.49516185782046
CP001130,0.14358974358974358,0.15954415954415954,34.84701003004782,29.13169402717011
CP001145,0.0688976377952756,0.08858267716535433,44.77013317313631,44.262191729947915
CP001146,0.15163147792706333,0.15568351460865856,33.74098909839709,25.25509057695437
CP001147,0.16049382716049382,0.15089163237311384,34.12890388925458,25.189125038775195
CP001154,0.0781758957654723,0.05603812281336711,62.352314953733114,74.62992883864295
CP001185,0.17166666666666666,0.15388888888888888,30.810792316194576,20.67361429565975
CP001196,0.03983885407341092,0.06286680592857853,62.39947949997183,76.77031524946466
CP001221,0.13704396632366697,0.17300696393306308,35.018341481270625,29.477380176160356
CP001230,0.10515463917525773,0.1445589919816724,37.15639771142485,31.861305464824948
CP001275,0.026515151515151516,0.030723905723905723,63.647038501132805,72.9871667891634
CP001279,0.2194616977225673,0.21348056130664828,33.507531417691254,27.10517985178629
CP001280,0.04120017913121361,0.05662536697019455,63.08336217288401,76.45252457351022
CP001281,0.03569728700618753,0.02977418160664234,68.4042033605177,88.91894428937042
CP001312,0.02619324796274738,0.04527228042943992,66.56188702841807,83.3079662100825
CP001322,0.10584415584415584,0.09816017316017316,54.484597610000684,67.75526163417368
CP001349,0.01788756388415673,0.030191179254211623,68.85724725505182,86.3187841485118
CP001364,0.04809930178432894,0.056805447806223604,56.681900568424446,60.57701687395504
CP001397,0.17322456813819578,0.15845596075922372,35.31529911368425,27.75319641027493
CP001429,0.21518987341772153,0.19057665260196907,28.210940762393367,17.793243841133254
CP001472,0.059294117647058824,0.057934640522875815,60.4970106770533,73.77791604268056
CP001560,0.10269516728624535,0.06428128872366791,56.508328874835435,64.81461270368001
CP001607,0.18693009118541035,0.12470449172576832,42.230964944326395,40.50556652796647
CP001614,0.09870232009437672,0.0896578843885175,50.89065163357059,54.15317727129128
CP001616,0.16887608069164264,0.09715017611271214,49.02701933458781,49.43651106937553
CP001618,0.00221606648199446,0.01077254539858418,73.1165816375156,93.508394340234
CP001619,0.09970326409495549,0.10049455984174085,51.54499489795186,62.60272180978048
CP001628,0.0032310177705977385,0.011488063184347514,72.99524968443846,94.18728425581112
CP001629,0.06974128233970754,0.07836520434945632,58.64699871178244,72.65282632279684
CP001630,0.007434052757793765,0.015667466027178258,73.70887317195238,95.64978768000415
CP001631,0.009259259259259259,0.016166960611405056,68.28933205508218,81.79973028214049
CP001632,0.12607003891050583,0.12010376134889754,39.587971334806774,37.94599582488661
CP001634,0.11469534050179211,0.10540289393335989,41.54598836032433,40.578560825197755
CP001643,0.003963759909399773,0.007298351579212281,72.04577492840924,93.44528426093845
CP001650,0.14982578397212543,0.14185056136275648,36.218453032231466,30.82374537843387
CP001673,0.12661674608577264,0.127373118523561,42.69275481900595,45.30374804363393
CP001674,0.08730691739422432,0.07984478770241027,54.86042281266869,62.28717455029545
CP001678,0.12206303724928366,0.1151862464183381,45.23012065555781,39.00734386460533
CP001681,0.1412639405204461,0.1340060187643831,42.048886254415436,41.33641860750082
CP001682,0.06731946144430845,0.07779137766897865,50.911544290902974,49.39214993163769
CP001683,0.017177344475394613,0.02847415660786134,67.31513626217375,84.17864360783871
CP001684,0.045636052481460354,0.05717183241427394,60.211599355205216,77.75462379883919
CP001685,0.19210866752910738,0.16515739542906424,29.645686057405673,21.00358927527143
CP001686,0.008333333333333333,0.01242283950617284,71.62753355087784,91.9132132312207
CP001699,0.10484900042535092,0.10707027742331868,45.227118022356336,47.48751280015063
CP001700,0.020346646571213264,0.025223980574395042,69.7670815078113,90.08950101810333
CP001706,0.03571428571428571,0.04049422799422799,58.416683456706785,62.88361486086754
CP001707,0.14188267394270124,0.11361224799151129,43.6871005756164,41.506369295549725
CP001708,0.09114927344782034,0.10788199031263761,36.06876441464908,31.07904651251324
CP001712,0.09630459126539753,0.0846708971009083,55.29329254078098,68.05023421839718
CP001713,0.13027522935779817,0.14067278287461774,40.54987026800535,34.86316746624007
CP001721,0.09811320754716982,0.12103424178895877,45.686599019953945,41.291892809192
CP001722,0.13656387665198239,0.13832599118942732,46.82890532673874,45.2324263077635
CP001726,0.023471615720524017,0.04336487142163998,64.20459989097697,85.09596244650568
CP001734,0.08172177167810356,0.06744298884036876,57.54005161463308,68.36478032949981
CP001736,0.018753447324875896,0.021112949684378254,70.5679064337855,91.3588572632568
CP001737,0.01805706031058144,0.018378074716102887,70.91646318382362,90.53150839697254
CP001738,0.011024643320363165,0.028894653408272086,71.6420205227295,91.97339791302234
CP001739,0.12478991596638656,0.12684407096171801,33.4515920686913,27.24160062723166
CP001769,0.10006414368184734,0.09372104625472169,50.19282050444146,55.96873572319882
CP001778,0.02226588081204977,0.030269955613767007,68.13393500923839,88.09381245540217
CP001779,0.11584327086882454,0.13704334658338066,26.314554865997263,12.32694760196901
CP001785,0.0561941251596424,0.08670356179934724,59.448431527349946,72.37828352502143
CP001798,0.07737226277372262,0.09364693160313599,51.58400922482495,53.485286955641755
CP001801,0.11563517915309446,0.08966702859211002,54.71364202678709,60.740488868978716
CP001804,0.01634472511144131,0.02113257388145947,69.4833879119411,88.43233058581215
CP001807,0.03648424543946932,0.06513727658006264,64.53711118823745,80.28148464275614
CP001810,0.13753581661891118,0.11041069723018147,40.212540550758916,37.81252784449697
CP001814,0.012747631352282515,0.01950425878074457,70.86660360569266,91.04996317509303
CP001818,0.04431314623338257,0.063187264073527,63.79256619243765,85.21930259367649
CP001819,0.00410958904109589,0.006494165398274987,71.88650620102021,93.07957665490976
CP001820,0.1685185185185185,0.11656378600823045,38.629275160847634,30.48109380943077
CP001821,0.00989522700814901,0.016362695640926142,72.48758675378917,93.35958667505398
CP001823,0.012281835811247576,0.019751490339725633,68.10279190363633,86.84567382580762
CP001825,0.09699453551912568,0.08378870673952642,48.072840582412866,49.039950164651025
CP001834,0.15403573629081946,0.14006982953378516,34.910266713469305,25.096711119872783
CP001843,0.0687732342007435,0.10346964064436183,50.837527436243604,55.38517961905614
CP001848,0.09208673613066742,0.06840013767639788,57.464697308785595,65.2958557927804
CP001851,0.08356940509915015,0.07932011331444759,57.15114056237365,65.42315991203353
CP001854,0.010555300596603947,0.018204069144867677,72.7334268541423,93.05789371916354
CP001867,0.005823912298732443,0.010505881009478132,73.98410933815462,94.15596217773754
CP001874,0.006631299734748011,0.014392376461341979,72.42917381865672,94.18718061027457
CP001875,0.10116731517509728,0.07172022865926887,53.69076617993087,59.15311209933013
CP001896,0.03505154639175258,0.04207712867506682,64.37262380054115,79.69600379969924
CP001928,0.10911808669656203,0.13652217239661185,43.780170409656044,42.1954023505676
CP001940,0.057950530035335686,0.07341970946211229,60.28630983067459,74.03243522590553
CP001958,0.031117397454031116,0.03638220964953638,66.79128951233038,83.1051939555314
CP001962,0.020242914979757085,0.04918278602489129,64.8850372187184,81.96628292578141
CP001965,0.07778608825729244,0.0683952464057176,57.54174246318486,70.31419961261645
CP001966,0.03056768558951965,0.030221113190545504,68.41297028848486,85.67817414630017
CP001968,0.125,0.11240740740740741,42.536630875053575,41.56504034691842
CP001992,0.07981220657276995,0.07845592070944184,55.41328127911744,60.74478048316092
CP001997,0.08946078431372549,0.10130718954248366,45.30685774758254,42.19687256774173
CP001998,0.1001606855918586,0.0806403618401476,53.60177947414012,60.33642787963222
CP001999,0.16290480863591755,0.17446298113619016,28.360850626598605,15.387206237033068
CP002006,0.11826347305389222,0.11161011310711909,47.685532961335895,55.794058886111884
CP002017,0.03639326453014666,0.048343291689299295,59.114130784816446,69.22860875734256
CP002018,0.05152671755725191,0.06605173876166243,61.69031954887218,72.45978262053252
CP002026,0.023678646934460888,0.03749119097956307,67.88473004222645,88.27897265025898
CP002028,0.09546258102533883,0.11130753617494926,45.8824557802963,47.40308034283177
CP002038,0.10458452722063037,0.07497612225405921,56.29633286083819,65.62455894555883
CP002039,0.05618729096989967,0.04585655890003716,63.40456378594629,81.03757687531623
CP002042,0.030903790087463558,0.052931648850016194,62.363628418098884,77.06390346716893
CP002045,0.06756756756756757,0.07707707707707707,53.133241430422814,55.033739805660026
CP002046,0.16972477064220184,0.15231056744818214,33.90002986831527,23.466456748162543
CP002047,0.012393368742958313,0.01965413022873187,70.75458902611386,89.61386741183121
CP002048,0.07841614906832298,0.08583505866114562,50.989395811950565,57.152346970982165
CP002049,0.004761904761904762,0.03148148148148148,68.13901247639092,86.71738037908737
CP002056,0.15040906230333542,0.13034053562687925,42.63513069668623,37.17490546805735
CP002084,0.10038610038610038,0.08751608751608751,55.04438159275664,64.9143046600976
CP002085,0.036935704514363885,0.052363581091351266,65.7034940481124,85.33284497865574
CP002102,0.021710526315789475,0.03559941520467836,68.42270096651546,87.4378435672643
CP002105,0.18048780487804877,0.14065040650406505,36.63129515920823,27.792427182256002
CP002106,0.01757631822386679,0.027135368485969782,64.69752852971105,83.97991500727677
CP002116,0.08692852543464263,0.09737425770909351,48.96514158879408,50.17874320552298
CP002131,0.08553230209281165,0.10767364270548983,46.820114603503896,51.908446748191295
CP002156,0.03032490974729242,0.052948255114320095,60.65609859703726,70.43873435702011
CP002157,0.14428739693757361,0.1372856955895825,36.977445412770045,32.209989610809885
CP002158,0.17096580683863227,0.12130907151902953,48.0491303157634,56.060084648837645
CP002159,0.12413261372397841,0.09757560181615695,52.754823680596594,57.67405650260274
CP002162,0.008534432018834609,0.01899810345955137,72.82213415331078,92.92320183484325
CP002171,0.13862120088954782,0.1509760316283667,34.112512528035516,27.53386588731037
CP002198,0.13174273858921162,0.1277374366067312,40.22255163651048,33.81060954169641
CP002209,0.05711472181191531,0.05104217955030363,60.21947303196726,74.59866125458424
CP002224,0.05026929982046679,0.06403351286654697,61.72374467055032,72.70388841676859
CP002271,0.02541589648798521,0.035736290819470114,67.45864534737987,84.79390248820647
CP002273,0.07479813004674883,0.09430042026727109,47.49750214689114,52.27503323979917
CP002280,0.07250755287009064,0.07405169519973145,53.687692660687745,57.15919320444134
CP002281,0.13327289211242066,0.1492898156542762,34.534494620965724,27.628289964493646
CP002287,0.03768921841210998,0.04163663199807778,65.9875561360569,84.34228057699373
CP002292,0.048966756513926325,0.05680343416192473,62.24843185985493,76.3670502292069
CP002304,0.17859952793076317,0.15770609318996415,33.16135481113169,22.76332038951294
CP002305,0.13986537023186238,0.13745533117260866,40.41362648482518,37.992539885975695
CP002339,0.11380323054331865,0.10850057105563714,43.506790224265245,40.02699928744964
CP002343,0.008995502248875561,0.015270142706424565,70.70365089596365,90.52364365277442
CP002344,0.009422110552763818,0.015633724176437745,72.48208595927298,90.15164594001295
CP002345,0.15626466447677148,0.12524114917357526,38.85666655089779,36.90686604784456
CP002347,0.1326530612244898,0.14606953892668179,35.753011699226306,31.623728921601412
CP002349,0.17908375751966682,0.14499460126484653,35.51221813052385,30.05027712289496
CP002353,0.05070714039323905,0.0477942585565904,62.444079661404686,73.5681544322742
CP002355,0.14512195121951219,0.14579945799457994,44.994259801835,46.09885495021901
CP002360,0.0873015873015873,0.10326278659611993,43.45191857580361,43.37644513416864
CP002361,0.022020725388601035,0.037996545768566495,70.02482703542627,92.225683629916
CP002364,0.06415929203539823,0.06796951819075712,58.92757515896828,71.9643941822454
CP002382,0.11187739463601533,0.09382716049382717,54.71298554422008,63.353420928571396
CP002390,0.10192837465564739,0.11906948270584634,35.445507329835344,31.35175195404921
CP002395,0.06487695749440715,0.07655978125776783,59.180881385322195,71.02120927328849
CP002400,0.06750298685782556,0.08489313686446302,55.5585100725393,67.47799906657528
CP002417,0.04004449388209121,0.051126766365920985,66.47972170008927,85.93058828009994
CP002422,0.11585365853658537,0.08009635651912074,51.498769329353344,60.30832086948006
CP002432,0.07084019769357495,0.07486728903532858,56.10872507194258,66.87424598584889
CP002444,0.10434782608695652,0.11561996779388084,52.11486869899255,62.2729356661938
CP002452,0.06493506493506493,0.09307359307359307,53.911915803900946,68.33222814869386
CP002453,0.14624013294557542,0.13825416608964594,33.76617850633946,24.839353603043133
CP002455,0.16786355475763015,0.14193097945342112,35.921712449965995,30.660974563700265
CP002479,0.04330125832716506,0.05761164569454725,61.17795371438165,80.3803493560879
CP002512,0.11558669001751314,0.1036193812025686,41.88288753247277,41.028908230133354
CP002514,0.03195635229929852,0.05300077942322681,61.37353066787112,71.2925836697303
CP002521,0.026204238921001925,0.035367159066581035,68.82101430637869,88.12235027596982
CP002528,0.14492753623188406,0.13752012882447665,37.28913304540747,29.071976736729933
CP002542,0.1676326348640214,0.13736563134690644,36.494677869818496,30.773281060935545
CP002543,0.1585677749360614,0.15799943165672065,34.94858518464715,25.794333719559578
CP002544,0.11240506329113924,0.1158931082981716,43.35854115212846,45.50594221801111
CP002546,0.07640259374118974,0.06963631237665632,56.448637682336866,65.06472505094511
CP002547,0.08629441624365482,0.09663470577176161,46.350190020427156,48.834887434354
CP002548,0.22706065318818042,0.1942284430620356,27.19146803587076,21.19632291729623
CP002568,0.017811704834605598,0.0317123739515597,67.21816850258045,86.10177881547655
CP002584,0.13061484549219496,0.12119924958408552,41.10174901777252,39.68411988829821
CP002593,0.008613008613008613,0.010626010626010625,73.30953216701418,93.37673601152711
CP002606,0.125,0.14537037037037037,37.47425387888553,34.82711355754928
CP002623,0.04713493530499076,0.0661840213596221,57.20617746871345,63.89680935066454
CP002628,0.02551521099116781,0.038381855849961836,60.393461963311104,73.65026650100693
CP002629,0.0734624145785877,0.08535813718046065,52.89111833046157,61.21289535608213
CP002630,0.006963788300835654,0.03977096874032807,68.07581813061798,87.23943006005747
CP002638,0.013180033651149748,0.02159282108805384,70.8545250986818,89.50584950342642
CP002657,0.059534883720930236,0.05136950904392765,67.98318727162113,88.50981913403375
CP002663,0.06364617044228695,0.07083782811938152,56.920129621833325,64.30819043092237
CP002666,0.00047036688617121356,0.004546879899655064,74.72433071501032,95.80570365173895
CP002667,0.214550853749072,0.14138414583848882,39.876866858802494,34.517492353149684
CP002683,0.16256830601092895,0.1508803885853066,42.425450774774525,37.19907099293046
CP002690,0.18466353677621283,0.18796731003303774,33.86623061671051,27.104277667312875
CP002691,0.10776439089692101,0.12298577024145967,47.1331222886286,52.842800375082554
CP002701,0.23863636363636365,0.21306818181818182,25.439887368942856,12.037159717083258
CP002725,0.19098712446351931,0.13698140200286124,41.22960708801931,34.43784294716497
CP002738,0.0921165381319623,0.09483004855755499,51.31004907079445,57.15543575299591
CP002786,0.05080721747388414,0.04131054131054131,62.2442474469851,71.24509272505556
CP002810,0.009219858156028368,0.01355397951142632,73.8877299908699,96.07381311278519
CP002825,0.17756410256410257,0.16011396011396012,30.823216535079524,18.766457653661888
CP002831,0.11836578846888125,0.11548088753128845,46.35995689072886,49.05056982794175
CP002835,0.07905882352941176,0.1111111111111111,43.95143870016896,44.07903811635578
CP002858,0.1523809523809524,0.14250440917107585,38.29426222695412,36.61845565568697
CP002859,0.11158455392809587,0.11522414558366623,46.589687914225244,51.97370225285752
CP002874,0.275827482447342,0.18388498829822802,27.218659714329636,16.388133435679702
CP002876,0.14097744360902256,0.11319966583124477,45.44306721600743,43.906493157602
CP002899,0.20350877192982456,0.15048732943469786,35.48314982727325,26.591811412139435
CP002901,0.04742857142857143,0.06241269841269841,56.762097157979575,62.72375357586467
CP002902,0.030821917808219176,0.0452181633688483,61.52319042473099,73.99188742560379
CP002930,0.13163716814159293,0.10582595870206489,49.85902300409618,55.46027243078887
CP002955,0.15855307640297497,0.1442791676057396,38.14606753312385,35.33288954623839
CP002959,0.08352668213457076,0.08043310131477185,53.63478455251636,60.161517541701706
CP002961,0.20783645655877342,0.14927124739731212,35.69799077062489,28.614937787665134
CP002976,0.04245283018867924,0.05015723270440252,59.84126456664358,69.7509134952575
CP002985,0.07268722466960352,0.07456355033447544,56.59431242268247,61.571186231401015
CP002987,0.12110574813514699,0.11593778947881625,39.33813903708412,36.8804643334645
CP002991,0.11430921052631579,0.14820906432748537,34.341571587788536,26.148057608477504
CP002999,0.13851351351351351,0.13125625625625625,41.357976817746724,43.134497623905794
CP003051,0.023518344308560677,0.03768161388104944,65.64171047051795,81.89928994485561
CP003058,0.0795539033457249,0.07707558859975217,50.020600820415105,54.62587252011619
CP003075,0.0499001996007984,0.06287425149700598,61.36948117247937,74.20036063892825
CP003096,0.10407876230661041,0.10173464603844351,47.05763974928015,50.88311071785386
CP003108,0.10692771084337349,0.10625836680053548,42.85489148111718,40.34934465069333
CP003119,0.021044427123928292,0.02550446003290898,67.01881281631378,83.33684294829469
CP003130,0.07118953452996654,0.07690227495521076,57.90987429894653,69.29417246418967
CP003147,0.07060653188180405,0.08512182477967858,52.372878570111055,56.93904760541019
CP003153,0.045657015590200446,0.04503835684236575,65.36764049193849,84.52197831441879
CP003154,0.07228434504792332,0.05706425275115371,62.60696729227073,75.52943991028167
CP003155,0.10297166551485833,0.11464332335099439,46.19729629700798,49.70827914159189
CP003156,0.135,0.13950617283950617,40.233501672601165,36.82732904806694
CP003171,0.04107244723331432,0.061101603600177475,61.101960229754305,76.7184051186824
CP003178,0.13652593992858644,0.10852061891759435,44.86974527778479,48.26457814326428
CP003183,0.0737913486005089,0.07171802846103101,59.03407490127308,64.34338868585253
CP003191,0.08619612742036227,0.10437920743979458,46.975954633666916,50.9564003884476
CP003198,0.08051948051948052,0.1,47.968065904567965,52.55547500618312
CP003203,0.04357492218763895,0.049108245640037546,62.31679754755363,74.7750781430733
CP003236,0.014925373134328358,0.029613835583984838,68.14500450568593,84.4415716151609
CP003255,0.040158870255957636,0.05511424928900657,60.569620689515816,78.05709970281215
CP003257,0.1388101983002833,0.14085615360402895,29.155505920703845,18.08167484599285
CP003260,0.13516483516483516,0.1072039072039072,38.87534094879894,36.052613713285616
CP003264,0.24035087719298245,0.16744639376218323,37.3414012746208,27.188392323273806
CP003273,0.11334037310806054,0.10962493644647815,45.490965042120024,47.308069100825875
CP003280,0.18238341968911917,0.15400115141047785,36.191254451211144,30.75728572378676
CP003281,0.1669793621013133,0.1462893475088597,36.813130645201646,32.51640061801929
CP003283,0.1875,0.17737268518518517,37.217626892577655,35.26099033834436
CP003313,0.15962099125364432,0.11532231940395206,40.22145367323032,33.91593885172638
CP003315,0.20353982300884957,0.2232055063913471,25.223651385964548,14.74953878545134
CP003345,0.1921027890943278,0.16731083951391065,30.671775485192416,19.626436478305532
CP003346,0.10369318181818182,0.11083491161616162,44.75369291231874,49.09175079701411
CP003349,0.1776359973136333,0.1341690918588165,37.308540121247916,31.80086765244495
CP003350,0.042725797728501894,0.034553211946397454,63.39579925726899,76.58244385578608
CP003359,0.1939655172413793,0.14455619412515963,32.455841359174556,19.639023222832357
CP003360,0.08111811455193203,0.0878779574312597,50.07753722094292,53.97771887036462
CP003364,0.061899482631189946,0.060503408064383674,62.26605778492005,76.39141400760869
CP003379,0.06760886172650879,0.05466428995840761,60.28124711880085,73.29705063907933
CP003382,0.02885443583118002,0.04253995597664848,63.9743688494036,77.97172687636252
CP003389,0.023104880581516097,0.030518056997807776,69.89692795650744,91.25518636410123
CP003390,0.1309192200557103,0.11645001547508511,44.7485983480126,41.461263474348534
CP003403,0.1450909090909091,0.09721212121212121,52.18893013202079,57.35521770207578
CP003415,0.11953255425709516,0.0915971062882582,50.36738942737129,52.601062789440704
CP003418,0.2024793388429752,0.1657483930211203,33.93312429608442,25.96296654488778
CP003422,0.050929368029739776,0.055287071458075175,58.26471788824384,73.0149247366025
CP003466,0.057211925866236905,0.055600322320709106,61.631565779389454,75.06477644447301
CP003470,0.03218390804597701,0.034840357598978286,67.45425974265706,86.3215818477593
CP003488,0.18680899733130005,0.12110814588893125,41.26553885876065,36.21613814687945
CP003493,0.02144469525959368,0.01981439678956609,68.77366205619542,88.51909770935826
CP003495,0.025095057034220533,0.03244613434727503,68.70717851197536,84.48485862174228
CP003532,0.11648745519713262,0.09956192751891677,45.45110682465943,48.70776957271423
CP003546,0.09269662921348315,0.09784644194756555,43.290203096300914,44.793087709472836
CP003549,0.18288144603934078,0.1368263532006222,37.53580373912035,29.562049153826123
CP003557,0.1901669758812616,0.15110286538857967,41.328118230015995,43.84270421583452
CP003558,0.09647404505386875,0.10039177277179236,48.51682698289227,48.47886608973726
CP003563,0.036925601750547044,0.049933138828106,62.091754151458375,75.88194164243626
CP003587,0.045871559633027525,0.0636836740168464,60.53681527923669,71.53652756508654
CP003590,0.11516497461928935,0.11357868020304568,45.19333675167948,43.03819184613699
CP003591,0.055705996131528046,0.07388781431334623,58.463087074841845,69.82877648505972
CP003592,0.16756951968219574,0.1214638256891778,46.314761799639506,49.010557632252976
CP003597,0.12551690586232062,0.09746209357009648,44.440269723892115,39.871560948498235
CP003600,0.12054604349838038,0.1036557149467839,45.727220864738676,43.78689290128597
CP003607,0.09492036160137753,0.09152436982828718,47.60109412346252,47.709045324249146
CP003620,0.13618346545866364,0.12382030955077387,40.162060248094555,32.208763169887916
CP003630,0.09840871021775545,0.09566350269867858,46.2148157756402,44.79423404576558
CP003642,0.122803064443443,0.11441590305943618,42.302429050368666,37.745172810288594
CP003646,0.12320574162679426,0.10522993088782562,43.269437542253925,37.02533418563716
CP003653,0.200734394124847,0.155140758873929,35.953260418284586,23.985643983054743
CP003659,0.1618730686950321,0.12172833637059927,38.79613235861583,30.47733053154075
CP003729,0.02304964539007092,0.030117218282111897,71.29150027520464,92.30178445207268
CP003732,0.06854580397181294,0.08470353761833582,53.8840859500173,63.67257208481082
CP003742,0.048734416320362677,0.06661629517692985,55.25670834199473,61.61040805656562
CP003746,0.10979547900968784,0.07624686042339433,55.830657311811684,64.37800530082578
CP003778,0.03696560591449695,0.0377156327011679,64.71417170237184,78.94358383671744
CP003787,0.12983870967741937,0.14310035842293906,35.072108088307566,29.241376921540787
CP003788,0.008405639913232104,0.021240057845263918,69.64986386435099,87.39891311646862
CP003789,0.12710911136107986,0.15685539307586552,35.35545263079541,24.887214533849594
CP003796,0.1341222879684418,0.13806706114398423,39.078791911385224,31.939623272030076
CP003801,0.2111111111111111,0.1991769547325103,32.2633351464088,24.48636938429102
CP003837,0.11098931214031242,0.11196370390670199,40.36515937093565,35.81214250047337
CP003870,0.08527542372881355,0.10675612052730697,44.30814140013351,46.157495262988064
CP003876,0.030328559393428812,0.03173265936534681,68.04707711076361,85.32207044648229
CP003879,0.13370055082623936,0.1389306181494464,34.52528927547392,28.44657148377572
CP003915,0.09536784741144415,0.07067168375070282,54.26468342264851,60.1713251164455
CP003926,0.07019562715765247,0.08099987213911264,56.24709917544409,59.82452255907001
CP003943,0.12333189840723202,0.10690199454728082,42.24716173433392,36.69614981320413
CP003944,0.16292639138240575,0.11330540594454419,42.43836564217796,35.923314884861014
CP003945,0.15470562956596476,0.11836890607840328,42.9225420358588,36.93186637312255
CP003946,0.11825017088174983,0.1288828130933394,43.86736117207542,40.818778881897735
CP003947,0.17478510028653296,0.14533588029290034,34.95832258776466,25.964975607312162
CP003949,0.028891202498698594,0.03117589218578287,67.37333968568285,83.46822529303743
CP003969,0.010380622837370242,0.014071510957324106,72.10183921459195,92.07888496290387
CP003984,0.054959785522788206,0.07462019660411082,53.6388552492882,56.968776763061534
CP003985,0.10512273212379936,0.10779082177161152,45.38701968841373,43.40173614008632
CP003989,0.029525032092426188,0.02981029810298103,66.49738278761228,81.4401820985169
CP004025,0.0220873786407767,0.026024811218985977,69.19217907082749,89.47126440263338
CP004083,0.16469745793054064,0.10502446592672157,48.287140676352195,49.62131716586283
CP004121,0.15038832666509766,0.13480296017363563,29.54141008539174,18.2156686061567
CP004345,0.15432994678277698,0.0936408106219427,51.139440863746884,55.679921727424365
CP004348,0.16197975253093364,0.11648543932008498,46.088907572883876,43.51092181182256
CP004349,0.17689243027888446,0.16671093404161133,30.588450210942252,19.146865379757102
CP004372,0.014657980456026058,0.03655446977922548,65.74240058462343,82.04848508420692
CP004388,0.10653188180404355,0.0844997407983411,54.85013885945151,60.8492549376389
CP004393,0.017356475300400534,0.03693813974187806,66.00825107830354,83.76106714571941
CP004856,0.09513960703205791,0.1011720096518442,42.84843123226726,42.67804120268466
CP005094,0.03168779186124083,0.038840708620561853,65.6755124972747,81.5730660616583
CP005383,0.20665083135391923,0.13328054895750857,41.047341198519696,36.80591735150218
CP005384,0.1922514619883041,0.13174139051332034,40.05979163261268,33.29125144265007
CP005964,0.1431316042267051,0.09969046856654926,47.03878040354833,45.690895617986754
CP005990,0.046875,0.04070216049382716,63.857427810514835,74.88197416209238
CP005996,0.10452961672473868,0.11401471157568718,41.83728920453198,36.562331152446745
CP006265,0.1349056603773585,0.12819706498951783,42.443393892002376,39.73417289948432
CP006272,0.025,0.03221618357487923,70.35507730263562,89.51215694099875
CP006566,0.0985254691689008,0.07547661602621387,56.195318132915915,66.54012504876987
CP006569,0.052025416997617153,0.05476127438001942,57.47393369356759,67.20460837056719
CP006587,0.05266154284087674,0.06762184900528197,61.92970059088556,81.16750941022241
CP006597,0.10857495373226403,0.11282473096168347,38.01157079598829,29.837253372870286
CP006617,0.0904311251314406,0.09966117537095455,41.644697144569584,38.16307476668408
CP006644,0.02991869918699187,0.04086720867208672,66.78083764522678,83.06973025059443
CP006650,0.04060324825986079,0.05072183552461975,63.38539938629816,76.3988145803872
CP006664,0.06909937888198758,0.057539682539682536,58.718518079405534,68.34220100354395
CP006696,0.078125,0.08597222222222223,52.10373870747615,54.0578794729741
CP006704,0.06527267589714608,0.05619917741986123,61.87228699806011,76.26836289414923
CP006734,0.02146814404432133,0.028470298553401045,68.34535801948914,86.10440429713731
CP006772,0.16997792494481237,0.14495952906548934,41.491431915386045,40.955182905046904
CP006773,0.03147410358565737,0.05117308543603364,62.36900769620497,75.5478647486731
CP006842,0.04083094555873926,0.03454313912766635,64.81654437051148,79.35615019705926
CP006866,0.08784850078905838,0.07966567303758255,47.239218821848844,48.29798861768181
CP006914,0.11797752808988764,0.11860174781523096,43.151248876847866,44.42254157393535
CP006939,0.07931570762052877,0.07096365416738667,51.86034252952444,56.881119859009765
CP006949,0.11234396671289876,0.11126521806133456,46.932018903891766,47.585229542158885
CP006955,0.20548909218859956,0.1260458206271014,41.06930896404302,34.2478526593237
CP006958,0.040160642570281124,0.03761076050232677,67.5320157568155,86.99919284055
CP007028,0.06719367588932806,0.12384716732542819,45.1919315572205,48.525852618158844
CP007030,0.148005148005148,0.12655512655512655,45.91219532987793,42.88806589585989
CP007031,0.021352313167259787,0.024449716620535127,67.8640908234527,86.23914756643725
CP007034,0.10090466249130133,0.08536302482022733,51.66991890423211,64.89434077805666
CP007035,0.10798650168728909,0.11731866849977086,45.23746722349209,48.22710674914191
CP007044,0.10390058681394546,0.09174241552563955,50.87880633717935,54.7452283465446
CP007051,0.1981981981981982,0.1841841841841842,32.07531900861388,23.53700412771709
CP007053,0.055034847392453734,0.05762503671660124,63.56910958175921,78.38258075803702
CP007062,0.14210526315789473,0.14230019493177387,26.96668687094253,12.956517015645739
CP007128,0.014022787028921999,0.020011685655857436,72.56090386060356,94.21272680715516
CP007139,0.04367110201296486,0.05527123848515865,60.8266775132355,74.70310621512984
CP007142,0.08919779901534897,0.08942304598255944,48.632781646702824,48.15526029451654
CP007152,0.05423728813559322,0.06096314231907452,57.07940505990211,66.06776145067559
CP007155,0.01866846603688709,0.025840955665517067,70.59600244092968,91.27290067194932
CP007161,0.11283273738577672,0.11018408157859887,37.630336392333675,30.971596740109565
CP007201,0.10090984284532671,0.1441044021689183,40.89826304448522,38.89443801110675
CP007202,0.19133807369101485,0.16232133879192703,33.533949599060044,25.602686192336186
CP007444,0.039289374786470786,0.04676764225790533,64.22549157484235,80.36732536617014
CP007445,0.22539857064321056,0.15674057785107812,33.61728247200431,23.01745556987857
CP007446,0.16855345911949685,0.1289308176100629,41.265944561226405,35.93210878747006
CP007447,0.17208311134789558,0.11904339075356657,32.76461269538065,22.837218363115827
CP007451,0.13019079685746351,0.1219187762397639,41.31110710580029,41.74007240439233
CP007481,0.09074733096085409,0.1018189007512851,41.69313030969248,40.48031791456713
CP007519,0.05179704016913319,0.055320648343904155,59.501366324693485,69.92251068083428
CP007566,0.05035726437563797,0.047257192544705305,60.81675030419831,80.13894882423114
CP008788,0.11963383838383838,0.07782687991021324,55.91356898925424,65.46873306078662
CP008796,0.08921933085501858,0.15448161916563405,36.976097548531925,31.994804723997284
CP008802,0.04563106796116505,0.039913700107874865,62.19183385773022,72.56853021012098
CP008803,0.07548152004164498,0.07883625426571808,58.73526537989287,72.73222726377944
CP008804,0.19150707743547044,0.12785641594967156,41.485378297724615,37.617035142518624
CP008876,0.09609292502639916,0.09503695881731784,42.89902979467948,39.81139382766129
CP008889,0.013019218846869188,0.01935661638079493,69.12715362488407,88.89737637006021
CP009056,0.2220680083275503,0.15637288919731668,34.11906545617566,23.464886117265397
CP009122,0.05244601145879242,0.0584692228588218,63.852976138981546,77.8523576454288
CP009129,0.09490509490509491,0.10589410589410589,39.337963397465984,32.747774802195735
CP009159,0.23927178153446033,0.13704666955642247,40.21517446048486,34.327891206690964
CP009217,0.2144927536231884,0.15619967793880837,30.772110339135217,20.76253209947903
CP009257,0.17236084452975048,0.1291959906163361,39.04102432934414,30.15086226840688
CP009291,0.04819277108433735,0.04784354810546534,63.498786030225865,78.0663982712248
CP009301,0.11317254174397032,0.12987012987012986,38.160626280072236,30.365542562313244
CP009302,0.034371643394199784,0.050244659267215656,63.56247518546403,83.53319656943042
CP009415,0.11952662721893491,0.17685733070348456,31.341301460823374,21.277411938002068
CP009416,0.10912425492893169,0.10321463141270569,42.71028162297142,39.83530548533074
CP009440,0.21148825065274152,0.17522483318827967,32.409575622032754,21.4825863517748
CP009450,0.09714726291441789,0.06840572260772723,59.1055762813133,72.33070462626006
CP009460,0.10423572744014734,0.0742377736852875,56.863072615393875,68.07878806747625
CP009495,0.04,0.04013333333333333,67.40296010338368,84.61730506030531
CP009621,0.08726339428938082,0.08908138167040958,47.34426512808975,51.92752259368553
CP009706,0.1581899775617053,0.10554308983628355,48.99027546930956,51.35022858506081
CP009761,0.18844566712517194,0.16552040348464006,28.613425002566057,17.410806851371895
CP009962,0.10130421595389748,0.08067940552016985,56.14760476071163,66.21716450862586
CP010049,0.24778761061946902,0.20575221238938052,27.355738170917643,17.029503677460873
CP010310,0.03268765133171913,0.0351425881086898,64.29510358627456,81.17188358366714
CP010311,0.09183098591549296,0.08832550860719875,57.04724152307436,67.55180398221856
CP010327,0.14410862899693386,0.12249963498320923,34.07937116047691,27.123549940749196
CP010557,0.09881284916201118,0.06731067659838609,57.46663735384941,69.14456304873171
CP010803,0.03962101636520241,0.056991099626758544,62.136990680531866,77.8443506851579
CP010812,0.11845002201673271,0.0923234991927198,47.68660014489405,48.187630250539605
CP010820,0.11690952219586581,0.10410783538536843,37.62160160155614,29.650119823560072
CP010848,0.04358974358974359,0.039316239316239315,61.482170590579855,69.55944402868448
CP010954,0.0403790688092295,0.05365563338369272,64.78577951884652,80.67182055757047
CP010978,0.09981226533166458,0.10467946043665693,39.51025272003354,32.877419508684575
CP011047,0.09068727124847499,0.0789842302652388,56.713449553506614,65.83429011834907
CP011052,0.07378400659521847,0.08491343775762572,54.34229363544384,58.664819914587355
CP011132,0.1193924408336277,0.07998744063738765,53.42132434919108,60.23980933525132
CP011144,0.017677974199713332,0.030525030525030524,70.24472469756303,91.83574093071088
CP011265,0.06551915602443087,0.0720587328027639,61.27703074231442,74.69959872193375
CP011280,0.11662531017369727,0.13316790736145576,28.43197837356716,16.524129169310495
CP011301,0.03164893617021276,0.03209219858156028,66.99219674934137,85.48284691326599
CR522870,0.09608540925266904,0.09930520250804949,46.81120389126019,46.78685577190412
CR767821,0.18922852983988356,0.15785217531942422,27.478789597422765,18.674138485802537
CU207211,0.1000483325277912,0.08280973094892863,54.294927411590145,61.30129436415914
CU207366,0.17990531299316148,0.15751943421590975,36.610762505380464,31.07975083762683
FM162591,0.17190929041697148,0.12139315614077867,42.15263441378232,36.81975898763724
FM178379,0.1918918918918919,0.12306306306306307,39.228369118524945,31.254816338978802
FO082060,0.10012160518848805,0.10777822816736476,48.74592356611492,52.42586155003232
FO117623,0.0038461538461538464,0.011282051282051283,72.94799952413575,91.9446512707162
FO203355,0.12554257095158597,0.07853830458171025,54.98448319795764,61.940331818012474
FO203431,0.005498533724340176,0.011445096122515477,74.13113438628203,94.01517662195404
FO203503,0.10239739943112555,0.12352702153596098,41.44885295133328,40.78723575017433
FO538765,0.05296127562642369,0.06681852695520121,59.47292758299727,71.77968637236609
FO818637,0.16562614763128902,0.11649732729424246,44.774330728468335,41.68672780239337
FP236843,0.10817748441510817,0.07219981257384998,55.19723177692024,63.47612325971228
FP475956,0.06168647425014148,0.05879393825064453,63.668369718662085,77.31274925107616
FP476056,0.09470246734397678,0.11945653926786003,42.77961255494673,45.41348238789777
FP565814,0.032830523513753325,0.03840086759341418,66.11764172814244,82.8042930616612
FP929032,0.08930741190765493,0.07864182530039152,55.819374238205285,74.21941920187335
FP929038,0.10763520678685047,0.09862142099681867,42.42908288632823,43.118306571633816
FP929045,0.07213656387665199,0.07397209985315713,55.57136564553089,72.34881549886967
FP929047,0.02109426499670402,0.037940379403794036,60.42643309824608,87.4344736461488
FP929048,0.1518288474810214,0.12744421440073614,30.50619519642633,18.804759394940334
FP929050,0.07699316628701594,0.08752214629207795,41.463507385871054,42.52302952095524
FP929054,0.09494324045407637,0.09586056644880174,41.74945462277887,40.67013820440939
FP929056,0.03435114503816794,0.05057251908396947,56.73042843377256,83.21353855091267
FP929061,0.12311722331368696,0.11176598995852434,36.27636937088495,31.75870431037972
FP929062,0.09538152610441768,0.08032128514056225,46.35469950180782,55.6808931147055
FQ312005,0.1768888888888889,0.14291358024691359,36.74728232477176,31.156230803996035
FQ859181,0.058059587471352175,0.06718444953739071,59.17104429022804,69.05644074984822
FR872580,0.1220216606498195,0.12956277577216205,39.02885805578276,32.766354495948875
FR872582,0.11838306063522618,0.13998502833921506,41.776290621017914,37.52485635809864
HE717023,0.09255079006772009,0.09710726527882284,41.823124767505284,38.78176693885309
HE804045,0.01259774109470026,0.019451684525533353,72.19005981740804,92.45511871742411
HE956757,0.03781925343811395,0.05397293167430692,63.35480266833164,76.84116907436655
HE983995,0.07627118644067797,0.12504708097928438,36.62270467687937,29.694378249161563
HE999757,0.12521079258010118,0.11631066142027356,34.526311521755325,24.558119673318657
HF563609,0.11376021798365123,0.12254011504692704,37.5320687861883,32.345363804424146
HF571988,0.15411931818181818,0.10538983585858586,47.29985573455644,46.77191886852518
HF680312,0.1440501043841336,0.09974483878450476,46.62558847116874,44.60272517937761
HF951689,0.0461750516884907,0.07381882226816755,54.40961691004959,59.36590958805203
HG315671,0.1566152407667134,0.1521479403667342,33.27716485153783,24.49924820932333
HG322949,0.08016608112424145,0.0621384719117073,61.04793056851058,74.54066962142373
HG530068,0.03467153284671533,0.03884254431699687,62.00780052917474,84.45850343721993
HG934468,0.12536106296938185,0.11688811862122088,44.89917684561958,48.977155781453355
HG938353,0.05804311774461028,0.06587433204348628,61.48098887211212,77.01995813690445
LK028559,0.14977307110438728,0.12876113632543285,31.29013559151167,21.093615602593662
LN614827,0.13368747233289066,0.11671831193743544,38.290419156664626,30.697676770316328
LN614830,0.11897852582704585,0.11298123428129232,40.45678767672056,34.63316066954526
