Accession,+4T_f,TAAT_f,TGAT_f,TAGT_f,codonT_f,GC,GC3
AE000657,0.30978260869565216,0.10526315789473684,0.1111111111111111,0.25,0.34347826086956523,43.476167301066496,47.18621732053671
AE014184,0.2765957446808511,0.21052631578947367,0.375,0.14285714285714285,0.30921985815602837,46.331997200483556,43.31984798362862
AE015928,0.3227571115973742,0.30303030303030304,0.2361111111111111,0.24786324786324787,0.29715536105032825,42.83717823940185,44.58875565762742
AE016825,0.18446601941747573,0.4,0.25,0.35294117647058826,0.19084604715672676,64.83374306473475,83.15720006089714
AE017282,0.1871345029239766,0.25,0.25,0.0,0.20818713450292398,63.58457295840506,77.96001192983474
AL935263,0.3908872901678657,0.3274336283185841,0.35766423357664234,0.3614457831325301,0.2745003996802558,44.46688649939107,45.13685216456338
AM180252,0.4312617702448211,0.40131578947368424,0.4594594594594595,0.5522388059701493,0.4015065913370998,33.2844865496402,18.680945512211654
AM236080,0.22043795620437956,0.2916666666666667,0.24444444444444444,0.0625,0.21956204379562044,61.09037476108047,75.9558218001485
AM260479,0.16703786191536749,0.4166666666666667,0.1111111111111111,0.3333333333333333,0.1510022271714922,66.46591142419408,85.22432239106415
AM260525,0.2658536585365854,0.2764227642276423,0.4098360655737705,0.09375,0.33658536585365856,38.856063299022054,30.077139499859406
AM494475,0.33955223880597013,0.4117647058823529,0.6764705882352942,0.2765957446808511,0.36977611940298505,30.5310497961732,21.365218147233982
AM711867,0.33955223880597013,0.4117647058823529,0.6764705882352942,0.2765957446808511,0.36977611940298505,72.66422692563216,94.7975161479547
AM743169,0.1740976645435244,0.5,0.2727272727272727,0.5,0.16008492569002122,66.32404518043852,83.25334333965804
AM889285,0.1697530864197531,0.15384615384615385,0.4074074074074074,0.2,0.20987654320987653,66.43110337985524,80.11588632313429
AM902716,0.18718381112984822,0.38461538461538464,0.21428571428571427,0.13636363636363635,0.17774030354131534,65.48282415680934,81.62050779849977
AM942759,0.510497900419916,0.32211538461538464,0.5178571428571429,0.3116883116883117,0.3510497900419916,38.89968663300527,30.75245291987967
AM999887,0.3566265060240964,0.25,0.11538461538461539,0.4358974358974359,0.35325301204819276,34.19024523509989,26.635196840406515
AP006628,0.3826086956521739,0.23622047244094488,0.36666666666666664,0.3333333333333333,0.3482608695652174,27.75984301810356,19.896437816443562
AP006840,0.13915857605177995,0.0,0.17647058823529413,0.2,0.13980582524271845,68.6684043088666,89.4912651578391
AP007255,0.2639821029082774,0.3888888888888889,0.2608695652173913,0.0,0.2,65.093510400737,83.14199548369172
AP008230,0.25430539609644087,0.25,0.2046783625730994,0.25,0.2656716417910448,47.35989345501921,50.59483233199998
AP008955,0.2720554272517321,0.19289340101522842,0.26063829787234044,0.18120805369127516,0.22337182448036952,47.2735528479921,49.388060253065156
AP008971,0.41367521367521365,0.2608695652173913,0.3448275862068966,0.14814814814814814,0.3148717948717949,32.3127743623778,26.650776270876232
AP009152,0.41367521367521365,0.2608695652173913,0.3448275862068966,0.14814814814814814,0.3148717948717949,71.16380109284755,92.56099655074152
AP009153,0.11784511784511785,0.2,0.4,0.125,0.16767676767676767,64.27436141406316,76.88042010162982
AP009178,0.3440366972477064,0.21212121212121213,0.2,0.3333333333333333,0.3275229357798165,39.688625407429775,36.53261266972793
AP009179,0.29079159935379645,0.34523809523809523,0.28888888888888886,0.3018867924528302,0.3298869143780291,43.87148618201701,46.96062298295081
AP009380,0.272875816993464,0.16129032258064516,0.21951219512195122,0.34782608695652173,0.23954248366013073,48.359283634112224,53.05509468872864
AP009384,0.15816326530612246,0.2,0.09090909090909091,0.5,0.16428571428571428,67.31902211118089,85.58033965760337
AP009389,0.2219804134929271,0.17054263565891473,0.1111111111111111,0.21951219512195122,0.2602829162132753,52.96110399537247,62.3289097746804
AP009484,0.41836734693877553,0.31843575418994413,0.18072289156626506,0.26785714285714285,0.30306122448979594,36.87685627905118,30.775165231510314
AP009510,0.26421404682274247,0.26666666666666666,0.27586206896551724,0.2,0.3505016722408027,35.20740200576095,30.40007037897882
AP009552,0.2912900575184881,0.33229813664596275,0.33695652173913043,0.2573099415204678,0.3066557107641742,42.33063114485447,39.50931745666048
AP010904,0.19862227324913892,0.07692307692307693,0.2558139534883721,0.25,0.18714121699196326,62.769421550751524,77.06766538646693
AP010946,0.10416666666666667,0.2857142857142857,0.2222222222222222,0.0,0.19305555555555556,67.76023397993896,87.04108079465419
AP010953,0.4009756097560976,0.25,0.4088050314465409,0.26666666666666666,0.2626341463414634,50.68482282649143,52.79602195346696
AP010968,0.4009756097560976,0.25,0.4088050314465409,0.26666666666666666,0.2626341463414634,74.19750348332366,95.43552890821465
AP011112,0.20634920634920634,0.13333333333333333,0.14285714285714285,0.0,0.2968253968253968,44.000263892354866,46.140012543177605
AP011121,0.22946859903381642,0.14285714285714285,0.25,0.13636363636363635,0.26642512077294683,53.03682379505382,53.06410333113375
AP011529,0.2988235294117647,0.34513274336283184,0.42105263157894735,0.24242424242424243,0.3557647058823529,31.118260965301925,22.211041788684792
AP011615,0.36761032472939215,0.3964285714285714,0.3218390804597701,0.2193877551020408,0.25420482930890925,43.650355346998246,41.46555477408334
AP012027,0.3625,0.1864406779661017,0.358974358974359,0.17142857142857143,0.30392857142857144,36.55623983118011,28.019531441606464
AP012029,0.19943019943019943,0.1836734693877551,0.1568627450980392,0.09090909090909091,0.2672364672364672,53.84967293987223,61.151795580452166
AP012035,0.22105263157894736,0.0,0.2222222222222222,0.0,0.1631578947368421,67.5791744356647,83.28976118847989
AP012044,0.2181964573268921,0.11702127659574468,0.34285714285714286,0.1276595744680851,0.2536231884057971,53.32115202687688,62.44762599576779
AP012046,0.2864816472694718,0.21428571428571427,0.30952380952380953,0.24705882352941178,0.29059982094897047,36.0410813510645,27.72117933022902
AP012050,0.40065412919051513,0.2597402597402597,0.3357142857142857,0.411214953271028,0.3126737530662306,35.71827205908107,26.499942957190925
AP012051,0.3277591973244147,0.26785714285714285,0.14285714285714285,0.375,0.33645484949832777,35.37487573029511,28.8596832483386
AP012052,0.3277591973244147,0.26785714285714285,0.14285714285714285,0.375,0.33645484949832777,70.27840545811512,89.51635710263977
AP012057,0.3277591973244147,0.26785714285714285,0.14285714285714285,0.375,0.33645484949832777,67.29244721885163,85.35204110605888
AP012157,0.4143077714873906,0.2531017369727047,0.2804232804232804,0.3141025641025641,0.29500772002058673,38.60316874875766,32.68874104181474
AP012200,0.3843329253365973,0.3112033195020747,0.39436619718309857,0.24691358024691357,0.3591187270501836,31.427530414899095,20.912233770188518
AP012204,0.1858974358974359,0.0,0.2727272727272727,0.25,0.19230769230769232,67.2675393441247,83.09199829566528
AP012224,0.17496229260935142,0.2,0.2413793103448276,0.4166666666666667,0.1942684766214178,64.35657091688313,83.4582862067788
AP012273,0.23958333333333334,0.5384615384615384,0.16666666666666666,0.14285714285714285,0.2263888888888889,56.27233867427217,64.736231939811
AP012292,0.2801875732708089,0.22641509433962265,0.2222222222222222,0.14,0.2586166471277843,50.678134821285894,58.98123748705875
AP012304,0.17620137299771166,0.09090909090909091,0.14285714285714285,0.125,0.17070938215102974,65.1013369765916,81.96821673440803
AP012320,0.17620137299771166,0.09090909090909091,0.14285714285714285,0.125,0.17070938215102974,71.24314405801177,90.89008540983318
AP012331,0.1956521739130435,0.25,0.4117647058823529,0.3333333333333333,0.1855072463768116,64.63092877381744,85.40830215340151
AP012333,0.11387900355871886,0.10526315789473684,0.11764705882352941,0.0,0.199288256227758,58.31297660267276,73.04844261105163
AP012334,0.23593073593073594,0.22413793103448276,0.2894736842105263,0.45454545454545453,0.2761904761904762,48.63343237690101,48.528931928920855
AP012337,0.15365853658536585,0.25,0.16393442622950818,0.22727272727272727,0.22365853658536586,58.76714546695322,69.23173987284495
AP012338,0.15365853658536585,0.25,0.16393442622950818,0.22727272727272727,0.22365853658536586,73.28780179978833,93.48250813834655
AP012342,0.2549019607843137,0.23809523809523808,0.45161290322580644,0.2,0.26554621848739496,50.047547643363764,52.8600203553081
AP012492,0.23622047244094488,0.20930232558139536,0.3103448275862069,0.1388888888888889,0.3295275590551181,38.343488993942316,35.024781844645304
AP012495,0.3003048780487805,0.20253164556962025,0.26907630522088355,0.21428571428571427,0.265625,45.7271863180528,46.68717826815462
AP012547,0.23809523809523808,0.0,0.2727272727272727,0.14285714285714285,0.22476190476190477,63.267412603007166,79.15080752127986
AP012551,0.3128447596532703,0.14736842105263157,0.2391304347826087,0.16216216216216217,0.22064617809298662,56.956884178640536,67.46781189223354
AP012554,0.44226044226044225,0.33035714285714285,0.5333333333333333,0.29411764705882354,0.40343980343980346,30.56788703419589,20.772262124659903
AP012978,0.17054263565891473,0.5,0.2,0.0,0.17054263565891473,65.05711268828249,82.31346219624776
AP013066,0.29079159935379645,0.20967741935483872,0.25806451612903225,0.32,0.25589660743134085,56.1040492634944,65.49436516151633
AP013105,0.1366742596810934,0.2727272727272727,0.16666666666666666,0.2222222222222222,0.19954441913439636,63.459266396182954,82.24245014305617
AP014521,0.39375,0.41732283464566927,0.14285714285714285,0.5,0.44,25.06962490771965,12.049407316897229
AP014565,0.3550928531232414,0.27218934911242604,0.30344827586206896,0.1917808219178082,0.26201463140123804,52.155026256764614,56.21466011794846
AP014569,0.09931506849315068,0.0,0.2,0.0,0.1506849315068493,66.09057305548266,83.276143228355
AP014583,0.3495639534883721,0.3217665615141956,0.35714285714285715,0.32222222222222224,0.34375,32.17769270144215,21.630140096119334
AP014624,0.3793929712460064,0.2668977469670711,0.24102564102564103,0.2328767123287671,0.32603833865814696,35.59174183823627,31.217248851243838
AP014633,0.30884184308841844,0.3020833333333333,0.3382352941176471,0.2361111111111111,0.31232876712328766,41.21047691218616,34.72579659348268
AP014648,0.13895781637717122,0.14285714285714285,0.15789473684210525,0.2,0.19057071960297767,62.84232476604134,77.77875657547061
AP014685,0.17301324503311258,0.26666666666666666,0.2,0.045454545454545456,0.18774834437086094,63.70241665075839,80.26396127928666
AP014800,0.11926605504587157,0.0,0.125,0.0,0.14862385321100918,66.82816125602547,82.54107282063603
AP014821,0.3717434869739479,0.35394456289978676,0.29310344827586204,0.30357142857142855,0.3502004008016032,33.344810744398856,23.31407430770491
BA000012,0.16516516516516516,0.2857142857142857,0.20833333333333334,0.06666666666666667,0.2,62.74706437726396,78.20212561954558
BA000022,0.3066801619433198,0.336283185840708,0.3287671232876712,0.3088235294117647,0.3044534412955466,47.72025510218359,49.882298574919574
BA000028,0.3718500307314075,0.2945945945945946,0.3271604938271605,0.28823529411764703,0.3030116779348494,35.681311368484145,25.853265043173003
BA000039,0.164021164021164,0.18181818181818182,0.2962962962962963,0.16,0.2714285714285714,53.91792993985405,57.37820504815544
BX908798,0.3263041065482797,0.285,0.3333333333333333,0.25,0.374472807991121,34.717256203755284,27.543035134856844
CP000031,0.12302839116719243,0.25,0.4444444444444444,0.4,0.1810725552050473,64.22290936690355,80.12634528985195
CP000038,0.3994594594594595,0.2549019607843137,0.3472222222222222,0.25862068965517243,0.23491891891891892,51.009758013290465,54.86777809491924
CP000061,0.39593908629441626,0.40310077519379844,0.47619047619047616,0.25,0.35888324873096444,26.88626305428061,19.371994276312602
CP000083,0.36930154746967797,0.2900641025641026,0.3556701030927835,0.3686635944700461,0.3337515683814304,38.00542695387089,30.46081482872266
CP000088,0.09497206703910614,0.16666666666666666,0.1111111111111111,0.25,0.16424581005586592,67.50285331947377,83.77434685436344
CP000089,0.26489028213166144,0.28,0.25,0.17647058823529413,0.21880877742946708,59.24722023752395,69.83350770181697
CP000103,0.27427597955706984,0.2702702702702703,0.24074074074074073,0.14705882352941177,0.23952299829642248,53.94264822125698,60.38097430302666
CP000109,0.3532796317606444,0.22535211267605634,0.2153846153846154,0.25,0.3074798619102417,43.12997222924752,41.76347489024347
CP000116,0.11857707509881422,0.0,0.3333333333333333,0.25,0.16126482213438736,66.06722296893027,83.50812300707801
CP000140,0.33410672853828305,0.285,0.3372093023255814,0.20967741935483872,0.30301624129930393,45.05957647485263,51.05677539925933
CP000141,0.22623828647925034,0.22602739726027396,0.23809523809523808,0.21428571428571427,0.30548862115127173,42.04970185549152,39.535416446941035
CP000153,0.30504587155963303,0.21839080459770116,0.26666666666666666,0.3333333333333333,0.3440366972477064,34.46195676613094,25.425114861501307
CP000155,0.2553062462098241,0.19727891156462585,0.21978021978021978,0.24242424242424243,0.2329896907216495,53.86974591515463,61.05746474959016
CP000157,0.21515151515151515,0.3,0.125,0.16666666666666666,0.18606060606060607,63.068512035455406,77.17354765752737
CP000158,0.20424403183023873,0.18181818181818182,0.17647058823529413,0.1111111111111111,0.20053050397877983,61.93028325615428,74.14299571325925
CP000232,0.20113314447592068,0.25806451612903225,0.28,0.1951219512195122,0.2424929178470255,55.79153707569736,64.43002637918988
CP000238,0.4339622641509434,0.4639175257731959,0.35,0.4166666666666667,0.3969811320754717,33.234770341914974,19.720723690425825
CP000245,0.15816326530612246,0.0,0.0,0.0,0.12653061224489795,69.99670531593956,91.31977921211823
CP000252,0.26778242677824265,0.375,0.29333333333333333,0.15384615384615385,0.25411436541143656,51.460038373226816,57.04670184084418
CP000264,0.1366223908918406,0.3333333333333333,0.32142857142857145,0.0,0.18140417457305502,62.332175460869756,75.41608957612769
CP000267,0.20036429872495445,0.2857142857142857,0.21875,0.15,0.23460837887067396,59.87933375732678,72.1806538037545
CP000282,0.341421143847487,0.2596899224806202,0.2898550724637681,0.2074074074074074,0.2848064702484113,45.82607600427956,44.5828860197993
CP000284,0.2718808193668529,0.44,0.2857142857142857,0.17647058823529413,0.24171322160148975,55.71908220615934,64.99896280610056
CP000285,0.1582089552238806,0.5714285714285714,0.3684210526315789,0.42857142857142855,0.2,63.91185638668967,79.91249954817198
CP000316,0.1795252225519288,0.16216216216216217,0.2727272727272727,0.21428571428571427,0.2062314540059347,62.47230909815348,77.09299266599201
CP000319,0.18415841584158416,0.0625,0.2777777777777778,0.17391304347826086,0.2099009900990099,61.713781836805225,75.70930010645063
CP000352,0.19385796545105566,0.36363636363636365,0.3333333333333333,0.3333333333333333,0.17888675623800385,63.820295314082756,79.09870616890429
CP000360,0.174,0.16129032258064516,0.20454545454545456,0.34782608695652173,0.2172,58.38384331781577,71.79140257261432
CP000377,0.15625,0.07692307692307693,0.23076923076923078,0.0,0.190234375,60.412916463861535,71.26991283602997
CP000383,0.39004914004914004,0.31528662420382164,0.2761904761904762,0.35,0.32641277641277644,38.84645420098899,35.52122903381832
CP000386,0.15037593984962405,0.0,0.0,0.2,0.18045112781954886,70.47658403570273,91.23163201373471
CP000387,0.2994219653179191,0.17886178861788618,0.3,0.14285714285714285,0.2832369942196532,43.4002181344688,42.92532747553288
CP000388,0.3254060324825986,0.22784810126582278,0.2937062937062937,0.24427480916030533,0.2931554524361949,44.61609348747495,43.713301961934846
CP000390,0.1670235546038544,0.42857142857142855,0.17647058823529413,0.16666666666666666,0.19828693790149893,61.06678699297397,72.55384668026387
CP000393,0.3626226583407672,0.33189655172413796,0.3065326633165829,0.2947761194029851,0.3333630686886708,34.143356453871355,25.13635559598903
CP000411,0.43042671614100186,0.32,0.5428571428571428,0.3333333333333333,0.37365491651205934,37.88888283571569,33.76575792724595
CP000414,0.369949494949495,0.21264367816091953,0.30985915492957744,0.39655172413793105,0.31414141414141417,37.71033695121066,30.33467860372307
CP000422,0.36231884057971014,0.2193877551020408,0.1836734693877551,0.3191489361702128,0.2901185770750988,37.357828886583455,29.55305813629921
CP000448,0.26345291479820626,0.224,0.32051282051282054,0.21052631578947367,0.27802690582959644,44.86592341448712,46.00755658267348
CP000449,0.24019607843137256,0.0,0.07142857142857142,0.0,0.19019607843137254,62.72763433646602,75.510574803482
CP000453,0.1171875,0.0,0.14285714285714285,0.0,0.1375,67.53125206047478,85.30676977140472
CP000471,0.22174657534246575,0.18518518518518517,0.17142857142857143,0.12698412698412698,0.22277397260273973,54.16747800281423,59.88428780616274
CP000473,0.16183986371379896,0.18518518518518517,0.29411764705882354,0.20512820512820512,0.20647359454855196,61.90245684170811,75.52030470556426
CP000478,0.17964071856287425,0.3333333333333333,0.05555555555555555,0.0,0.20778443113772455,59.94872802991272,74.24832713519152
CP000481,0.17964071856287425,0.3333333333333333,0.05555555555555555,0.0,0.20778443113772455,66.907355721617,78.94598173111915
CP000482,0.2074235807860262,0.36,0.3125,0.3,0.22270742358078602,59.024176646706586,73.98205392137992
CP000492,0.24382207578253706,0.19148936170212766,0.4782608695652174,0.2727272727272727,0.27116968698517296,48.35144813079669,50.67711844794025
CP000509,0.14035087719298245,0.0,0.0,0.6666666666666666,0.18596491228070175,71.65195409187281,92.81406721874863
CP000510,0.3828080229226361,0.2390745501285347,0.3819444444444444,0.24324324324324326,0.31426934097421205,40.08627514969522,35.57629688729763
CP000513,0.37817258883248733,0.16279069767441862,0.4838709677419355,0.3333333333333333,0.2939086294416244,44.39572461942635,40.5495198271762
CP000542,0.21721311475409835,0.2,0.125,0.25,0.15327868852459017,65.27908838713583,80.90000850352706
CP000544,0.12037037037037036,0.0,0.6,0.0,0.13333333333333333,67.98172974539025,84.64422625602133
CP000554,0.26148409893992935,0.2692307692307692,0.3409090909090909,0.125,0.27208480565371024,50.00758571202252,48.793791829298776
CP000555,0.22,0.0,0.0,0.0,0.198,69.19775134482882,88.63460991790933
CP000613,0.1111111111111111,0.0,0.7142857142857143,0.0,0.14962962962962964,70.46127199295242,89.54181281369318
CP000628,0.2398753894080997,0.17391304347826086,0.22727272727272727,0.2857142857142857,0.22741433021806853,60.33744223033959,74.44371632426507
CP000655,0.37018425460636517,0.24390243902439024,0.19444444444444445,0.1864406779661017,0.30083752093802346,44.83410434871196,40.6625825389489
CP000679,0.19213973799126638,0.17222222222222222,0.2361111111111111,0.3064516129032258,0.32838427947598253,35.25407580106219,30.74653621379769
CP000685,0.3745173745173745,0.22580645161290322,0.3475609756097561,0.26666666666666666,0.35081081081081084,34.11285327951776,27.034000666860624
CP000686,0.22043010752688172,0.0,0.2,0.1111111111111111,0.21935483870967742,60.38734500391099,69.01942839263505
CP000724,0.31295981890209396,0.2755344418052256,0.325,0.24293785310734464,0.30084889643463497,36.82202449465125,30.896708831942302
CP000733,0.2804642166344294,0.29213483146067415,0.375,0.13953488372093023,0.28549323017408124,42.43578946783289,40.41325594154757
CP000747,0.11363636363636363,0.0,0.5384615384615384,0.14285714285714285,0.1534090909090909,71.34637304176034,93.5555385658818
CP000749,0.34643874643874645,0.22149837133550487,0.3046875,0.2903225806451613,0.316011396011396,42.59406816481398,38.17101726266472
CP000750,0.34643874643874645,0.22149837133550487,0.3046875,0.2903225806451613,0.316011396011396,74.43503011751491,94.07252668025595
CP000758,0.273015873015873,0.23076923076923078,0.2,0.09523809523809523,0.23047619047619047,56.050901587193835,64.0543638555241
CP000769,0.273015873015873,0.23076923076923078,0.2,0.09523809523809523,0.23047619047619047,73.53140115839552,94.22784852281781
CP000774,0.16909620991253643,0.4,0.16666666666666666,0.0,0.197667638483965,62.32809544427542,76.73750460300515
CP000781,0.13304721030042918,0.0,0.2727272727272727,0.0,0.17682403433476396,67.46469253526226,86.0886474535049
CP000792,0.23679060665362034,0.12878787878787878,0.4166666666666667,0.19672131147540983,0.38199608610567515,39.428959063005145,38.71452976076315
CP000812,0.35602094240837695,0.2,0.4666666666666667,0.3333333333333333,0.29528795811518327,38.69703307479551,34.41281828389921
CP000820,0.12424242424242424,0.2857142857142857,0.22727272727272727,0.2,0.1703030303030303,71.15359736683484,87.63143146480357
CP000828,0.2591295647823912,0.2830188679245283,0.27976190476190477,0.1951219512195122,0.2929464732366183,47.253850255638156,46.06813062425631
CP000830,0.10687022900763359,0.0,0.16666666666666666,0.0,0.13893129770992366,66.01545182795789,83.77073528789407
CP000849,0.37545126353790614,0.39855072463768115,0.36,0.39285714285714285,0.3938628158844765,31.628209656110613,21.417195212950954
CP000850,0.37545126353790614,0.39855072463768115,0.36,0.39285714285714285,0.3938628158844765,69.51852813884236,85.4082585064443
CP000859,0.19419924337957126,0.14285714285714285,0.15555555555555556,0.3181818181818182,0.23757881462799496,56.168615578397166,68.50587537173752
CP000875,0.26480836236933797,0.2967741935483871,0.391304347826087,0.14728682170542637,0.25037332005973123,50.715668122094606,51.040165935922595
CP000879,0.3192307692307692,0.3482142857142857,0.29545454545454547,0.37209302325581395,0.32846153846153847,34.12319063694373,28.420729345366375
CP000884,0.20045558086560364,0.4166666666666667,0.13636363636363635,0.42857142857142855,0.17539863325740318,66.47625701254553,84.07911259983818
CP000910,0.24373956594323873,0.13043478260869565,0.19444444444444445,0.2903225806451613,0.21268781302170284,56.271325568496955,60.47196550385885
CP000922,0.22826086956521738,0.18681318681318682,0.30434782608695654,0.39473684210526316,0.29130434782608694,41.77675142074495,37.701730356453794
CP000927,0.16075156576200417,0.14285714285714285,0.21739130434782608,0.09090909090909091,0.20250521920668058,67.46329596602476,87.70094842619467
CP000930,0.16416040100250626,0.13043478260869565,0.29411764705882354,0.18181818181818182,0.21553884711779447,56.97519060078877,68.22634506617258
CP000934,0.3327526132404181,0.1889763779527559,0.3,0.1724137931034483,0.25905923344947734,51.99123885929493,56.896757627340584
CP000961,0.3545045045045045,0.18944844124700239,0.32085561497326204,0.1761904761904762,0.30945945945945946,43.70099216514868,41.29000850485296
CP000975,0.17975567190226877,0.23728813559322035,0.11764705882352941,0.14705882352941177,0.31553228621291446,45.482774375914076,46.05430458183938
CP000976,0.4625,0.37254901960784315,0.36363636363636365,0.5714285714285714,0.3925,27.586044045449377,17.395862127615185
CP001013,0.184,0.0,0.25,0.5,0.176,68.89968087769532,89.23154843592413
CP001016,0.24965325936199723,0.35294117647058826,0.3469387755102041,0.037037037037037035,0.2346740638002774,57.059896843113435,65.78150895109407
CP001032,0.14398422090729784,0.0,0.3076923076923077,0.07142857142857142,0.17514792899408285,65.3411396022395,81.9671041519464
CP001034,0.3466666666666667,0.31728045325779036,0.42748091603053434,0.23931623931623933,0.32909803921568626,36.322296518432616,27.99392375840899
CP001037,0.3365927040240692,0.3925,0.2863636363636364,0.31654676258992803,0.3164347499059797,41.41495802568809,35.616191944563184
CP001055,0.3322422258592471,0.1839080459770115,0.2222222222222222,0.24,0.3060556464811784,39.9521283650997,37.74397246495816
CP001071,0.2066365007541478,0.16666666666666666,0.22857142857142856,0.14285714285714285,0.26395173453996984,55.76235444438689,66.1332859446021
CP001080,0.3413333333333333,0.23404255319148937,0.4166666666666667,0.125,0.33226666666666665,32.027444977867134,22.790509467385593
CP001087,0.2497721057429353,0.21951219512195122,0.2625,0.2727272727272727,0.25979945305378305,48.84700915518548,52.836817820193346
CP001096,0.20703125,0.058823529411764705,0.3333333333333333,0.23529411764705882,0.18697916666666667,64.85980862601781,82.90742026528429
CP001098,0.34182590233545646,0.3470790378006873,0.2807017543859649,0.2786885245901639,0.33715498938428873,37.88319203024189,33.786409287968056
CP001099,0.17857142857142858,0.4,0.2857142857142857,0.0625,0.24476190476190476,55.79611479572558,69.02420994637633
CP001100,0.23734439834024895,0.21818181818181817,0.2857142857142857,0.1794871794871795,0.3216597510373444,45.03891960299454,47.72449961856626
CP001108,0.19550561797752808,0.25,0.21621621621621623,0.09090909090909091,0.25258426966292136,50.09512826298299,54.21922235352343
CP001110,0.18638573743922204,0.25,0.3333333333333333,0.20833333333333334,0.28363047001620745,48.077586989495195,49.49516185782046
CP001130,0.3201581027667984,0.2833333333333333,0.3333333333333333,0.4,0.36363636363636365,34.84701003004782,29.13169402717011
CP001145,0.2139917695473251,0.1891891891891892,0.2,0.2,0.26995884773662554,44.77013317313631,44.262191729947915
CP001146,0.25842696629213485,0.30337078651685395,0.3181818181818182,0.17857142857142858,0.348876404494382,33.74098909839709,25.25509057695437
CP001147,0.3470790378006873,0.2,0.2222222222222222,0.2,0.3463917525773196,34.12890388925458,25.189125038775195
CP001154,0.2673913043478261,0.375,0.35714285714285715,0.0,0.21434782608695652,62.352314953733114,74.62992883864295
CP001185,0.39950372208436724,0.32456140350877194,0.20689655172413793,0.2727272727272727,0.36426799007444166,30.810792316194576,20.67361429565975
CP001196,0.1402439024390244,0.38095238095238093,0.23404255319148937,0.11764705882352941,0.22560975609756098,62.39947949997183,76.77031524946466
CP001221,0.2554634513941221,0.25296442687747034,0.2336448598130841,0.22,0.3700075357950264,35.018341481270625,29.477380176160356
CP001230,0.27106227106227104,0.14814814814814814,0.45454545454545453,0.4375,0.3523809523809524,37.15639771142485,31.861305464824948
CP001275,0.27106227106227104,0.14814814814814814,0.45454545454545453,0.4375,0.3523809523809524,63.647038501132805,72.9871667891634
CP001279,0.48247978436657685,0.2911392405063291,0.25,0.35714285714285715,0.4188679245283019,33.507531417691254,27.10517985178629
CP001280,0.15098468271334792,0.16666666666666666,0.13043478260869565,0.3333333333333333,0.1811816192560175,63.08336217288401,76.45252457351022
CP001281,0.1743119266055046,0.375,0.0,0.3333333333333333,0.16238532110091744,68.4042033605177,88.91894428937042
CP001312,0.11914893617021277,1.0,0.4166666666666667,0.0,0.15319148936170213,66.56188702841807,83.3079662100825
CP001322,0.22436750998668442,0.2440944881889764,0.2727272727272727,0.22388059701492538,0.2284953395472703,54.484597610000684,67.75526163417368
CP001349,0.13263157894736843,0.3333333333333333,0.15789473684210525,0.3333333333333333,0.15705263157894736,68.85724725505182,86.3187841485118
CP001364,0.26052631578947366,0.34375,0.36538461538461536,0.36363636363636365,0.24026315789473685,56.681900568424446,60.57701687395504
CP001397,0.36924219910846956,0.32063492063492066,0.36065573770491804,0.32989690721649484,0.37028231797919764,35.31529911368425,27.75319641027493
CP001429,0.3956043956043956,0.6666666666666666,0.2222222222222222,0.0,0.421978021978022,28.210940762393367,17.793243841133254
CP001472,0.17731629392971246,0.08333333333333333,0.05555555555555555,0.4444444444444444,0.2047923322683706,60.4970106770533,73.77791604268056
CP001560,0.35837651122625214,0.24489795918367346,0.2111111111111111,0.27586206896551724,0.21278065630397236,56.508328874835435,64.81461270368001
CP001607,0.4031413612565445,0.21348314606741572,0.3373493975903614,0.24074074074074073,0.2936125654450262,42.230964944326395,40.50556652796647
CP001614,0.2507788161993769,0.2631578947368421,0.2033898305084746,0.2894736842105263,0.25934579439252337,50.89065163357059,54.15317727129128
CP001616,0.4314868804664723,0.27007299270072993,0.42857142857142855,0.2727272727272727,0.2726919339164237,49.02701933458781,49.43651106937553
CP001618,0.4314868804664723,0.27007299270072993,0.42857142857142855,0.2727272727272727,0.2726919339164237,73.1165816375156,93.508394340234
CP001619,0.33159947984395316,0.28368794326241137,0.2558139534883721,0.35,0.26879063719115737,51.54499489795186,62.60272180978048
CP001628,0.33159947984395316,0.28368794326241137,0.2558139534883721,0.35,0.26879063719115737,72.99524968443846,94.18728425581112
CP001629,0.225531914893617,0.2,0.12903225806451613,0.0,0.2170212765957447,58.64699871178244,72.65282632279684
CP001630,0.09933774834437085,0.0,0.0,0.0,0.13774834437086092,73.70887317195238,95.64978768000415
CP001631,0.09933774834437085,0.0,0.0,0.0,0.13774834437086092,68.28933205508218,81.79973028214049
CP001632,0.3778307508939213,0.27638190954773867,0.3333333333333333,0.25925925925925924,0.30512514898688914,39.587971334806774,37.94599582488661
CP001634,0.3123359580052493,0.2602739726027397,0.3142857142857143,0.3684210526315789,0.2845144356955381,41.54598836032433,40.578560825197755
CP001643,0.3123359580052493,0.2602739726027397,0.3142857142857143,0.3684210526315789,0.2845144356955381,72.04577492840924,93.44528426093845
CP001650,0.33839150227617604,0.2880184331797235,0.30612244897959184,0.2980132450331126,0.3310065756196257,36.218453032231466,30.82374537843387
CP001673,0.2730696798493409,0.25728155339805825,0.2537313432835821,0.2631578947368421,0.30112994350282485,42.69275481900595,45.30374804363393
CP001674,0.2874331550802139,0.19298245614035087,0.265625,0.3125,0.24331550802139038,54.86042281266869,62.28717455029545
CP001678,0.27411167512690354,0.25190839694656486,0.3291139240506329,0.2,0.2879187817258883,45.23012065555781,39.00734386460533
CP001681,0.3338497288923315,0.2677165354330709,0.32142857142857145,0.2727272727272727,0.3310611928737413,42.048886254415436,41.33641860750082
CP001682,0.17733990147783252,0.1794871794871795,0.25,0.12903225806451613,0.254679802955665,50.911544290902974,49.39214993163769
CP001683,0.17733990147783252,0.1794871794871795,0.25,0.12903225806451613,0.254679802955665,67.31513626217375,84.17864360783871
CP001684,0.15384615384615385,0.21052631578947367,0.12903225806451613,0.14285714285714285,0.18569500674763834,60.211599355205216,77.75462379883919
CP001685,0.38175675675675674,0.26956521739130435,0.24545454545454545,0.26373626373626374,0.36739864864864863,29.645686057405673,21.00358927527143
CP001686,0.38175675675675674,0.26956521739130435,0.24545454545454545,0.26373626373626374,0.36739864864864863,71.62753355087784,91.9132132312207
CP001699,0.32013888888888886,0.24733475479744135,0.41040462427745666,0.2995169082125604,0.29770833333333335,45.227118022356336,47.48751280015063
CP001700,0.12280701754385964,0.08333333333333333,0.14814814814814814,0.25,0.16885964912280702,69.7670815078113,90.08950101810333
CP001706,0.1336116910229645,0.2,0.24,0.375,0.17453027139874738,58.416683456706785,62.88361486086754
CP001707,0.3528773072747014,0.2634730538922156,0.30158730158730157,0.27692307692307694,0.30293159609120524,43.6871005756164,41.506369295549725
CP001708,0.2813688212927757,0.2727272727272727,0.17647058823529413,0.17307692307692307,0.2984790874524715,36.06876441464908,31.07904651251324
CP001712,0.2526595744680851,0.328125,0.4375,0.2,0.22340425531914893,55.29329254078098,68.05023421839718
CP001713,0.30407523510971785,0.1320754716981132,0.3181818181818182,0.28,0.34796238244514105,40.54987026800535,34.86316746624007
CP001721,0.1919191919191919,0.32727272727272727,0.05,0.32432432432432434,0.3058585858585859,45.686599019953945,41.291892809192
CP001722,0.3398328690807799,0.27472527472527475,0.3448275862068966,0.08888888888888889,0.318941504178273,46.82890532673874,45.2324263077635
CP001726,0.09107806691449814,0.45454545454545453,0.23529411764705882,0.2,0.17100371747211895,64.20459989097697,85.09596244650568
CP001734,0.173828125,0.42857142857142855,0.0625,0.13333333333333333,0.203515625,57.54005161463308,68.36478032949981
CP001736,0.173828125,0.42857142857142855,0.0625,0.13333333333333333,0.203515625,70.5679064337855,91.3588572632568
CP001737,0.173828125,0.42857142857142855,0.0625,0.13333333333333333,0.203515625,70.91646318382362,90.53150839697254
CP001738,0.11518324607329843,0.125,0.14285714285714285,0.25,0.16649214659685863,71.6420205227295,91.97339791302234
CP001739,0.36198830409356725,0.24912280701754386,0.35542168674698793,0.35526315789473684,0.3297076023391813,33.4515920686913,27.24160062723166
CP001769,0.2616970658207772,0.20905923344947736,0.2923076923076923,0.3613861386138614,0.2727200634417129,50.19282050444146,55.96873572319882
CP001778,0.138,0.3333333333333333,0.0,0.06666666666666667,0.1528,68.13393500923839,88.09381245540217
CP001779,0.4064665127020785,0.2916666666666667,0.21428571428571427,0.23076923076923078,0.34133949191685914,26.314554865997263,12.32694760196901
CP001785,0.10248447204968944,0.25,0.1111111111111111,0.13333333333333333,0.2677018633540373,59.448431527349946,72.37828352502143
CP001798,0.256136606189968,0.23636363636363636,0.1694915254237288,0.1794871794871795,0.27321237993596587,51.58400922482495,53.485286955641755
CP001801,0.2894736842105263,0.225,0.35,0.35294117647058826,0.24385964912280703,54.71364202678709,60.740488868978716
CP001804,0.19020172910662825,0.0,0.42857142857142855,0.0,0.13659942363112393,69.4833879119411,88.43233058581215
CP001807,0.17288135593220338,0.1,0.1111111111111111,0.25,0.19661016949152543,64.53711118823745,80.28148464275614
CP001810,0.4398382204246714,0.3142857142857143,0.36936936936936937,0.30097087378640774,0.3170879676440849,40.212540550758916,37.81252784449697
CP001814,0.1401098901098901,0.0,0.11764705882352941,0.5,0.17747252747252748,70.86660360569266,91.04996317509303
CP001818,0.11764705882352941,0.1111111111111111,0.0,0.0,0.22156862745098038,63.79256619243765,85.21930259367649
CP001819,0.06666666666666667,0.0,0.0,0.0,0.11333333333333333,71.88650620102021,93.07957665490976
CP001820,0.5441354292623942,0.32338308457711445,0.35294117647058826,0.1941747572815534,0.32696493349455863,38.629275160847634,30.48109380943077
CP001821,0.5441354292623942,0.32338308457711445,0.35294117647058826,0.1941747572815534,0.32696493349455863,72.48758675378917,93.35958667505398
CP001823,0.11267605633802817,0.0,0.14285714285714285,0.0,0.12488262910798122,68.10279190363633,86.84567382580762
CP001825,0.3115942028985507,0.24324324324324326,0.35,0.23684210526315788,0.28405797101449276,48.072840582412866,49.039950164651025
CP001834,0.3319805194805195,0.21035598705501618,0.23943661971830985,0.34146341463414637,0.3090909090909091,34.910266713469305,25.096711119872783
CP001843,0.21586475942782835,0.27450980392156865,0.3220338983050847,0.38461538461538464,0.2814044213263979,50.837527436243604,55.38517961905614
CP001848,0.23055746730901583,0.10869565217391304,0.25,0.3148148148148148,0.21073640743289745,57.464697308785595,65.2958557927804
CP001851,0.24053452115812918,0.30434782608695654,0.38235294117647056,0.2,0.24766146993318486,57.15114056237365,65.42315991203353
CP001854,0.24053452115812918,0.30434782608695654,0.38235294117647056,0.2,0.24766146993318486,72.7334268541423,93.05789371916354
CP001867,0.24053452115812918,0.30434782608695654,0.38235294117647056,0.2,0.24766146993318486,73.98410933815462,94.15596217773754
CP001874,0.24053452115812918,0.30434782608695654,0.38235294117647056,0.2,0.24766146993318486,72.42917381865672,94.18718061027457
CP001875,0.3208137715179969,0.15294117647058825,0.2831858407079646,0.3333333333333333,0.2272300469483568,53.69076617993087,59.15311209933013
CP001896,0.17218543046357615,0.1111111111111111,0.3333333333333333,0.0,0.18013245033112582,64.37262380054115,79.69600379969924
CP001928,0.2948328267477204,0.2459016393442623,0.45,0.17647058823529413,0.33069908814589666,43.780170409656044,42.1954023505676
CP001940,0.17655786350148367,0.24074074074074073,0.5185185185185185,0.13333333333333333,0.1946587537091988,60.28630983067459,74.03243522590553
CP001958,0.17655786350148367,0.24074074074074073,0.5185185185185185,0.13333333333333333,0.1946587537091988,66.79128951233038,83.1051939555314
CP001962,0.11363636363636363,0.09090909090909091,0.25,0.25,0.1809090909090909,64.8850372187184,81.96628292578141
CP001965,0.2529002320185615,0.375,0.3333333333333333,0.3181818181818182,0.24640371229698377,57.54174246318486,70.31419961261645
CP001966,0.13513513513513514,0.0,0.0625,0.0,0.16,68.41297028848486,85.67817414630017
CP001968,0.33480825958702065,0.2713178294573643,0.26229508196721313,0.29411764705882354,0.30029498525073745,42.536630875053575,41.56504034691842
CP001992,0.22767857142857142,0.21739130434782608,0.18518518518518517,0.15384615384615385,0.25491071428571427,55.41328127911744,60.74478048316092
CP001997,0.27429805615550756,0.30864197530864196,0.21621621621621623,0.19444444444444445,0.27041036717062633,45.30685774758254,42.19687256774173
CP001998,0.21496598639455783,0.18181818181818182,0.29545454545454547,0.10714285714285714,0.23782312925170068,53.60177947414012,60.33642787963222
CP001999,0.36981132075471695,0.2946058091286307,0.275,0.28125,0.37660377358490565,28.360850626598605,15.387206237033068
CP002006,0.3188097768331562,0.2215909090909091,0.296875,0.2909090909090909,0.2907545164718385,47.685532961335895,55.794058886111884
CP002017,0.178,0.23076923076923078,0.25,0.0,0.186,59.114130784816446,69.22860875734256
CP002018,0.21526418786692758,0.08333333333333333,0.2608695652173913,0.07142857142857142,0.1659491193737769,61.69031954887218,72.45978262053252
CP002026,0.178743961352657,0.25,0.1,0.5,0.19227053140096617,67.88473004222645,88.27897265025898
CP002028,0.25554484088717455,0.2654320987654321,0.21176470588235294,0.32,0.29218900675024106,45.8824557802963,47.40308034283177
CP002038,0.37175792507204614,0.3050847457627119,0.3448275862068966,0.2653061224489796,0.23674351585014408,56.29633286083819,65.62455894555883
CP002039,0.20802377414561665,0.24,0.25806451612903225,0.15,0.18454680534918277,63.40456378594629,81.03757687531623
CP002042,0.13982300884955753,0.14285714285714285,0.20833333333333334,0.1388888888888889,0.21699115044247788,62.363628418098884,77.06390346716893
CP002045,0.2335958005249344,0.225,0.06666666666666667,0.2,0.26876640419947506,53.133241430422814,55.033739805660026
CP002046,0.36216730038022815,0.3003533568904594,0.3333333333333333,0.36486486486486486,0.36368821292775666,33.90002986831527,23.466456748162543
CP002047,0.10905349794238683,0.16666666666666666,0.1,0.0,0.1337448559670782,70.75458902611386,89.61386741183121
CP002048,0.15690376569037656,0.22857142857142856,0.17391304347826086,0.1724137931034483,0.24937238493723848,50.989395811950565,57.152346970982165
CP002049,0.03636363636363636,0.07692307692307693,0.14285714285714285,0.125,0.16727272727272727,68.13901247639092,86.71738037908737
CP002056,0.31564245810055863,0.2825112107623318,0.42857142857142855,0.2765957446808511,0.3318435754189944,42.63513069668623,37.17490546805735
CP002084,0.24381625441696114,0.2571428571428571,0.2777777777777778,0.19047619047619047,0.24664310954063604,55.04438159275664,64.9143046600976
CP002085,0.1267123287671233,0.4,0.4444444444444444,0.0,0.15547945205479452,65.7034940481124,85.33284497865574
CP002102,0.1,0.0,0.1111111111111111,0.3333333333333333,0.18444444444444444,68.42270096651546,87.4378435672643
CP002105,0.3932092004381161,0.3082706766917293,0.3541666666666667,0.39805825242718446,0.3434830230010953,36.63129515920823,27.792427182256002
CP002106,0.11538461538461539,0.0,0.2,0.0,0.18461538461538463,64.69752852971105,83.97991500727677
CP002116,0.27074235807860264,0.30434782608695654,0.2727272727272727,0.2,0.2867540029112082,48.96514158879408,50.17874320552298
CP002131,0.26443768996960487,0.2636363636363636,0.20454545454545456,0.11627906976744186,0.2762917933130699,46.820114603503896,51.908446748191295
CP002156,0.1603563474387528,0.16666666666666666,0.30434782608695654,0.2,0.19376391982182628,60.65609859703726,70.43873435702011
CP002157,0.3096153846153846,0.2184873949579832,0.2702702702702703,0.32894736842105265,0.3326923076923077,36.977445412770045,32.209989610809885
CP002158,0.3856589147286822,0.23333333333333334,0.25,0.26865671641791045,0.2812015503875969,48.0491303157634,56.060084648837645
CP002159,0.28846153846153844,0.16666666666666666,0.27906976744186046,0.37142857142857144,0.27633136094674554,52.754823680596594,57.67405650260274
CP002162,0.07017543859649122,0.0,0.2857142857142857,0.0,0.1742690058479532,72.82213415331078,92.92320183484325
CP002171,0.30103806228373703,0.30412371134020616,0.4861111111111111,0.375,0.3416378316032295,34.112512528035516,27.53386588731037
CP002198,0.3146417445482866,0.2584541062801932,0.3696682464454976,0.33203125,0.3202492211838006,40.22255163651048,33.81060954169641
CP002209,0.22082018927444794,0.1111111111111111,0.15625,0.05,0.168664563617245,60.21947303196726,74.59866125458424
CP002224,0.20833333333333334,0.11764705882352941,0.2413793103448276,0.07692307692307693,0.16742424242424242,61.72374467055032,72.70388841676859
CP002271,0.13858267716535433,0.16666666666666666,0.08,0.4,0.16062992125984252,67.45864534737987,84.79390248820647
CP002273,0.200836820083682,0.1825726141078838,0.1509433962264151,0.14583333333333334,0.24504881450488145,47.49750214689114,52.27503323979917
CP002280,0.2255729794933655,0.16071428571428573,0.22916666666666666,0.2545454545454545,0.2661037394451146,53.687692660687745,57.15919320444134
CP002281,0.337612323491656,0.2602739726027397,0.32142857142857145,0.3018867924528302,0.3417201540436457,34.534494620965724,27.628289964493646
CP002287,0.1717325227963526,0.11764705882352941,0.15384615384615385,0.11764705882352941,0.1580547112462006,65.9875561360569,84.34228057699373
CP002292,0.15711645101663585,0.2,0.2903225806451613,0.09090909090909091,0.1944547134935305,62.24843185985493,76.3670502292069
CP002304,0.3403582718651212,0.3901639344262295,0.3246753246753247,0.2676056338028169,0.36522655426765016,33.16135481113169,22.76332038951294
CP002305,0.3493840985442329,0.25,0.16,0.34210526315789475,0.31198208286674134,40.41362648482518,37.992539885975695
CP002339,0.29473684210526313,0.22676579925650558,0.23529411764705882,0.19708029197080293,0.28520123839009287,43.506790224265245,40.02699928744964
CP002343,0.29473684210526313,0.22676579925650558,0.23529411764705882,0.19708029197080293,0.28520123839009287,70.70365089596365,90.52364365277442
CP002344,0.07352941176470588,0.0,0.0,0.16666666666666666,0.12941176470588237,72.48208595927298,90.15164594001295
CP002345,0.3500727802037846,0.2572614107883817,0.32038834951456313,0.3977272727272727,0.302037845705968,38.85666655089779,36.90686604784456
CP002347,0.36578171091445427,0.21428571428571427,0.34615384615384615,0.34615384615384615,0.3433628318584071,35.753011699226306,31.623728921601412
CP002349,0.3711111111111111,0.31333333333333335,0.3805309734513274,0.23931623931623933,0.3454814814814815,35.51221813052385,30.05027712289496
CP002353,0.19062027231467474,0.30434782608695654,0.3,0.3,0.19606656580937973,62.444079661404686,73.5681544322742
CP002355,0.39929947460595444,0.2261904761904762,0.3157894736842105,0.2962962962962963,0.3604203152364273,44.994259801835,46.09885495021901
CP002360,0.3035439137134052,0.3188405797101449,0.39622641509433965,0.10810810810810811,0.31371340523882896,43.45191857580361,43.37644513416864
CP002361,0.1095890410958904,0.0,0.25,0.5,0.14931506849315068,70.02482703542627,92.225683629916
CP002364,0.25170068027210885,0.17391304347826086,0.3333333333333333,0.16666666666666666,0.23401360544217686,58.92757515896828,71.9643941822454
CP002382,0.30855855855855857,0.14285714285714285,0.3148148148148148,0.2,0.23851351351351352,54.71298554422008,63.353420928571396
CP002390,0.29271916790490343,0.16911764705882354,0.41333333333333333,0.23214285714285715,0.32689450222882616,35.445507329835344,31.35175195404921
CP002395,0.18494271685761046,0.21875,0.20512820512820512,0.10526315789473684,0.2409165302782324,59.180881385322195,71.02120927328849
CP002400,0.2046783625730994,0.23809523809523808,0.3157894736842105,0.42857142857142855,0.2415204678362573,55.5585100725393,67.47799906657528
CP002417,0.1509433962264151,0.2857142857142857,0.14285714285714285,0.08333333333333333,0.1730458221024259,66.47972170008927,85.93058828009994
CP002422,0.21153846153846154,0.16666666666666666,0.12727272727272726,0.3333333333333333,0.21923076923076923,51.498769329353344,60.30832086948006
CP002432,0.22615803814713897,0.0625,0.20689655172413793,0.0,0.22615803814713897,56.10872507194258,66.87424598584889
CP002444,0.1702127659574468,0.3,0.06666666666666667,0.0,0.25851063829787235,52.11486869899255,62.2729356661938
CP002452,0.21929824561403508,0.2857142857142857,0.19230769230769232,0.21052631578947367,0.26900584795321636,53.911915803900946,68.33222814869386
CP002453,0.338879645036051,0.2698072805139186,0.2840909090909091,0.3333333333333333,0.3403216860787576,33.76617850633946,24.839353603043133
CP002455,0.38680318543799774,0.3072916666666667,0.32432432432432434,0.35365853658536583,0.3397042093287827,35.921712449965995,30.660974563700265
CP002479,0.12625698324022347,0.08333333333333333,0.11864406779661017,0.13793103448275862,0.19597765363128491,61.17795371438165,80.3803493560879
CP002512,0.37595907928388744,0.19576719576719576,0.37,0.26153846153846155,0.28618925831202047,41.88288753247277,41.028908230133354
CP002514,0.08518518518518518,0.14285714285714285,0.375,0.16666666666666666,0.20666666666666667,61.37353066787112,71.2925836697303
CP002521,0.21739130434782608,0.0,0.3333333333333333,0.0,0.16260869565217392,68.82101430637869,88.12235027596982
CP002528,0.39515455304928987,0.321285140562249,0.35526315789473684,0.4056603773584906,0.34402673350041774,37.28913304540747,29.071976736729933
CP002542,0.3538149898717083,0.24124513618677043,0.27522935779816515,0.30612244897959184,0.31289669142471305,36.494677869818496,30.773281060935545
CP002543,0.32677165354330706,0.3409090909090909,0.27586206896551724,0.3,0.352755905511811,34.94858518464715,25.794333719559578
CP002544,0.2957983193277311,0.20481927710843373,0.3218390804597701,0.125,0.2865546218487395,43.35854115212846,45.50594221801111
CP002546,0.2143987341772152,0.25,0.1625,0.09375,0.2139240506329114,56.448637682336866,65.06472505094511
CP002547,0.24141519250780438,0.226890756302521,0.4036697247706422,0.19047619047619047,0.28033298647242455,46.350190020427156,48.834887434354
CP002548,0.4019607843137255,0.39263803680981596,0.25,0.5263157894736842,0.3749019607843137,27.19146803587076,21.19632291729623
CP002568,0.13414634146341464,0.0,0.3333333333333333,0.0,0.15853658536585366,67.21816850258045,86.10177881547655
CP002584,0.3121924548933844,0.26,0.34615384615384615,0.27741935483870966,0.3121924548933844,41.10174901777252,39.68411988829821
CP002593,0.12857142857142856,0.0,0.0,0.0,0.10857142857142857,73.30953216701418,93.37673601152711
CP002606,0.273972602739726,0.20930232558139536,0.07142857142857142,0.4,0.30684931506849317,37.47425387888553,34.82711355754928
CP002623,0.1527027027027027,0.23333333333333334,0.21153846153846154,0.26666666666666666,0.20054054054054055,57.20617746871345,63.89680935066454
CP002628,0.15178571428571427,0.0,0.25,0.0,0.23392857142857143,60.393461963311104,73.65026650100693
CP002629,0.2844932844932845,0.3516483516483517,0.1875,0.3333333333333333,0.2578754578754579,52.89111833046157,61.21289535608213
CP002630,0.071875,0.25,0.3333333333333333,0.0,0.138125,68.07581813061798,87.23943006005747
CP002638,0.071875,0.25,0.3333333333333333,0.0,0.138125,70.8545250986818,89.50584950342642
CP002657,0.18729096989966554,0.3,0.2727272727272727,0.125,0.19464882943143813,67.98318727162113,88.50981913403375
CP002663,0.18518518518518517,0.23333333333333334,0.1875,0.25,0.23676268861454047,56.920129621833325,64.30819043092237
CP002666,0.18518518518518517,0.23333333333333334,0.1875,0.25,0.23676268861454047,74.72433071501032,95.80570365173895
CP002667,0.47878787878787876,0.26046511627906976,0.35555555555555557,0.2037037037037037,0.32707070707070707,39.876866858802494,34.517492353149684
CP002683,0.3288888888888889,0.3472222222222222,0.2,0.23809523809523808,0.3231111111111111,42.425450774774525,37.19907099293046
CP002690,0.3262411347517731,0.32142857142857145,0.3,0.4230769230769231,0.4118203309692671,33.86623061671051,27.104277667312875
CP002691,0.27214611872146116,0.22448979591836735,0.17727272727272728,0.25874125874125875,0.29497716894977166,47.1331222886286,52.842800375082554
CP002701,0.41637010676156583,0.379746835443038,0.3684210526315789,0.5789473684210527,0.43345195729537367,25.439887368942856,12.037159717083258
CP002725,0.3050847457627119,0.26785714285714285,0.42424242424242425,0.46153846153846156,0.34915254237288135,41.22960708801931,34.43784294716497
CP002738,0.262987012987013,0.2706766917293233,0.27848101265822783,0.18333333333333332,0.261038961038961,51.31004907079445,57.15543575299591
CP002786,0.17164179104477612,0.0,0.23076923076923078,0.2,0.16716417910447762,62.2442474469851,71.24509272505556
CP002810,0.17164179104477612,0.0,0.23076923076923078,0.2,0.16716417910447762,73.8877299908699,96.07381311278519
CP002825,0.3703422053231939,0.31221719457013575,0.3103448275862069,0.37894736842105264,0.36,30.823216535079524,18.766457653661888
CP002831,0.25,0.16774193548387098,0.28,0.18518518518518517,0.28196480938416424,46.35995689072886,49.05056982794175
CP002835,0.29022988505747127,0.1497005988023952,0.2822085889570552,0.31666666666666665,0.28117816091954023,43.95143870016896,44.07903811635578
CP002858,0.2706333973128599,0.23,0.15789473684210525,0.4,0.3297504798464491,38.29426222695412,36.61845565568697
CP002859,0.2693935119887165,0.2318840579710145,0.27485380116959063,0.36792452830188677,0.28246356370474845,46.589687914225244,51.97370225285752
CP002874,0.5576804441702653,0.4093567251461988,0.5116279069767442,0.4380952380952381,0.4181369524984577,27.218659714329636,16.388133435679702
CP002876,0.33737185461323393,0.33516483516483514,0.23404255319148937,0.4125,0.30400745573159366,45.44306721600743,43.906493157602
CP002899,0.4295977011494253,0.30708661417322836,0.43283582089552236,0.2857142857142857,0.3545977011494253,35.48314982727325,26.591811412139435
CP002901,0.25536723163841807,0.19230769230769232,0.32142857142857145,0.24,0.20022598870056496,56.762097157979575,62.72375357586467
CP002902,0.17973856209150327,0.0,0.2727272727272727,0.0,0.1738562091503268,61.52319042473099,73.99188742560379
CP002930,0.25745526838966204,0.20481927710843373,0.14084507042253522,0.25,0.24910536779324055,49.85902300409618,55.46027243078887
CP002955,0.335423197492163,0.2769607843137255,0.2782608695652174,0.3,0.34022988505747126,38.14606753312385,35.33288954623839
CP002959,0.2423780487804878,0.16666666666666666,0.16666666666666666,0.3333333333333333,0.24939024390243902,53.63478455251636,60.161517541701706
CP002961,0.4221908791725435,0.274468085106383,0.24666666666666667,0.281767955801105,0.3455571227080395,35.69799077062489,28.614937787665134
CP002976,0.1606837606837607,0.09090909090909091,0.21739130434782608,0.0,0.19179487179487179,59.84126456664358,69.7509134952575
CP002985,0.25766871165644173,0.37037037037037035,0.20588235294117646,0.1,0.2314928425357873,56.59431242268247,61.571186231401015
CP002987,0.292,0.28106508875739644,0.29770992366412213,0.2247191011235955,0.2850666666666667,39.33813903708412,36.8804643334645
CP002991,0.2638717632552404,0.23118279569892472,0.2638888888888889,0.2,0.33415536374845867,34.341571587788536,26.148057608477504
CP002999,0.29380053908355797,0.24630541871921183,0.32786885245901637,0.2638888888888889,0.31769991015274035,41.357976817746724,43.134497623905794
CP003051,0.17391304347826086,0.4,0.0,0.0,0.17944664031620552,65.64171047051795,81.89928994485561
CP003058,0.22236842105263158,0.17647058823529413,0.10526315789473684,0.3333333333333333,0.2231578947368421,50.020600820415105,54.62587252011619
CP003075,0.20434782608695654,0.11764705882352941,0.20833333333333334,0.125,0.20478260869565218,61.36948117247937,74.20036063892825
CP003096,0.22922636103151864,0.3269230769230769,0.19230769230769232,0.1,0.28022922636103154,47.05763974928015,50.88311071785386
CP003108,0.3192118226600985,0.2957393483709273,0.2983425414364641,0.25142857142857145,0.3049261083743842,42.85489148111718,40.34934465069333
CP003119,0.3192118226600985,0.2957393483709273,0.2983425414364641,0.25142857142857145,0.3049261083743842,67.01881281631378,83.33684294829469
CP003130,0.16366612111292964,0.17777777777777778,0.22388059701492538,0.1724137931034483,0.22618657937806874,57.90987429894653,69.29417246418967
CP003147,0.198482194979568,0.17475728155339806,0.24489795918367346,0.22727272727272727,0.2454173963806188,52.372878570111055,56.93904760541019
CP003153,0.20346320346320346,0.1875,0.26666666666666666,0.1,0.1670995670995671,65.36764049193849,84.52197831441879
CP003154,0.15718562874251496,0.23076923076923078,0.3055555555555556,0.0625,0.2029940119760479,62.60696729227073,75.52943991028167
CP003155,0.25709779179810727,0.24444444444444444,0.3148148148148148,0.2777777777777778,0.30378548895899055,46.19729629700798,49.70827914159189
CP003156,0.29242569511025884,0.2883435582822086,0.2830188679245283,0.3888888888888889,0.33422818791946307,40.233501672601165,36.82732904806694
CP003171,0.18089171974522292,0.2608695652173913,0.2222222222222222,0.2857142857142857,0.2140127388535032,61.101960229754305,76.7184051186824
CP003178,0.32539404553415063,0.25609756097560976,0.2669491525423729,0.3469387755102041,0.28350262697022766,44.86974527778479,48.26457814326428
CP003183,0.23314606741573032,0.23529411764705882,0.41935483870967744,0.1111111111111111,0.250561797752809,59.03407490127308,64.34338868585253
CP003191,0.25,0.2616822429906542,0.16216216216216217,0.19444444444444445,0.28144104803493447,46.975954633666916,50.9564003884476
CP003198,0.2275132275132275,0.23529411764705882,0.22727272727272727,0.2631578947368421,0.29523809523809524,47.968065904567965,52.55547500618312
CP003203,0.12094395280235988,0.07692307692307693,0.08333333333333333,0.05,0.17787610619469027,62.31679754755363,74.7750781430733
CP003236,0.1322314049586777,0.3333333333333333,0.4,0.0,0.16859504132231404,68.14500450568593,84.4415716151609
CP003255,0.25034387895460797,0.03571428571428571,0.25806451612903225,0.3125,0.19092159559834937,60.569620689515816,78.05709970281215
CP003257,0.4423076923076923,0.3022222222222222,0.4411764705882353,0.2972972972972973,0.3248251748251748,29.155505920703845,18.08167484599285
CP003260,0.281195079086116,0.1532258064516129,0.18604651162790697,0.2608695652173913,0.28084358523725833,38.87534094879894,36.052613713285616
CP003264,0.43561643835616437,0.2727272727272727,0.25,0.5333333333333333,0.37589041095890413,37.3414012746208,27.188392323273806
CP003273,0.29612492770387505,0.3064516129032258,0.3333333333333333,0.2682926829268293,0.2984384037015616,45.490965042120024,47.308069100825875
CP003280,0.34270101483216237,0.2374429223744292,0.15853658536585366,0.275,0.34285714285714286,36.191254451211144,30.75728572378676
CP003281,0.34186746987951805,0.29545454545454547,0.2818181818181818,0.3711340206185567,0.33433734939759036,36.813130645201646,32.51640061801929
CP003283,0.3914510686164229,0.3008849557522124,0.3125,0.3,0.3592800899887514,37.217626892577655,35.26099033834436
CP003313,0.3738229755178908,0.19254658385093168,0.2765957446808511,0.24489795918367346,0.2885122410546139,40.22145367323032,33.91593885172638
CP003315,0.38461538461538464,0.36538461538461536,0.6428571428571429,0.0,0.44125874125874126,25.223651385964548,14.74953878545134
CP003345,0.3587140439932318,0.3235294117647059,0.4097222222222222,0.29515418502202645,0.3741962774957699,30.671775485192416,19.626436478305532
CP003346,0.3053582956746288,0.23113207547169812,0.32407407407407407,0.3238095238095238,0.28624919302775986,44.75369291231874,49.09175079701411
CP003349,0.4119082479258175,0.3353658536585366,0.32926829268292684,0.3696969696969697,0.3181063933626159,37.308540121247916,31.80086765244495
CP003350,0.20175438596491227,0.3333333333333333,0.23076923076923078,0.5,0.1956140350877193,63.39579925726899,76.58244385578608
CP003359,0.4386317907444668,0.33015873015873015,0.5063291139240507,0.36283185840707965,0.34869215291750505,32.455841359174556,19.639023222832357
CP003360,0.31244635193133047,0.375,0.27710843373493976,0.16666666666666666,0.26317596566523604,50.07753722094292,53.97771887036462
CP003364,0.22848200312989045,0.05714285714285714,0.24175824175824176,0.11764705882352941,0.21173708920187792,62.26605778492005,76.39141400760869
CP003379,0.13762376237623763,0.06451612903225806,0.13157894736842105,0.36,0.19287128712871288,60.28124711880085,73.29705063907933
CP003382,0.1102803738317757,0.18181818181818182,0.14705882352941177,0.0,0.16635514018691588,63.9743688494036,77.97172687636252
CP003389,0.16605166051660517,0.6666666666666666,0.09090909090909091,0.0,0.15793357933579336,69.89692795650744,91.25518636410123
CP003390,0.3059250302297461,0.30357142857142855,0.32432432432432434,0.2549019607843137,0.3085852478839178,44.7485983480126,41.461263474348534
CP003403,0.3715953307392996,0.2532467532467532,0.2032520325203252,0.2857142857142857,0.2656290531776913,52.18893013202079,57.35521770207578
CP003415,0.39120631341600903,0.26639344262295084,0.37254901960784315,0.25316455696202533,0.2785794813979707,50.36738942737129,52.601062789440704
CP003418,0.36083608360836084,0.3010204081632653,0.3116883116883117,0.39215686274509803,0.3757975797579758,33.93312429608442,25.96296654488778
CP003422,0.2258573117855735,0.18055555555555555,0.22085889570552147,0.1414141414141414,0.19897516752069375,58.26471788824384,73.0149247366025
CP003466,0.1816816816816817,0.1,0.21212121212121213,0.3333333333333333,0.19579579579579579,61.631565779389454,75.06477644447301
CP003470,0.1347517730496454,1.0,0.3333333333333333,0.5,0.150354609929078,67.45425974265706,86.3215818477593
CP003488,0.4704944178628389,0.2881844380403458,0.4,0.19696969696969696,0.3134502923976608,41.26553885876065,36.21613814687945
CP003493,0.19298245614035087,0.0,0.2857142857142857,0.0,0.1649122807017544,68.77366205619542,88.51909770935826
CP003495,0.25274725274725274,0.0,0.2857142857142857,0.5,0.210989010989011,68.70717851197536,84.48485862174228
CP003532,0.3795180722891566,0.3793103448275862,0.38636363636363635,0.23333333333333334,0.26506024096385544,45.45110682465943,48.70776957271423
CP003546,0.3380681818181818,0.3333333333333333,0.39285714285714285,0.25,0.30454545454545456,43.290203096300914,44.793087709472836
CP003549,0.379375,0.38058551617873654,0.2653061224489796,0.30303030303030304,0.32875,37.53580373912035,29.562049153826123
CP003557,0.4236006051437216,0.36428571428571427,0.22727272727272727,0.21428571428571427,0.33161875945537067,41.328118230015995,43.84270421583452
CP003558,0.23098859315589354,0.3870967741935484,0.23148148148148148,0.30303030303030304,0.2899239543726236,48.51682698289227,48.47886608973726
CP003563,0.1700960219478738,0.3888888888888889,0.19444444444444445,0.2916666666666667,0.19670781893004116,62.091754151458375,75.88194164243626
CP003587,0.15706806282722513,0.2916666666666667,0.2903225806451613,0.1875,0.23664921465968586,60.53681527923669,71.53652756508654
CP003590,0.3019441069258809,0.3471698113207547,0.18627450980392157,0.3558282208588957,0.3020656136087485,45.19333675167948,43.03819184613699
CP003591,0.19350282485875706,0.2,0.29545454545454547,0.1,0.26299435028248586,58.463087074841845,69.82877648505972
CP003592,0.3605220228384992,0.38288288288288286,0.3474576271186441,0.3412698412698413,0.3254486133768352,46.314761799639506,49.010557632252976
CP003597,0.31958762886597936,0.3165829145728643,0.16312056737588654,0.27218934911242604,0.289636462289745,44.440269723892115,39.871560948498235
CP003600,0.34780534351145037,0.3697478991596639,0.3230769230769231,0.29743589743589743,0.2926526717557252,45.727220864738676,43.78689290128597
CP003607,0.2565217391304348,0.23788546255506607,0.23809523809523808,0.2037037037037037,0.26231884057971017,47.60109412346252,47.709045324249146
CP003620,0.30499766464269035,0.3076923076923077,0.34269662921348315,0.23788546255506607,0.32386735170481085,40.162060248094555,32.208763169887916
CP003630,0.28243944636678203,0.2680851063829787,0.2629310344827586,0.20114942528735633,0.28088235294117647,46.2148157756402,44.79423404576558
CP003642,0.3113207547169811,0.3333333333333333,0.30939226519337015,0.3054187192118227,0.31449399656946825,42.302429050368666,37.745172810288594
CP003646,0.29344073647871116,0.35023041474654376,0.24087591240875914,0.21739130434782608,0.29597238204833143,43.269437542253925,37.02533418563716
CP003653,0.355863921217547,0.3683168316831683,0.33170731707317075,0.3699421965317919,0.3577439570277529,35.953260418284586,23.985643983054743
CP003659,0.3723584108199493,0.369620253164557,0.3575418994413408,0.30327868852459017,0.3201183431952663,38.79613235861583,30.47733053154075
CP003729,0.10443037974683544,0.0,0.4,0.0,0.17088607594936708,71.29150027520464,92.30178445207268
CP003732,0.20347003154574134,0.27848101265822783,0.2807017543859649,0.23529411764705882,0.24952681388012618,53.8840859500173,63.67257208481082
CP003742,0.21020408163265306,0.22916666666666666,0.32894736842105265,0.17857142857142858,0.21959183673469387,55.25670834199473,61.61040805656562
CP003746,0.26383526383526384,0.24242424242424243,0.2926829268292683,0.12,0.2193050193050193,55.830657311811684,64.37800530082578
CP003778,0.19242424242424241,0.45454545454545453,0.1724137931034483,0.0,0.17242424242424242,64.71417170237184,78.94358383671744
CP003787,0.29828571428571427,0.28431372549019607,0.19642857142857142,0.3333333333333333,0.3424,35.072108088307566,29.241376921540787
CP003788,0.15204678362573099,0.0,0.14285714285714285,0.5714285714285714,0.17309941520467836,69.64986386435099,87.39891311646862
CP003789,0.336996336996337,0.312,0.3888888888888889,0.2702702702702703,0.38974358974358975,35.35545263079541,24.887214533849594
CP003796,0.3050314465408805,0.34782608695652173,0.3333333333333333,0.2916666666666667,0.3289308176100629,39.078791911385224,31.939623272030076
CP003801,0.457286432160804,0.4444444444444444,0.3888888888888889,0.4444444444444444,0.4,32.2633351464088,24.48636938429102
CP003837,0.2930794240594519,0.30174563591022446,0.32989690721649484,0.3262411347517731,0.30924291686019506,40.36515937093565,35.81214250047337
CP003870,0.2730627306273063,0.2752808988764045,0.3305084745762712,0.2602739726027397,0.29870848708487086,44.30814140013351,46.157495262988064
CP003876,0.1671018276762402,0.125,0.36363636363636365,0.0,0.1514360313315927,68.04707711076361,85.32207044648229
CP003879,0.305635838150289,0.1971326164874552,0.26136363636363635,0.336734693877551,0.3299132947976879,34.52528927547392,28.44657148377572
CP003915,0.29014084507042254,0.1917808219178082,0.375,0.22448979591836735,0.23305164319248825,54.26468342264851,60.1713251164455
CP003926,0.24266144814090018,0.375,0.2702702702702703,0.10526315789473684,0.2594911937377691,56.24709917544409,59.82452255907001
CP003943,0.3125265392781316,0.3003194888178914,0.29107981220657275,0.29207920792079206,0.30038216560509556,42.24716173433392,36.69614981320413
CP003944,0.37238169123351433,0.3625,0.43243243243243246,0.23232323232323232,0.2969743987587277,42.43836564217796,35.923314884861014
CP003945,0.3283582089552239,0.34965034965034963,0.28187919463087246,0.25301204819277107,0.3049253731343284,42.9225420358588,36.93186637312255
CP003946,0.27586206896551724,0.3027027027027027,0.3259668508287293,0.25833333333333336,0.3200678349349915,43.86736117207542,40.818778881897735
CP003947,0.341861731083288,0.35967302452316074,0.31901840490797545,0.3581081081081081,0.3451279259662493,34.95832258776466,25.964975607312162
CP003949,0.21052631578947367,0.2222222222222222,0.18181818181818182,0.6666666666666666,0.15789473684210525,67.37333968568285,83.46822529303743
CP003969,0.140625,0.0,0.2,0.1111111111111111,0.13697916666666668,72.10183921459195,92.07888496290387
CP003984,0.20057720057720058,0.125,0.21875,0.10526315789473684,0.21414141414141413,53.6388552492882,56.968776763061534
CP003985,0.2850574712643678,0.2553191489361702,0.21875,0.20408163265306123,0.29356321839080457,45.38701968841373,43.40173614008632
CP003989,0.19421487603305784,0.0,0.2,0.0,0.1578512396694215,66.49738278761228,81.4401820985169
CP004025,0.17391304347826086,0.0,0.0,0.0,0.16260869565217392,69.19217907082749,89.47126440263338
CP004083,0.4260722347629797,0.2774869109947644,0.35294117647058826,0.20952380952380953,0.2919864559819413,48.287140676352195,49.62131716586283
CP004121,0.40877134248409774,0.3766114180478821,0.3278008298755187,0.3322475570032573,0.3590893873451624,29.54141008539174,18.2156686061567
CP004345,0.4336356141797197,0.34545454545454546,0.3333333333333333,0.5,0.26232481450948064,51.139440863746884,55.679921727424365
CP004348,0.3588039867109635,0.2716049382716049,0.2631578947368421,0.2,0.29335548172757475,46.088907572883876,43.51092181182256
CP004349,0.32875368007850836,0.24242424242424243,0.4418604651162791,0.3333333333333333,0.35152109911678114,30.588450210942252,19.146865379757102
CP004372,0.13679245283018868,0.0,0.375,0.0,0.1632075471698113,65.74240058462343,82.04848508420692
CP004388,0.27101879327398615,0.23076923076923078,0.39473684210526316,0.375,0.2304648862512364,54.85013885945151,60.8492549376389
CP004393,0.27101879327398615,0.23076923076923078,0.39473684210526316,0.375,0.2304648862512364,66.00825107830354,83.76106714571941
CP004856,0.22964669738863286,0.12962962962962962,0.22608695652173913,0.25,0.23778801843317973,42.84843123226726,42.67804120268466
CP005094,0.22077922077922077,0.3333333333333333,0.3888888888888889,0.1111111111111111,0.1864935064935065,65.6755124972747,81.5730660616583
CP005383,0.49588815789473684,0.2,0.3302752293577982,0.15789473684210525,0.2802631578947368,41.047341198519696,36.80591735150218
CP005384,0.4640171858216971,0.27607361963190186,0.36619718309859156,0.27,0.31772287862513426,40.05979163261268,33.29125144265007
CP005964,0.3413078149920255,0.25471698113207547,0.3,0.17307692307692307,0.2800637958532695,47.03878040354833,45.690895617986754
CP005990,0.2457627118644068,0.0,0.42857142857142855,0.2,0.16271186440677965,63.857427810514835,74.88197416209238
CP005996,0.25237449118046135,0.19014084507042253,0.2545454545454545,0.2711864406779661,0.30420624151967435,41.83728920453198,36.562331152446745
CP006265,0.400997150997151,0.2842809364548495,0.4444444444444444,0.3072289156626506,0.34458689458689457,42.443393892002376,39.73417289948432
CP006272,0.15512465373961218,0.0,0.125,0.3076923076923077,0.16897506925207756,70.35507730263562,89.51215694099875
CP006566,0.3082394783639597,0.21014492753623187,0.22429906542056074,0.2,0.23200948429164198,56.195318132915915,66.54012504876987
CP006569,0.21296296296296297,0.17721518987341772,0.22413793103448276,0.09375,0.18518518518518517,57.47393369356759,67.20460837056719
CP006587,0.1773612112472963,0.30434782608695654,0.25301204819277107,0.25925925925925924,0.2288392213410238,61.92970059088556,81.16750941022241
CP006597,0.30798479087452474,0.22267206477732793,0.19791666666666666,0.26229508196721313,0.25627376425855514,38.01157079598829,29.837253372870286
CP006617,0.29395604395604397,0.37142857142857144,0.2972972972972973,0.35135135135135137,0.31868131868131866,41.644697144569584,38.16307476668408
CP006644,0.17391304347826086,0.1,0.25,0.18181818181818182,0.19826086956521738,66.78083764522678,83.06973025059443
CP006650,0.1336405529953917,0.3333333333333333,0.22727272727272727,0.16666666666666666,0.1608294930875576,63.38539938629816,76.3988145803872
CP006664,0.2925801011804384,0.2375,0.22666666666666666,0.1568627450980392,0.21197301854974704,58.718518079405534,68.34220100354395
CP006696,0.29343629343629346,0.23684210526315788,0.4375,0.38095238095238093,0.2698841698841699,52.10373870747615,54.0578794729741
CP006704,0.1912632821723731,0.14285714285714285,0.2698412698412698,0.06451612903225806,0.21133412042502953,61.87228699806011,76.26836289414923
CP006734,0.1912632821723731,0.14285714285714285,0.2698412698412698,0.06451612903225806,0.21133412042502953,68.34535801948914,86.10440429713731
CP006772,0.37790697674418605,0.31958762886597936,0.2727272727272727,0.29411764705882354,0.3395348837209302,41.491431915386045,40.955182905046904
CP006773,0.12166172106824925,0.23529411764705882,0.2727272727272727,0.1111111111111111,0.17626112759643917,62.36900769620497,75.5478647486731
CP006842,0.1464968152866242,0.0,0.1111111111111111,0.0,0.1910828025477707,64.81654437051148,79.35615019705926
CP006866,0.2917369308600337,0.12280701754385964,0.1619047619047619,0.1794871794871795,0.218212478920742,47.239218821848844,48.29798861768181
CP006914,0.24867724867724866,0.16666666666666666,0.14285714285714285,0.3076923076923077,0.26666666666666666,43.151248876847866,44.42254157393535
CP006939,0.3151515151515151,0.23684210526315788,0.2786885245901639,0.24,0.2381818181818182,51.86034252952444,56.881119859009765
CP006949,0.2513089005235602,0.21052631578947367,0.22727272727272727,0.2777777777777778,0.31413612565445026,46.932018903891766,47.585229542158885
CP006955,0.47433460076045625,0.1989247311827957,0.3974358974358974,0.13953488372093023,0.2855513307984791,41.06930896404302,34.2478526593237
CP006958,0.1743119266055046,0.2,0.36,0.125,0.16623853211009174,67.5320157568155,86.99919284055
CP007028,0.1925925925925926,0.2727272727272727,0.0,0.5,0.27555555555555555,45.1919315572205,48.525852618158844
CP007030,0.35877862595419846,0.1951219512195122,0.3170731707317073,0.36585365853658536,0.3099236641221374,45.91219532987793,42.88806589585989
CP007031,0.21481481481481482,0.0,0.2,0.0,0.16444444444444445,67.8640908234527,86.23914756643725
CP007034,0.32718327183271834,0.3253012048192771,0.2037037037037037,0.2,0.25510455104551044,51.66991890423211,64.89434077805666
CP007035,0.2931379080612925,0.23404255319148937,0.25,0.4772727272727273,0.2978014656895403,45.23746722349209,48.22710674914191
CP007044,0.35785536159601,0.23636363636363636,0.37037037037037035,0.1794871794871795,0.26807980049875313,50.87880633717935,54.7452283465446
CP007051,0.3187919463087248,0.32142857142857145,0.4,0.24,0.3711409395973154,32.07531900861388,23.53700412771709
CP007053,0.19418483904465214,0.23809523809523808,0.2564102564102564,0.125,0.18276220145379024,63.56910958175921,78.38258075803702
CP007062,0.3265993265993266,0.2543352601156069,0.23214285714285715,0.4266666666666667,0.3571268237934905,26.96668687094253,12.956517015645739
CP007128,0.06111111111111111,0.5,0.0,0.3333333333333333,0.12,72.56090386060356,94.21272680715516
CP007139,0.17967145790554415,0.043478260869565216,0.15151515151515152,0.13157894736842105,0.18973305954825462,60.8266775132355,74.70310621512984
CP007142,0.27381703470031543,0.1952662721893491,0.3291139240506329,0.23214285714285715,0.2651104100946372,48.632781646702824,48.15526029451654
CP007152,0.19791666666666666,0.2,0.2545454545454545,0.3,0.22083333333333333,57.07940505990211,66.06776145067559
CP007155,0.0989010989010989,0.25,0.25,0.0,0.15457875457875458,70.59600244092968,91.27290067194932
CP007161,0.32068543451652387,0.2672955974842767,0.23728813559322035,0.22435897435897437,0.283843329253366,37.630336392333675,30.971596740109565
CP007201,0.26081582200247216,0.18333333333333332,0.2708333333333333,0.2222222222222222,0.3315203955500618,40.89826304448522,38.89443801110675
CP007202,0.37569499602859413,0.25,0.2982456140350877,0.24242424242424243,0.3482128673550437,33.533949599060044,25.602686192336186
CP007444,0.14827018121911037,0.2222222222222222,0.18181818181818182,0.15789473684210525,0.18912685337726523,64.22549157484235,80.36732536617014
CP007445,0.49213483146067416,0.30465116279069765,0.4576271186440678,0.32038834951456313,0.3680898876404494,33.61728247200431,23.01745556987857
CP007446,0.393154486586494,0.29777777777777775,0.42857142857142855,0.38235294117647056,0.3459759481961147,41.265944561226405,35.93210878747006
CP007447,0.4343859649122807,0.29086538461538464,0.3548387096774194,0.2727272727272727,0.32196491228070173,32.76461269538065,22.837218363115827
CP007451,0.2982558139534884,0.2558139534883721,0.34306569343065696,0.34065934065934067,0.2911627906976744,41.31110710580029,41.74007240439233
CP007481,0.2608695652173913,0.5,0.30434782608695654,0.23076923076923078,0.29456521739130437,41.69313030969248,40.48031791456713
CP007519,0.18475073313782991,0.0,0.32,0.13333333333333333,0.20410557184750733,59.501366324693485,69.92251068083428
CP007566,0.23588709677419356,0.14,0.18840579710144928,0.19047619047619047,0.18951612903225806,60.81675030419831,80.13894882423114
CP008788,0.33614775725593665,0.21476510067114093,0.31496062992125984,0.2711864406779661,0.234089709762533,55.91356898925424,65.46873306078662
CP008796,0.18559556786703602,0.23809523809523808,0.3157894736842105,0.18181818181818182,0.3634349030470914,36.976097548531925,31.994804723997284
CP008802,0.15973741794310722,0.13333333333333333,0.13333333333333333,0.17857142857142858,0.17199124726477025,62.19183385773022,72.56853021012098
CP008803,0.24942263279445728,0.4230769230769231,0.3333333333333333,0.25,0.24572748267898384,58.73526537989287,72.73222726377944
CP008804,0.4138817480719794,0.23841059602649006,0.5,0.2702702702702703,0.31876606683804626,41.485378297724615,37.617035142518624
CP008876,0.29652996845425866,0.24043715846994534,0.20618556701030927,0.1839080459770115,0.2307570977917981,42.89902979467948,39.81139382766129
CP008889,0.29652996845425866,0.24043715846994534,0.20618556701030927,0.1839080459770115,0.2307570977917981,69.12715362488407,88.89737637006021
CP009056,0.4949308755760369,0.39644970414201186,0.42718446601941745,0.25333333333333335,0.37585253456221196,34.11906545617566,23.464886117265397
CP009122,0.22282608695652173,0.1875,0.38461538461538464,0.38461538461538464,0.2257246376811594,63.852976138981546,77.8523576454288
CP009129,0.3002028397565923,0.17229729729729729,0.20869565217391303,0.25203252032520324,0.2549019607843137,39.337963397465984,32.747774802195735
CP009159,0.5121555915721232,0.25196850393700787,0.3939393939393939,0.2391304347826087,0.29562398703403564,40.21517446048486,34.327891206690964
CP009217,0.4289940828402367,0.39572192513368987,0.4878048780487805,0.3225806451612903,0.377810650887574,30.772110339135217,20.76253209947903
CP009257,0.3722488038277512,0.140625,0.30409356725146197,0.19642857142857142,0.3119617224880383,39.04102432934414,30.15086226840688
CP009291,0.1951219512195122,0.4,0.1,0.14285714285714285,0.175,63.498786030225865,78.0663982712248
CP009301,0.32966023875114786,0.2560386473429952,0.32075471698113206,0.4095238095238095,0.3292929292929293,38.160626280072236,30.365542562313244
CP009302,0.12307692307692308,0.25,0.0,0.4,0.17384615384615384,63.56247518546403,83.53319656943042
CP009415,0.29605263157894735,0.22302158273381295,0.20588235294117646,0.42105263157894735,0.3180921052631579,31.341301460823374,21.277411938002068
CP009416,0.3436185133239832,0.19823788546255505,0.24210526315789474,0.28,0.26760168302945303,42.71028162297142,39.83530548533074
CP009440,0.4943609022556391,0.35766423357664234,0.5833333333333334,0.3333333333333333,0.4056390977443609,32.409575622032754,21.4825863517748
CP009450,0.3120622568093385,0.24074074074074073,0.2159090909090909,0.14285714285714285,0.21011673151750973,59.1055762813133,72.33070462626006
CP009460,0.3708609271523179,0.25,0.3023255813953488,0.2727272727272727,0.23502575423105224,56.863072615393875,68.07878806747625
CP009495,0.14903846153846154,0.0,0.0,0.25,0.1778846153846154,67.40296010338368,84.61730506030531
CP009621,0.2215122470713525,0.17625899280575538,0.28431372549019607,0.23595505617977527,0.28136315228966985,47.34426512808975,51.92752259368553
CP009706,0.4187889077532541,0.23222748815165878,0.27611940298507465,0.19298245614035087,0.28919071873231467,48.99027546930956,51.35022858506081
CP009761,0.3586337760910816,0.3081761006289308,0.34782608695652173,0.25,0.3552182163187856,28.613425002566057,17.410806851371895
CP009962,0.2819324950363997,0.26851851851851855,0.35789473684210527,0.2840909090909091,0.23216412971542025,56.14760476071163,66.21716450862586
CP010049,0.4557377049180328,0.38,0.5714285714285714,0.5161290322580645,0.419672131147541,27.355738170917643,17.029503677460873
CP010310,0.17812061711079943,0.25,0.125,0.1111111111111111,0.16549789621318373,64.29510358627456,81.17188358366714
CP010311,0.22641509433962265,0.16,0.38235294117647056,0.3333333333333333,0.23320754716981132,57.04724152307436,67.55180398221856
CP010327,0.41134328358208955,0.2290748898678414,0.4444444444444444,0.33507853403141363,0.3256119402985075,34.07937116047691,27.123549940749196
CP010557,0.3294871794871795,0.23015873015873015,0.21686746987951808,0.25,0.21717948717948718,57.46663735384941,69.14456304873171
CP010803,0.17225950782997762,0.14285714285714285,0.2,0.2222222222222222,0.19239373601789708,62.136990680531866,77.8443506851579
CP010812,0.3464516129032258,0.20987654320987653,0.23717948717948717,0.14285714285714285,0.27264516129032257,47.68660014489405,48.187630250539605
CP010820,0.3713892709766162,0.24181360201511334,0.2153846153846154,0.31020408163265306,0.2807886290692343,37.62160160155614,29.650119823560072
CP010848,0.23507462686567165,0.2222222222222222,0.13333333333333333,0.125,0.1865671641791045,61.482170590579855,69.55944402868448
CP010954,0.17674418604651163,0.1111111111111111,0.16666666666666666,0.07142857142857142,0.19441860465116279,64.78577951884652,80.67182055757047
CP010978,0.32749391727493915,0.2548076923076923,0.2538860103626943,0.33689839572192515,0.297323600973236,39.51025272003354,32.877419508684575
CP011047,0.2890520694259012,0.21311475409836064,0.2523364485981308,0.26666666666666666,0.23311081441922563,56.713449553506614,65.83429011834907
CP011052,0.2656603773584906,0.2229299363057325,0.3333333333333333,0.23469387755102042,0.2679245283018868,54.34229363544384,58.664819914587355
CP011132,0.3647260273972603,0.2549019607843137,0.3216374269005848,0.25,0.24668949771689497,53.42132434919108,60.23980933525132
CP011144,0.1347517730496454,0.5,0.3333333333333333,0.0,0.16879432624113475,70.24472469756303,91.83574093071088
CP011265,0.17761194029850746,0.12121212121212122,0.13793103448275862,0.1111111111111111,0.20955223880597015,61.27703074231442,74.69959872193375
CP011280,0.3952569169960474,0.27710843373493976,0.1875,0.2608695652173913,0.29960474308300394,28.43197837356716,16.524129169310495
CP011301,0.1280323450134771,0.09090909090909091,0.10526315789473684,0.2857142857142857,0.13908355795148247,66.99219674934137,85.48284691326599
CR522870,0.28938547486033517,0.23333333333333334,0.25,0.08620689655172414,0.26905027932960895,46.81120389126019,46.78685577190412
CR767821,0.45964125560538116,0.4017094017094017,0.36538461538461536,0.6875,0.40717488789237666,27.478789597422765,18.674138485802537
CU207211,0.306951871657754,0.15217391304347827,0.3055555555555556,0.1111111111111111,0.23807486631016042,54.294927411590145,61.30129436415914
CU207366,0.3691019786910198,0.2801418439716312,0.2916666666666667,0.20481927710843373,0.35403348554033487,36.610762505380464,31.07975083762683
FM162591,0.4360499702558001,0.330188679245283,0.40606060606060607,0.20967741935483872,0.3188578227245687,42.15263441378232,36.81975898763724
FM178379,0.49076704545454547,0.2702702702702703,0.39805825242718446,0.21951219512195122,0.3230113636363636,39.228369118524945,31.254816338978802
FO082060,0.2904263877715205,0.22857142857142856,0.27450980392156865,0.19696969696969696,0.27755430410297666,48.74592356611492,52.42586155003232
FO117623,0.2904263877715205,0.22857142857142856,0.27450980392156865,0.19696969696969696,0.27755430410297666,72.94799952413575,91.9446512707162
FO203355,0.3815178110480124,0.2011173184357542,0.34057971014492755,0.22058823529411764,0.23479607640681466,54.98448319795764,61.940331818012474
FO203431,0.3815178110480124,0.2011173184357542,0.34057971014492755,0.22058823529411764,0.23479607640681466,74.13113438628203,94.01517662195404
FO203503,0.3099787685774947,0.23109243697478993,0.45517241379310347,0.12727272727272726,0.3078556263269639,41.44885295133328,40.78723575017433
FO538765,0.16139240506329114,0.3333333333333333,0.375,0.05263157894736842,0.20348101265822785,59.47292758299727,71.77968637236609
FO818637,0.4233947870311507,0.28846153846153844,0.38513513513513514,0.24770642201834864,0.2986649713922441,44.774330728468335,41.68672780239337
FP236843,0.31347962382445144,0.14705882352941177,0.2558139534883721,0.1590909090909091,0.21843260188087774,55.19723177692024,63.47612325971228
FP475956,0.14825581395348839,0.3,0.06666666666666667,0.0,0.1936046511627907,63.668369718662085,77.31274925107616
FP476056,0.24489795918367346,0.21645021645021645,0.28421052631578947,0.2619047619047619,0.29900874635568514,42.77961255494673,45.41348238789777
FP565814,0.16991643454038996,0.5,0.2,0.14285714285714285,0.17604456824512535,66.11764172814244,82.8042930616612
FP929032,0.2452054794520548,0.203125,0.275,0.1111111111111111,0.21534246575342467,55.819374238205285,74.21941920187335
FP929038,0.3219761499148211,0.2331288343558282,0.2033898305084746,0.12,0.28739352640545146,42.42908288632823,43.118306571633816
FP929045,0.1722643553629469,0.19047619047619047,0.2653061224489796,0.0625,0.21776814734561215,55.57136564553089,72.34881549886967
FP929047,0.09117647058823529,0.0,0.2,0.2857142857142857,0.1623529411764706,60.42643309824608,87.4344736461488
FP929048,0.4221556886227545,0.3155080213903743,0.3670886075949367,0.234375,0.3413173652694611,30.50619519642633,18.804759394940334
FP929050,0.22598425196850394,0.24074074074074073,0.28421052631578947,0.17647058823529413,0.2711811023622047,41.463507385871054,42.52302952095524
FP929054,0.28657487091222034,0.21693121693121692,0.2644628099173554,0.2549019607843137,0.2834767641996558,41.74945462277887,40.67013820440939
FP929056,0.13679245283018868,0.2857142857142857,0.1875,0.14285714285714285,0.19716981132075473,56.73042843377256,83.21353855091267
FP929061,0.3132411067193676,0.22727272727272727,0.2980769230769231,0.15873015873015872,0.29426877470355733,36.27636937088495,31.75870431037972
FP929062,0.2835314091680815,0.1349206349206349,0.19090909090909092,0.288135593220339,0.24550084889643464,46.35469950180782,55.6808931147055
FQ312005,0.39872611464968155,0.26,0.2549019607843137,0.22580645161290322,0.32101910828025476,36.74728232477176,31.156230803996035
FQ859181,0.2091346153846154,0.28125,0.2631578947368421,0.14285714285714285,0.215625,59.17104429022804,69.05644074984822
FR872580,0.30465116279069765,0.2868217054263566,0.3684210526315789,0.23214285714285715,0.3267441860465116,39.02885805578276,32.766354495948875
FR872582,0.2894736842105263,0.2608695652173913,0.12280701754385964,0.3076923076923077,0.3414860681114551,41.776290621017914,37.52485635809864
HE717023,0.3110497237569061,0.23232323232323232,0.2553191489361702,0.25,0.2653038674033149,41.823124767505284,38.78176693885309
HE804045,0.08118081180811808,0.0,0.0,0.2222222222222222,0.12472324723247233,72.19005981740804,92.45511871742411
HE956757,0.21325051759834368,0.2,0.21428571428571427,0.125,0.19668737060041408,63.35480266833164,76.84116907436655
HE983995,0.31085043988269795,0.203125,0.5263157894736842,0.17857142857142858,0.33548387096774196,36.62270467687937,29.694378249161563
HE999757,0.3013075611142695,0.1550925925925926,0.2261904761904762,0.3259668508287293,0.27299602046617394,34.526311521755325,24.558119673318657
HF563609,0.26885245901639343,0.27149321266968324,0.328125,0.25,0.32786885245901637,37.5320687861883,32.345363804424146
HF571988,0.4260115606936416,0.29537366548042704,0.2896174863387978,0.224,0.3030057803468208,47.29985573455644,46.77191886852518
HF680312,0.36348267117497884,0.2857142857142857,0.3191489361702128,0.11827956989247312,0.273541842772612,46.62558847116874,44.60272517937761
HF951689,0.13982300884955753,0.175,0.13333333333333333,0.15,0.24991150442477877,54.40961691004959,59.36590958805203
HG315671,0.3758150563129816,0.27616926503340755,0.2549019607843137,0.3880597014925373,0.35388263189093067,33.27716485153783,24.49924820932333
HG322949,0.27928524156187956,0.25,0.3488372093023256,0.34545454545454546,0.1974851091992058,61.04793056851058,74.54066962142373
HG530068,0.2102803738317757,0.29411764705882354,0.09090909090909091,0.0,0.19626168224299065,62.00780052917474,84.45850343721993
HG934468,0.36235595390524966,0.296875,0.2328767123287671,0.33962264150943394,0.3001280409731114,44.89917684561958,48.977155781453355
HG938353,0.208,0.3181818181818182,0.42424242424242425,0.11764705882352941,0.21856,61.48098887211212,77.01995813690445
LK028559,0.396584440227704,0.2302158273381295,0.2857142857142857,0.2564102564102564,0.3028462998102467,31.29013559151167,21.093615602593662
LN614827,0.3643578643578644,0.33884297520661155,0.41284403669724773,0.26993865030674846,0.3245310245310245,38.290419156664626,30.697676770316328
LN614830,0.3663663663663664,0.3081395348837209,0.2465753424657534,0.25,0.3045045045045045,40.45678767672056,34.63316066954526
