Gene_ID,length,expression
b0001,66, 0.0
b0004,1287, 1099.0
b0005,297, 0.0
b0006,777, 20.1
b0007,1431, 0.0
b0008,954, 2133.0
b0011,714, 0.0
b0013,405, 0.0
b0014,1917, 2748.0
b0015,1131, 162.0
b0018,210, 0.0
b0019,1167, 0.0
b0020,906, 0.0
b0023,264, 3753.0
b0025,942, 0.0
b0027,495, 0.0
b0029,951, 59.0
b0030,915, 85.2
b0031,822, 201.0
b0033,3222, 298.0
b0034,396, 0.0
b0035,591, 0.0
b0037,1554, 0.0
b0038,1218, 0.0
b0039,1143, 0.0
b0042,942, 0.0
b0044,288, 0.0
b0045,1332, 0.0
b0047,1863, 0.0
b0048,480, 134.0
b0049,843, 32.3
b0054,2355, 26.7
b0055,816, 0.0
b0058,660, 0.0
b0060,2352, 0.0
b0061,696, 0.0
b0062,1503, 30.0
b0064,879, 0.0
b0065,765, 0.0
b0066,699, 0.0
b0069,1656, 0.0
b0070,1179, 0.0
b0071,606, 2547.0
b0075,87, 0.0
b0076,945, 0.0
b0078,492, 351.0
b0080,1005, 140.0
b0090,1068, 0.0
b0094,1263, 126.0
b0095,1152, 832.0
b0096,918, 0.0
b0097,513, 0.0
b0098,2706, 251.0
b0099,390, 0.0
b0101,198, 0.0
b0109,894, 135.0
b0111,855, 0.0
b0112,1374, 132.0
b0113,765, 38.9
b0115,1893, 1197.0
b0116,1425, 2564.0
b0117,1854, 0.0
b0118,2598, 3077.0
b0119,363, 0.0
b0120,795, 0.0
b0122,348, 0.0
b0123,1551, 174.0
b0124,2391, 67.0
b0125,537, 237.0
b0126,663, 938.0
b0128,771, 0.0
b0129,441, 0.0
b0132,903, 0.0
b0133,852, 387.0
b0135,1239, 0.0
b0136,597, 0.0
b0141,585, 0.0
b0142,480, 0.0
b0144,927, 0.0
b0145,456, 1251.0
b0146,705, 0.0
b0148,2430, 0.0
b0149,2535, 97.9
b0150,2244, 0.0
b0153,1983, 0.0
b0154,1281, 402.0
b0156,345, 302.0
b0157,624, 0.0
b0158,801, 0.0
b0160,1518, 0.0
b0161,1425, 647.0
b0162,1158, 0.0
b0163,387, 1543.0
b0164,813, 0.0
b0166,825, 802.0
b0168,795, 289.0
b0169,726, 4021.0
b0170,852, 2831.0
b0171,726, 161.0
b0172,558, 1417.0
b0173,1197, 0.0
b0177,2433, 167.0
b0179,1026, 375.0
b0183,597, 0.0
b0185,960, 714.0
b0186,2142, 0.0
b0187,390, 108.0
b0188,1299, 0.0
b0189,255, 254.0
b0192,711, 0.0
b0193,825, 0.0
b0194,1719, 781.0
b0195,708, 0.0
b0197,816, 3156.0
b0198,654, 0.0
b0200,576, 0.0
b0210,624, 0.0
b0211,1359, 0.0
b0212,756, 221.0
b0215,732, 0.0
b0217,786, 0.0
b0219,771, 0.0
b0220,474, 550.0
b0221,2445, 94.6
b0222,579, 932.0
b0225,279, 0.0
b0227,750, 0.0
b0228,498, 0.0
b0231,1056, 0.0
b0234,453, 0.0
b0237,1458, 807.0
b0238,459, 400.0
b0239,1245, 43.1
b0241,1056, 0.0
b0243,1254, 253.0
b0245,342, 0.0
b0249,240, 0.0
b0250,468, 0.0
b0252,822, 0.0
b0253,864, 0.0
b0254,894, 0.0
b0261,933, 27.2
b0262,1047, 0.0
b0267,1155, 0.0
b0269,1968, 0.0
b0273,1005, 0.0
b0277,627, 0.0
b0278,699, 0.0
b0281,1401, 0.0
b0287,615, 0.0
b0288,330, 0.0
b0289,711, 0.0
b0293,588, 0.0
b0294,591, 0.0
b0301,594, 0.0
b0304,1326, 0.0
b0305,855, 0.0
b0308,696, 0.0
b0310,669, 0.0
b0311,1671, 0.0
b0314,2034, 0.0
b0315,1089, 0.0
b0316,933, 0.0
b0317,498, 0.0
b0318,606, 0.0
b0321,1419, 0.0
b0324,1383, 0.0
b0325,1050, 2454.0
b0326,816, 0.0
b0329,276, 7005.0
b0330,1587, 0.0
b0331,891, 191.0
b0334,1452, 263.0
b0335,1887, 0.0
b0337,1284, 220.0
b0338,900, 0.0
b0341,1155, 0.0
b0342,612, 0.0
b0343,1254, 0.0
b0344,3075, 0.0
b0345,1083, 0.0
b0346,834, 16.4
b0352,1014, 0.0
b0353,1212, 0.0
b0354,540, 77.7
b0355,834, 0.0
b0356,1110, 229.0
b0358,774, 0.0
b0363,1197, 0.0
b0368,852, 0.0
b0369,975, 429.0
b0378,1095, 0.0
b0379,309, 0.0
b0382,261, 779.0
b0383,1416, 0.0
b0384,321, 93.2
b0387,459, 0.0
b0388,525, 85.7
b0389,192, 449.0
b0390,678, 149.0
b0391,285, 441.0
b0393,912, 134.0
b0394,909, 159.0
b0396,1185, 0.0
b0397,3147, 0.0
b0399,690, 34.2
b0400,1296, 0.0
b0401,1320, 0.0
b0402,1374, 0.0
b0405,1071, 0.0
b0409,972, 41.2
b0410,348, 180.0
b0411,885, 94.1
b0412,540, 0.0
b0414,1104, 17.8
b0416,420, 513.0
b0418,519, 0.0
b0419,975, 386.0
b0420,1863, 37.5
b0423,1449, 0.0
b0424,591, 139.0
b0426,492, 1834.0
b0427,1365, 0.0
b0428,891, 0.0
b0433,1476, 0.0
b0434,579, 377.0
b0435,318, 183.0
b0436,1299, 2162.0
b0437,624, 1197.0
b0438,1275, 272.0
b0439,2355, 477.0
b0440,273, 8487.0
b0441,1872, 287.0
b0442,372, 0.0
b0443,399, 198.0
b0444,696, 104.0
b0445,1701, 0.0
b0446,819, 0.0
b0449,1782, 0.0
b0451,1287, 0.0
b0452,861, 81.5
b0456,354, 154.0
b0457,1551, 0.0
b0458,471, 0.0
b0459,552, 0.0
b0460,219, 0.0
b0462,3150, 76.8
b0464,648, 0.0
b0465,3363, 0.0
b0466,162, 0.0
b0468,378, 0.0
b0469,552, 239.0
b0470,1932, 14.0
b0472,606, 0.0
b0473,1875, 470.0
b0474,645, 1141.0
b0477,1305, 0.0
b0478,1677, 0.0
b0479,1221, 0.0
b0480,1653, 211.0
b0481,480, 88.0
b0482,795, 0.0
b0483,342, 0.0
b0484,2505, 108.0
b0486,1293, 0.0
b0491,780, 0.0
b0492,855, 531.0
b0493,810, 0.0
b0496,2415, 0.0
b0497,4281, 0.0
b0503,1095, 0.0
b0504,927, 0.0
b0505,483, 0.0
b0506,816, 19.2
b0508,777, 0.0
b0509,879, 0.0
b0511,1455, 0.0
b0512,1362, 0.0
b0514,1146, 0.0
b0515,786, 49.6
b0521,894, 0.0
b0522,1068, 89.0
b0524,723, 0.0
b0526,1386, 133.0
b0527,522, 0.0
b0528,213, 266.0
b0530,543, 0.0
b0532,2604, 0.0
b0537,1164, 0.0
b0541,867, 0.0
b0543,333, 0.0
b0544,1527, 0.0
b0546,798, 0.0
b4509,141, 0.0
b0551,384, 0.0
b0552,1017, 0.0
b4510,183, 0.0
b0557,294, 0.0
b0558,411, 0.0
b0559,207, 0.0
b0564,750, 0.0
b0565,954, 174.0
b0566,762, 0.0
b0567,891, 0.0
b0570,1443, 0.0
b0572,1374, 101.0
b0575,3144, 0.0
b0576,1377, 0.0
b0577,1248, 0.0
b0578,654, 510.0
b0579,369, 0.0
b0580,249, 0.0
b0581,1119, 328.0
b4415,153, 0.0
b0582,1113, 0.0
b0583,621, 0.0
b0584,2241, 0.0
b0586,3882, 0.0
b0597,414, 0.0
b0598,2106, 488.0
b0603,903, 0.0
b0604,747, 18.3
b0605,564, 6275.0
b0606,1566, 235.0
b0607,429, 1186.0
b0610,411, 284.0
b0611,807, 0.0
b0612,1464, 0.0
b0613,879, 0.0
b0620,681, 0.0
b0621,1386, 0.0
b0622,561, 0.0
b0623,210, 5232.0
b0624,384, 0.0
b0627,204, 0.0
b0628,966, 177.0
b0629,954, 0.0
b0630,642, 0.0
b0631,264, 1086.0
b0632,1212, 207.0
b0633,1089, 12.6
b0638,612, 0.0
b0643,483, 557.0
b0644,978, 0.0
b0649,1452, 0.0
b0650,1671, 0.0
b0651,936, 48.2
b0652,726, 0.0
b0655,909, 1470.0
b0656,1017, 0.0
b0657,1539, 0.0
b0659,468, 0.0
b0661,1425, 0.0
b0662,1176, 30.0
b0674,1665, 140.0
b0675,753, 202.0
b0676,1221, 14.0
b0678,801, 547.0
b0679,1947, 304.0
b0680,1665, 409.0
b0681,1407, 0.0
b0682,327, 0.0
b0683,447, 1097.0
b0684,531, 91.3
b0685,294, 0.0
b0686,765, 213.0
b0688,1641, 576.0
b0689,495, 0.0
b0692,1320, 0.0
b0694,678, 0.0
b0699,207, 0.0
b0702,327, 0.0
b0704,570, 0.0
b0706,762, 0.0
b0708,1419, 0.0
b0709,1482, 0.0
b0713,735, 0.0
b0716,1062, 0.0
b0719,567, 0.0
b0720,1284, 2832.0
b0724,717, 1037.0
b0727,1218, 1207.0
b0729,870, 2184.0
b0730,723, 0.0
b0732,2634, 0.0
b0735,294, 0.0
b0738,429, 0.0
b0739,1266, 0.0
b0742,792, 241.0
b0750,1044, 64.2
b0753,381, 1057.0
b0754,1053, 451.0
b0755,753, 3562.0
b0756,1041, 293.0
b0760,1473, 16.9
b0761,789, 0.0
b0762,150, 0.0
b0767,996, 931.0
b0768,954, 0.0
b0769,1053, 0.0
b0770,1434, 0.0
b0771,2262, 0.0
b0772,1284, 24.4
b0773,477, 171.0
b0774,1290, 0.0
b0778,678, 26.7
b0779,2022, 38.4
b0780,909, 0.0
b0785,453, 106.0
b0786,705, 0.0
b0787,714, 0.0
b0788,957, 0.0
b0797,1365, 0.0
b0798,483, 0.0
b0800,963, 344.0
b0801,1086, 264.0
b0802,261, 0.0
b0803,267, 0.0
b0804,678, 0.0
b0805,2283, 0.0
b0806,261, 0.0
b0809,723, 501.0
b0811,747, 4165.0
b0812,504, 2658.0
b0813,888, 0.0
b0814,516, 0.0
b0815,1584, 0.0
b0818,1119, 0.0
b0819,921, 561.0
b0820,1593, 68.8
b0821,1266, 0.0
b0822,816, 0.0
b0823,2433, 0.0
b0825,663, 0.0
b0826,750, 0.0
b0832,912, 0.0
b0834,1329, 0.0
b0835,1326, 0.0
b0836,384, 0.0
b0839,1203, 604.0
b0840,759, 0.0
b0841,597, 0.0
b0842,1233, 0.0
b0843,285, 0.0
b0844,816, 0.0
b0846,537, 0.0
b0847,1686, 0.0
b0851,723, 50.6
b0852,903, 0.0
b0853,477, 0.0
b0854,1113, 1912.0
b0857,846, 0.0
b0858,489, 0.0
b0859,1128, 0.0
b0860,732, 695.0
b0861,669, 0.0
b0865,516, 155.0
b0869,1431, 0.0
b0871,1719, 831.0
b0872,969, 0.0
b0874,900, 0.0
b0875,696, 0.0
b0879,1947, 0.0
b0880,225, 1709.0
b0882,2277, 299.0
b0884,219, 911.0
b0885,705, 0.0
b0886,1722, 0.0
b0888,966, 506.0
b0889,495, 2097.0
b0890,3990, 0.0
b0892,1344, 0.0
b0893,1293, 637.0
b0898,1149, 0.0
b0901,591, 0.0
b0902,741, 111.0
b0903,2283, 3745.0
b0904,858, 0.0
b0905,1761, 0.0
b0906,693, 0.0
b0907,1089, 1437.0
b0908,1284, 136.0
b0909,765, 0.0
b0910,684, 138.0
b0911,1674, 3270.0
b0912,285, 2922.0
b0913,2265, 0.0
b0915,987, 0.0
b0916,1233, 0.0
b0918,747, 122.0
b0924,4461, 30.9
b0925,1848, 0.0
b0927,648, 329.0
b0928,1191, 1628.0
b0929,1089, 856.0
b0930,1401, 801.0
b0931,1203, 137.0
b0932,2613, 430.0
b0933,768, 0.0
b0938,540, 0.0
b0944,711, 0.0
b0945,1011, 40.3
b0949,1908, 0.0
b0952,564, 0.0
b0953,168, 1623.0
b0954,519, 1956.0
b0955,1761, 0.0
b0956,453, 73.5
b0957,1041, 1435.0
b0958,510, 0.0
b0964,663, 0.0
b0965,414, 659.0
b0966,318, 0.0
b0967,1191, 17.8
b0970,660, 47.3
b0977,858, 0.0
b0980,1299, 0.0
b0981,2181, 0.0
b0984,2097, 0.0
b0987,306, 0.0
b0988,504, 0.0
b0989,213, 0.0
b4517,174, 0.0
b0992,1074, 0.0
b0993,2745, 0.0
b0998,600, 0.0
b0999,306, 0.0
b1001,1257, 0.0
b1002,1242, 1122.0
b1003,228, 1166.0
b4518,174, 0.0
b1006,1329, 0.0
b1013,639, 0.0
b1014,3963, 0.0
b1015,1509, 0.0
b1019,1272, 0.0
b1020,1065, 0.0
b1021,414, 0.0
b1025,1359, 0.0
b1026,867, 0.0
b1029,987, 0.0
b1033,939, 129.0
b1035,555, 150.0
b1036,492, 0.0
b1037,834, 0.0
b1041,456, 0.0
b1042,456, 818.0
b1043,333, 175.0
b1044,312, 0.0
b1049,2544, 14.5
b1053,1227, 0.0
b1054,921, 0.0
b1055,1053, 0.0
b1056,576, 308.0
b1058,141, 0.0
b1060,255, 0.0
b1061,246, 0.0
b1062,1047, 385.0
b1063,561, 0.0
b1064,648, 513.0
b1065,1209, 0.0
b1068,924, 0.0
b1069,1536, 0.0
b1070,417, 52.4
b1072,660, 0.0
b1077,756, 0.0
b1078,783, 0.0
b1081,942, 0.0
b1083,954, 109.0
b1084,3186, 410.0
b1085,321, 0.0
b1086,960, 19.7
b1087,585, 235.0
b1088,522, 96.9
b1089,174, 1617.0
b1090,1071, 0.0
b1093,735, 1236.0
b1094,237, 11961.0
b1095,1242, 242.0
b1100,798, 0.0
b1101,1434, 542.0
b1102,2190, 0.0
b1108,543, 475.0
b1109,1305, 120.0
b1110,540, 0.0
b1111,633, 0.0
b1112,258, 0.0
b1113,963, 0.0
b1114,3447, 21.1
b1115,1074, 0.0
b1120,840, 85.7
b1121,789, 0.0
b1123,1047, 1601.0
b1127,1227, 198.0
b1128,1122, 287.0
b1129,1461, 0.0
b1131,1371, 469.0
b1133,1107, 47.3
b1134,462, 0.0
b1136,1251, 4033.0
b1137,666, 0.0
b1139,894, 0.0
b1140,1128, 0.0
b1145,675, 0.0
b1146,201, 0.0
b1158,555, 0.0
b1159,834, 0.0
b1160,324, 0.0
b1161,405, 0.0
b1162,732, 0.0
b1163,1212, 0.0
b1164,237, 0.0
b1166,267, 0.0
b1167,249, 0.0
b1168,1524, 0.0
b4520,219, 0.0
b1171,330, 0.0
b1174,267, 676.0
b1177,369, 0.0
b1178,402, 0.0
b1179,327, 147.0
b1180,660, 58.1
b1181,462, 0.0
b1182,912, 73.5
b1184,1269, 0.0
b1185,531, 0.0
b1186,1542, 0.0
b1187,720, 86.6
b1188,1533, 25.8
b1190,1071, 22.0
b1192,915, 27.2
b1195,255, 0.0
b1196,441, 0.0
b1197,1698, 590.0
b1198,1419, 21.1
b1201,1920, 0.0
b1202,2868, 0.0
b1203,1092, 207.0
b1204,585, 0.0
b1205,279, 0.0
b1206,1680, 0.0
b1207,948, 955.0
b1208,852, 0.0
b1210,1257, 0.0
b1214,810, 0.0
b1215,855, 828.0
b4419,108, 0.0
b4421,108, 0.0
b4423,108, 0.0
b1216,1101, 0.0
b1217,231, 130.0
b1218,696, 0.0
b1219,354, 1131.0
b1223,1392, 0.0
b1227,678, 0.0
b1229,90, 0.0
b1232,843, 175.0
b1233,459, 0.0
b1234,906, 0.0
b1235,1014, 0.0
b1236,909, 569.0
b1237,414, 8910.0
b1238,618, 0.0
b1241,2676, 2578.0
b1242,648, 0.0
b1243,1632, 2930.0
b1247,1005, 0.0
b1248,330, 0.0
b1250,1254, 0.0
b1251,297, 993.0
b1252,720, 0.0
b1253,399, 0.0
b1254,540, 0.0
b1256,639, 0.0
b1257,507, 435.0
b1258,501, 615.0
b1259,180, 180.0
b1260,807, 579.0
b1265,45, 0.0
b1268,1896, 0.0
b1269,876, 42.6
b1270,591, 0.0
b1272,1050, 21.1
b1273,252, 222.0
b1274,2598, 152.0
b1275,975, 51.5
b4523,168, 0.0
b1276,2676, 682.0
b1277,591, 0.0
b1278,765, 0.0
b1280,1170, 11.7
b1282,327, 0.0
b1283,219, 0.0
b1284,750, 74.5
b1285,1986, 0.0
b1286,1935, 96.0
b1287,1128, 0.0
b1288,789, 2461.0
b1289,354, 0.0
b1290,807, 0.0
b1295,246, 71.6
b1296,1386, 0.0
b1297,1419, 0.0
b1299,558, 0.0
b1301,1281, 0.0
b1302,1266, 0.0
b1303,978, 0.0
b1304,669, 510.0
b1307,222, 0.0
b1308,315, 318.0
b1319,906, 0.0
b1320,999, 0.0
b1322,1062, 0.0
b1323,1542, 28.1
b1324,507, 3493.0
b1328,900, 0.0
b1329,1614, 173.0
b1330,1032, 0.0
b1331,1017, 0.0
b1332,258, 0.0
b1333,951, 653.0
b1334,753, 283.0
b1335,516, 0.0
b1337,1446, 0.0
b1339,909, 0.0
b1342,984, 0.0
b1343,1374, 0.0
b1344,936, 0.0
b1345,1236, 0.0
b1347,210, 0.0
b1349,810, 0.0
b1351,276, 0.0
b4526,171, 0.0
b1356,477, 42.6
b4528,186, 0.0
b1363,1458, 0.0
b1370,981, 0.0
b1373,576, 0.0
b1374,591, 0.0
b1375,234, 0.0
b1376,435, 2061.0
b1377,1134, 0.0
b1378,3525, 28.6
b1380,990, 279.0
b1383,327, 0.0
b1384,906, 0.0
b1385,1500, 0.0
b1386,2274, 0.0
b1387,2046, 0.0
b1398,1314, 0.0
b1400,591, 82.9
b1404,1152, 0.0
b1406,861, 966.0
b1407,2307, 0.0
b1411,1293, 0.0
b1412,606, 207.0
b1413,3903, 0.0
b1414,801, 484.0
b1415,1440, 7844.0
b1418,531, 0.0
b1419,174, 0.0
b4428,150, 0.0
b1421,1641, 63.7
b1422,924, 116.0
b1423,1344, 188.0
b1424,1656, 49.2
b1426,225, 535.0
b1430,594, 59.9
b1431,669, 928.0
b1432,1149, 0.0
b1433,1176, 0.0
b1434,537, 0.0
b1435,1962, 0.0
b1436,231, 0.0
b4532,177, 0.0
b1438,417, 0.0
b1439,1407, 0.0
b1444,1425, 1393.0
b1445,174, 0.0
b1449,1038, 385.0
b1450,666, 0.0
b1451,2103, 0.0
b1452,1062, 176.0
b1453,1500, 0.0
b1454,618, 0.0
b1455,213, 0.0
b1460,1137, 0.0
b1463,846, 0.0
b1464,894, 0.0
b1465,681, 0.0
b1469,1389, 0.0
b1473,882, 0.0
b1476,654, 0.0
b1477,285, 0.0
b1478,1011, 254.0
b1479,1698, 298.0
b1480,138, 2473.0
b1481,216, 0.0
b1482,432, 7684.0
b1483,927, 0.0
b1489,2400, 0.0
b1491,1320, 0.0
b1492,1536, 235.0
b1493,1401, 96.0
b1494,2796, 11.7
b1495,2373, 0.0
b1496,1686, 0.0
b1498,1683, 210.0
b1499,762, 0.0
b1501,2280, 0.0
b1502,915, 0.0
b1503,504, 0.0
b1507,1323, 0.0
b1511,1593, 32.3
b1512,954, 21.1
b1518,291, 32.3
b1521,1452, 0.0
b1522,948, 0.0
b1523,360, 0.0
b1525,1389, 0.0
b1526,882, 0.0
b1527,1116, 0.0
b1534,1188, 0.0
b1535,891, 0.0
b1536,393, 237.0
b1537,519, 117.0
b1538,2046, 243.0
b1539,747, 1079.0
b1540,687, 0.0
b1544,234, 0.0
b1545,591, 0.0
b1546,576, 0.0
b4533,234, 0.0
b1549,411, 0.0
b1550,174, 882.0
b1551,156, 0.0
b1553,498, 0.0
b1554,534, 0.0
b1557,216, 0.0
b1558,213, 0.0
b1559,753, 0.0
b1561,252, 0.0
b1562,156, 0.0
b1563,288, 0.0
b1565,306, 0.0
b1566,333, 0.0
b1570,408, 0.0
b1573,219, 0.0
b1576,192, 0.0
b1580,1020, 0.0
b1582,327, 0.0
b1586,306, 519.0
b1587,2427, 0.0
b1590,855, 0.0
b1591,615, 0.0
b1594,1221, 17.3
b1595,894, 0.0
b1596,1254, 0.0
b1597,309, 0.0
b1598,822, 0.0
b1599,330, 0.0
b1604,945, 1056.0
b1605,1383, 0.0
b1609,1302, 0.0
b1612,1647, 402.0
b1613,1176, 324.0
b1614,1509, 555.0
b1615,1266, 0.0
b1616,1374, 0.0
b1618,591, 0.0
b1619,768, 648.0
b1620,1029, 0.0
b1622,1173, 0.0
b4409,126, 0.0
b1625,216, 0.0
b1626,441, 0.0
b1633,636, 0.0
b1634,1503, 0.0
b1635,606, 775.0
b1636,864, 0.0
b1637,1275, 282.0
b1638,657, 199.0
b1639,330, 0.0
b1640,1110, 56.2
b1641,468, 340.0
b1642,435, 204.0
b1647,897, 629.0
b1648,240, 0.0
b1649,600, 0.0
b1650,1098, 0.0
b1651,408, 370.0
b1652,648, 0.0
b1653,4617, 0.0
b1654,348, 1089.0
b1655,816, 0.0
b1656,582, 1265.0
b1657,1170, 0.0
b1660,1212, 0.0
b1661,1149, 40.3
b1662,642, 113.0
b1663,1374, 0.0
b1664,1257, 0.0
b1667,306, 1168.0
b1672,648, 0.0
b1675,210, 109.0
b1676,1413, 2603.0
b1677,237, 1130.0
b1678,1005, 90.8
b1679,417, 0.0
b1685,189, 0.0
b1686,411, 102.0
b1688,1113, 0.0
b1689,357, 0.0
b1690,1215, 0.0
b1693,759, 69.3
b1695,1152, 0.0
b1696,912, 0.0
b1698,939, 0.0
b1701,1701, 0.0
b1702,2379, 527.0
b1703,834, 54.3
b1704,1047, 0.0
b1707,714, 0.0
b1708,465, 0.0
b1709,750, 0.0
b1711,981, 0.0
b1712,300, 3996.0
b1715,45, 0.0
b1716,357, 2505.0
b1717,198, 465.0
b4535,108, 0.0
b1722,759, 0.0
b1723,930, 196.0
b1724,291, 66.0
b1725,861, 188.0
b1726,537, 0.0
b1727,669, 116.0
b1728,591, 0.0
b1731,243, 0.0
b1732,2262, 1393.0
b1733,750, 0.0
b1735,843, 0.0
b1737,1359, 0.0
b1738,321, 114.0
b1739,339, 1389.0
b1740,828, 496.0
b1743,486, 409.0
b1744,969, 0.0
b1749,807, 206.0
b1756,654, 0.0
b1761,1344, 667.0
b1762,1041, 0.0
b1763,1962, 0.0
b1765,552, 578.0
b1766,1857, 0.0
b1768,642, 76.3
b1769,1359, 0.0
b1770,759, 0.0
b1771,981, 0.0
b1777,273, 67.4
b1778,414, 632.0
b1779,996, 5489.0
b1780,885, 78.2
b1781,855, 0.0
b1782,747, 62.7
b1783,1935, 553.0
b1784,1284, 0.0
b1785,1476, 0.0
b1786,1491, 0.0
b1791,1182, 0.0
b1795,249, 0.0
b1796,183, 0.0
b1798,639, 0.0
b1799,924, 0.0
b1800,1086, 0.0
b1802,1125, 0.0
b1803,966, 0.0
b1804,1128, 0.0
b1805,1686, 74.9
b1806,582, 0.0
b1807,696, 0.0
b1808,1911, 0.0
b1809,345, 421.0
b1810,300, 0.0
b1811,180, 0.0
b1813,579, 0.0
b1814,1365, 0.0
b1817,972, 2336.0
b1819,852, 506.0
b1820,459, 0.0
b1823,210, 7005.0
b1825,288, 0.0
b1826,144, 0.0
b4536,240, 0.0
b1827,792, 217.0
b1828,1374, 0.0
b1829,882, 0.0
b1830,2049, 201.0
b1832,498, 165.0
b1834,2634, 0.0
b1835,1440, 0.0
b1836,237, 1488.0
b1839,342, 82.4
b1842,231, 0.0
b1846,660, 22.5
b1847,357, 805.0
b1848,291, 0.0
b1849,1179, 116.0
b1850,642, 915.0
b1851,1812, 0.0
b1852,1476, 461.0
b1853,870, 22.5
b1854,1443, 775.0
b1855,972, 0.0
b1856,1323, 0.0
b1859,786, 0.0
b1860,1011, 0.0
b1866,1773, 581.0
b1868,819, 0.0
b1869,396, 0.0
b1871,972, 0.0
b1872,2430, 0.0
b1874,747, 0.0
b1876,1734, 179.0
b1877,489, 0.0
b1878,393, 0.0
b1881,645, 232.0
b1886,1662, 333.0
b1887,504, 448.0
b1891,579, 0.0
b1893,504, 0.0
b4460,987, 0.0
b1901,990, 693.0
b1902,504, 0.0
b4537,252, 0.0
b1904,324, 0.0
b1905,498, 518.0
b1906,240, 0.0
b1907,1212, 0.0
b1908,666, 306.0
b1912,549, 0.0
b1913,1833, 0.0
b1915,225, 0.0
b1916,723, 0.0
b1917,753, 103.0
b1920,801, 2897.0
b1921,552, 0.0
b1922,720, 17.8
b1923,1497, 3106.0
b1926,366, 0.0
b1930,234, 661.0
b1931,669, 0.0
b1932,480, 0.0
b1943,1128, 0.0
b1950,786, 0.0
b1951,624, 0.0
b1952,189, 0.0
b1953,228, 70.7
b1957,183, 0.0
b1958,918, 0.0
b1962,696, 0.0
b1963,366, 0.0
b1967,852, 1343.0
b1968,1359, 0.0
b1970,414, 0.0
b1972,636, 0.0
b1973,651, 0.0
b1974,531, 0.0
b1976,798, 188.0
b1978,7077, 0.0
b1981,1317, 0.0
b1982,1455, 61.8
b1983,717, 39.3
b1985,1644, 0.0
b1987,951, 0.0
b1988,918, 0.0
b1990,933, 33.7
b1991,1080, 0.0
b1994,1017, 0.0
b2000,3120, 699.0
b2002,447, 0.0
b2003,222, 0.0
b2004,369, 0.0
b2007,330, 1185.0
b2008,1059, 0.0
b2009,474, 201.0
b2010,1167, 0.0
b2011,1428, 0.0
b2012,228, 0.0
b2014,1359, 0.0
b2015,930, 0.0
b2016,825, 132.0
b4539,255, 0.0
b2018,51, 0.0
b2026,612, 50.1
b2027,981, 143.0
b2028,1167, 0.0
b2029,1407, 1566.0
b2030,1017, 0.0
b2032,1119, 36.1
b2040,900, 68.4
b2042,894, 871.0
b2043,1395, 0.0
b2046,1479, 0.0
b2048,1371, 0.0
b2049,1437, 0.0
b2060,2163, 0.0
b2063,1584, 0.0
b2064,1854, 0.0
b2066,642, 0.0
b2067,3318, 0.0
b2068,849, 0.0
b2071,462, 0.0
b2072,762, 0.0
b2079,723, 27.6
b2080,333, 1011.0
b2081,1362, 27.6
b2082,219, 0.0
b2085,318, 0.0
b2086,900, 57.1
b2089,867, 0.0
b2091,1041, 2417.0
b2097,1053, 1869.0
b2102,819, 0.0
b2103,801, 520.0
b2105,273, 148.0
b2106,825, 0.0
b2107,339, 156.0
b2108,1035, 0.0
b2112,282, 0.0
b2113,1110, 194.0
b2114,2034, 332.0
b2118,3633, 0.0
b4541,318, 0.0
b2123,462, 0.0
b2124,471, 0.0
b2125,720, 260.0
b2127,732, 0.0
b2132,2298, 47.3
b2133,1716, 349.0
b2134,933, 0.0
b2135,588, 0.0
b2136,579, 0.0
b2137,762, 137.0
b2140,948, 0.0
b2142,696, 0.0
b2143,885, 623.0
b2145,240, 0.0
b2147,1236, 0.0
b2148,1011, 0.0
b2150,999, 5631.0
b2151,1041, 0.0
b2152,1158, 0.0
b2156,1470, 0.0
b2157,882, 0.0
b2158,1050, 0.0
b2160,1089, 0.0
b2161,1251, 0.0
b2162,942, 0.0
b2163,660, 0.0
b2164,1251, 0.0
b2165,939, 0.0
b2167,1692, 74.0
b2171,573, 179.0
b2172,1467, 0.0
b2173,987, 0.0
b2174,714, 0.0
b2175,567, 0.0
b2176,1557, 0.0
b2182,1191, 0.0
b2184,1761, 0.0
b2185,285, 3402.0
b2186,1008, 119.0
b2188,1761, 0.0
b2192,1017, 0.0
b2193,648, 62.3
b2194,1053, 0.0
b2200,663, 0.0
b2209,489, 0.0
b2210,1647, 0.0
b2211,1644, 0.0
b2212,651, 0.0
b2214,1056, 0.0
b2215,1104, 413.0
b2217,651, 608.0
b2218,2850, 0.0
b2220,1386, 0.0
b2224,1185, 0.0
b2225,777, 0.0
b2231,2628, 313.0
b2232,723, 120.0
b2233,3753, 0.0
b2234,2286, 281.0
b2236,255, 0.0
b2237,651, 0.0
b2239,1077, 0.0
b2243,1191, 0.0
b2245,804, 0.0
b2247,1206, 0.0
b2249,1203, 0.0
b2250,543, 0.0
b2251,426, 0.0
b2252,603, 68.8
b2260,1356, 0.0
b2265,1296, 0.0
b2266,306, 1151.0
b2267,462, 0.0
b2268,918, 0.0
b2269,1212, 0.0
b2270,1728, 0.0
b2271,972, 0.0
b2272,504, 0.0
b2273,717, 0.0
b2274,423, 0.0
b2275,849, 0.0
b2276,1458, 0.0
b2278,1842, 24.4
b2284,1338, 187.0
b2287,663, 274.0
b2289,939, 9.37
b2290,1218, 37.0
b2291,600, 14.0
b2292,1833, 0.0
b2293,651, 81.0
b2295,456, 0.0
b2296,1203, 742.0
b2297,2145, 598.0
b2300,555, 172.0
b2301,645, 66.5
b2302,648, 32.8
b2304,894, 211.0
b2305,891, 0.0
b2306,774, 79.6
b2309,783, 1490.0
b2310,783, 5214.0
b2311,570, 0.0
b2312,1518, 59.9
b2313,489, 0.0
b2314,663, 0.0
b2316,915, 343.0
b2317,660, 0.0
b2318,813, 0.0
b2320,1137, 253.0
b2323,1221, 1819.0
b2324,2007, 0.0
b2325,279, 75.9
b2331,552, 0.0
b2332,822, 0.0
b2339,564, 0.0
b2340,486, 0.0
b2341,2145, 9.37
b2343,285, 0.0
b2344,1341, 40.3
b2345,1059, 0.0
b2346,756, 0.0
b2347,933, 0.0
b2349,1158, 0.0
b2352,1332, 0.0
b2354,441, 0.0
b2359,363, 0.0
b2360,825, 0.0
b4501,201, 0.0
b2364,936, 0.0
b2366,1329, 0.0
b2367,1539, 0.0
b2370,3594, 0.0
b2371,1146, 0.0
b2372,945, 0.0
b2373,1695, 0.0
b2374,1251, 0.0
b2375,636, 0.0
b2376,276, 0.0
b2377,243, 0.0
b2378,921, 0.0
b2379,1239, 16.9
b2388,966, 432.0
b2389,1257, 0.0
b2390,327, 0.0
b2392,1239, 0.0
b2393,1203, 0.0
b2394,1113, 36.5
b2395,2190, 0.0
b2399,393, 0.0
b2400,1416, 538.0
b2405,885, 0.0
b2406,1257, 0.0
b2407,834, 0.0
b2408,765, 0.0
b2409,927, 0.0
b2412,987, 245.0
b2413,762, 0.0
b2414,972, 7340.0
b2415,258, 2829.0
b2416,1728, 1113.0
b2417,510, 8840.0
b2418,852, 21.5
b2420,735, 0.0
b2421,912, 158.0
b2422,1098, 41.7
b2426,792, 172.0
b2427,858, 0.0
b2430,1305, 0.0
b2431,900, 123.0
b2432,576, 0.0
b2433,450, 0.0
b2438,501, 0.0
b2442,1209, 0.0
b2443,642, 0.0
b2445,369, 0.0
b2447,594, 0.0
b2449,393, 0.0
b2450,810, 121.0
b2451,1404, 0.0
b2453,1188, 0.0
b2457,294, 0.0
b2458,1017, 0.0
b2463,2280, 914.0
b2465,2004, 1000.0
b2466,1044, 0.0
b2467,576, 0.0
b2468,1980, 0.0
b2469,1701, 0.0
b2470,3114, 48.7
b4547,201, 0.0
b2473,699, 52.9
b2474,2016, 0.0
b2476,714, 1008.0
b2477,1035, 264.0
b2480,471, 839.0
b2492,849, 0.0
b2493,1062, 0.0
b2495,360, 362.0
b2497,1290, 0.0
b2498,627, 1350.0
b2500,639, 45.4
b2502,1542, 14.0
b2503,2244, 0.0
b2504,192, 0.0
b2506,540, 0.0
b2507,1578, 478.0
b2508,1467, 957.0
b2511,1473, 207.0
b2512,1179, 231.0
b2515,1119, 128.0
b2517,1155, 37.0
b2518,432, 2027.0
b2519,2313, 0.0
b2521,846, 415.0
b2522,777, 0.0
b2523,1284, 640.0
b2524,201, 240.0
b2528,324, 65.6
b2531,489, 856.0
b2532,741, 32.8
b2533,804, 142.0
b2534,855, 0.0
b2537,891, 0.0
b2542,1203, 0.0
b2543,423, 0.0
b2544,873, 0.0
b2546,999, 0.0
b2549,3282, 0.0
b2550,1194, 0.0
b2551,1254, 2036.0
b2552,1191, 0.0
b2553,339, 404.0
b2554,1335, 0.0
b2556,1428, 0.0
b2557,3888, 351.0
b2560,636, 0.0
b2561,849, 0.0
b2562,261, 0.0
b2563,381, 0.0
b2568,975, 19.2
b2570,480, 0.0
b2576,1335, 104.0
b2577,882, 0.0
b2578,588, 0.0
b2579,384, 520.0
b2580,690, 0.0
b2581,1038, 242.0
b2582,420, 32.3
b2584,2661, 68.8
b2585,1356, 323.0
b2592,2574, 633.0
b2593,732, 51.0
b2595,738, 179.0
b2597,342, 1073.0
b2598,48, 0.0
b2599,1161, 169.0
b2600,1122, 40.7
b2602,366, 0.0
b2605,483, 0.0
b2606,348, 3078.0
b2607,768, 0.0
b2610,1362, 214.0
b2614,594, 960.0
b2615,879, 34.2
b2616,1662, 0.0
b2617,342, 0.0
b2618,291, 0.0
b2620,483, 0.0
b2622,1242, 0.0
b2623,957, 0.0
b2624,213, 0.0
b2625,1410, 0.0
b2626,627, 0.0
b2627,2190, 0.0
b2629,264, 0.0
b2631,372, 0.0
b2632,864, 0.0
b2633,822, 0.0
b2634,702, 0.0
b2637,468, 0.0
b2642,1704, 0.0
b4548,201, 0.0
b2646,330, 0.0
b2647,4581, 0.0
b2662,1281, 549.0
b2666,159, 0.0
b2668,525, 0.0
b2669,405, 393.0
b2670,450, 0.0
b2671,345, 0.0
b2672,330, 254.0
b2676,960, 0.0
b2678,1065, 0.0
b2679,993, 34.2
b2683,336, 0.0
b2684,531, 30.9
b2686,1539, 0.0
b2687,516, 1428.0
b2688,1557, 47.8
b2689,429, 0.0
b2696,186, 1515.0
b2697,2631, 474.0
b2698,501, 0.0
b2699,1062, 424.0
b2700,498, 72.6
b2701,1086, 0.0
b2705,780, 0.0
b2706,360, 0.0
b2711,1134, 0.0
b2712,2253, 0.0
b2713,528, 0.0
b2714,1011, 0.0
b2716,1425, 0.0
b2717,471, 0.0
b2725,462, 0.0
b2730,1011, 0.0
b2731,2079, 0.0
b2732,354, 0.0
b2733,2562, 0.0
b2734,657, 0.0
b2735,768, 0.0
b2737,1167, 0.0
b2739,777, 0.0
b2740,1365, 0.0
b2741,993, 141.0
b2742,1140, 0.0
b2743,627, 0.0
b2749,324, 0.0
b2750,606, 0.0
b2753,1038, 0.0
b2754,285, 0.0
b2761,2667, 0.0
b2762,735, 162.0
b2763,1713, 346.0
b2765,366, 0.0
b2768,576, 0.0
b2769,861, 0.0
b4463,1455, 0.0
b2774,786, 0.0
b2776,1479, 0.0
b2777,672, 0.0
b2778,873, 0.0
b2779,1299, 6352.0
b2780,1638, 145.0
b2781,792, 0.0
b2782,336, 0.0
b2784,2235, 46.4
b2785,1302, 0.0
b2786,2757, 0.0
b2787,1341, 0.0
b2790,450, 296.0
b2793,546, 0.0
b2794,849, 23.9
b2795,1365, 10.8
b2796,1290, 0.0
b2797,1368, 0.0
b2798,756, 0.0
b2799,1149, 120.0
b2802,1776, 0.0
b2804,423, 0.0
b2805,732, 0.0
b2806,1101, 16.9
b2809,228, 604.0
b2811,444, 18.3
b2812,807, 0.0
b2813,1098, 0.0
b2817,1254, 0.0
b2818,1332, 67.9
b2819,1827, 0.0
b2822,3369, 0.0
b2827,795, 64.2
b2829,2247, 24.4
b2831,690, 0.0
b2832,714, 0.0
b2833,219, 0.0
b2841,1419, 0.0
b2842,762, 0.0
b2844,1182, 59.9
b2845,1230, 0.0
b2846,633, 0.0
b2849,426, 0.0
b2851,492, 0.0
b2852,1377, 0.0
b2853,219, 0.0
b2865,756, 0.0
b2868,480, 0.0
b2869,1779, 0.0
b2870,1191, 0.0
b2871,1197, 0.0
b2872,1212, 0.0
b2873,1386, 0.0
b2874,933, 0.0
b2875,1626, 0.0
b2876,771, 0.0
b2877,579, 0.0
b2879,1329, 0.0
b2881,2871, 0.0
b2883,1320, 0.0
b4464,1368, 0.0
b2886,489, 0.0
b2889,549, 0.0
b2890,1518, 787.0
b2892,1734, 0.0
b2895,522, 0.0
b2896,408, 0.0
b2898,981, 649.0
b2899,660, 0.0
b2900,312, 142.0
b2901,1440, 236.0
b2902,744, 0.0
b2903,2874, 86.2
b2904,390, 263.0
b2906,1203, 0.0
b2910,330, 170.0
b2912,549, 0.0
b2913,1233, 1288.0
b2914,660, 1095.0
b2916,894, 120.0
b2922,741, 921.0
b2923,636, 0.0
b2924,861, 214.0
b2925,1080, 3721.0
b2926,1164, 4836.0
b2927,1020, 0.0
b2928,714, 0.0
b2935,1992, 644.0
b2936,759, 42.1
b2937,921, 389.0
b2938,1977, 156.0
b2942,1155, 896.0
b2943,1395, 0.0
b2944,498, 0.0
b2945,708, 0.0
b2947,951, 278.0
b2949,417, 0.0
b2950,981, 0.0
b2955,1137, 0.0
b2956,1008, 0.0
b2957,1047, 0.0
b2958,720, 186.0
b2959,327, 597.0
b2962,276, 1080.0
b2963,1080, 0.0
b2964,1257, 7.96
b2965,2136, 0.0
b2966,708, 0.0
b2968,537, 0.0
b2971,411, 0.0
b2972,810, 0.0
b4466,4563, 0.0
b2975,1683, 0.0
b2976,2172, 647.0
b2982,1017, 0.0
b2983,1068, 0.0
b2984,759, 0.0
b2986,693, 0.0
b2987,1500, 0.0
b2988,1860, 157.0
b2989,867, 828.0
b2990,249, 0.0
b2998,288, 0.0
b3001,1041, 607.0
b3002,495, 0.0
b3003,885, 251.0
b3005,426, 0.0
b3008,1188, 479.0
b3009,660, 0.0
b3010,957, 0.0
b3011,1164, 174.0
b3012,828, 528.0
b3013,927, 0.0
b3014,258, 0.0
b4469,2220, 0.0
b3017,1413, 71.2
b3018,738, 0.0
b3019,2259, 0.0
b3020,1608, 22.5
b3021,396, 0.0
b3023,483, 0.0
b3024,393, 892.0
b3026,1350, 0.0
b3027,333, 0.0
b3029,315, 739.0
b3030,1893, 0.0
b3038,1161, 74.5
b3039,816, 0.0
b3040,774, 0.0
b3041,654, 51.5
b3042,291, 244.0
b3043,552, 0.0
b3045,906, 0.0
b3048,1065, 0.0
b3049,201, 0.0
b3051,1662, 0.0
b3052,1434, 215.0
b3053,2841, 32.3
b3055,621, 56.7
b3056,1239, 15.5
b3057,822, 0.0
b3058,369, 0.0
b3062,606, 0.0
b3063,1464, 0.0
b3064,1014, 0.0
b3065,216, 4829.0
b3066,1746, 0.0
b3067,1842, 446.0
b3068,507, 43.1
b3070,765, 0.0
b3071,624, 0.0
b3072,1521, 138.0
b3073,1380, 0.0
b3074,333, 0.0
b3075,984, 0.0
b3077,450, 0.0
b3078,1434, 0.0
b3080,2352, 0.0
b3081,2019, 45.4
b3082,417, 0.0
b3084,1137, 0.0
b3085,504, 0.0
b3086,693, 0.0
b3087,987, 243.0
b3088,966, 0.0
b3091,1488, 0.0
b3093,1299, 0.0
b3094,777, 40.7
b3096,384, 0.0
b3097,369, 93.7
b3100,300, 0.0
b3101,393, 0.0
b3102,987, 261.0
b3103,366, 0.0
b3104,357, 0.0
b3105,897, 0.0
b3107,165, 0.0
b4470,1311, 0.0
b4471,1365, 0.0
b3113,390, 359.0
b3118,939, 0.0
b3119,219, 0.0
b3121,1188, 0.0
b3124,1146, 0.0
b3125,885, 34.7
b3126,771, 0.0
b3128,1572, 0.0
b3130,465, 0.0
b3131,810, 0.0
b3137,861, 0.0
b3138,477, 0.0
b3141,756, 0.0
b3142,585, 0.0
b3145,1092, 0.0
b3146,861, 35.1
b3150,576, 108.0
b3151,1041, 0.0
b3152,636, 0.0
b3159,879, 0.0
b3160,1008, 0.0
b3161,1245, 0.0
b3162,1890, 7.49
b3163,885, 24.4
b3164,2136, 1179.0
b3165,270, 3646.0
b3166,945, 0.0
b3168,2673, 513.0
b3175,333, 172.0
b3176,1338, 327.0
b3178,1935, 349.0
b3179,630, 0.0
b3180,294, 570.0
b3181,477, 740.0
b3182,1434, 0.0
b3183,1173, 295.0
b3185,258, 1444.0
b3187,972, 84.3
b3188,279, 0.0
b3189,1260, 125.0
b3190,255, 349.0
b3191,294, 83.8
b3201,726, 315.0
b3203,288, 1889.0
b3204,492, 323.0
b3206,273, 0.0
b3210,2337, 41.2
b3211,930, 0.0
b3213,1419, 222.0
b3214,765, 0.0
b3218,1017, 0.0
b3219,717, 0.0
b3220,1128, 0.0
b3221,465, 127.0
b3224,1491, 0.0
b3225,894, 0.0
b3226,792, 0.0
b3227,1368, 0.0
b3228,498, 173.0
b3230,393, 2848.0
b3232,1128, 0.0
b3233,399, 399.0
b3234,1368, 424.0
b3235,1068, 0.0
b3236,939, 9236.0
b3237,471, 0.0
b3238,264, 0.0
b3239,273, 0.0
b3240,1968, 0.0
b3243,930, 9.83
b3244,1446, 97.4
b4472,3801, 0.0
b3247,1470, 0.0
b3251,1044, 838.0
b3252,1941, 0.0
b3253,975, 470.0
b3256,1350, 443.0
b3259,882, 45.4
b3261,297, 0.0
b3262,885, 0.0
b3266,3105, 0.0
b3267,222, 0.0
b3271,759, 0.0
b3288,948, 138.0
b3290,1377, 44.0
b3292,426, 0.0
b3294,384, 2782.0
b3295,990, 1741.0
b3299,117, 0.0
b3311,255, 2105.0
b3322,420, 0.0
b3337,195, 0.0
b3338,2694, 0.0
b3339,1185, 18368.0
b3340,2115, 3763.0
b3342,375, 1263.0
b3343,288, 0.0
b3347,813, 621.0
b3348,219, 158.0
b3349,591, 1178.0
b4551,201, 0.0
b3354,219, 0.0
b3355,870, 56.7
b3356,405, 70.7
b3357,633, 1607.0
b3358,2103, 0.0
b3359,1221, 495.0
b3360,564, 0.0
b3363,573, 576.0
b3364,1182, 0.0
b3366,327, 0.0
b3368,1374, 0.0
b3369,168, 0.0
b3371,1023, 0.0
b3374,786, 0.0
b3375,732, 0.0
b3376,1086, 0.0
b3382,363, 0.0
b3384,1005, 432.0
b3388,1287, 81.5
b3389,1089, 159.0
b3390,522, 174.0
b3391,1239, 0.0
b3396,2553, 0.0
b3397,561, 0.0
b3398,2136, 0.0
b3401,879, 298.0
b3402,1725, 0.0
b3403,1623, 1997.0
b3404,1353, 0.0
b3406,477, 0.0
b3407,2322, 37.0
b3410,237, 0.0
b3413,684, 0.0
b3414,576, 1113.0
b3415,1317, 0.0
b3416,2085, 0.0
b3418,2706, 87.6
b4475,1017, 0.0
b3425,327, 0.0
b3426,1506, 0.0
b3428,2448, 184.0
b3433,1104, 1850.0
b3434,594, 0.0
b4476,1341, 0.0
b3438,996, 111.0
b3439,696, 382.0
b3440,1038, 89.9
b3441,489, 0.0
b3445,504, 0.0
b3446,285, 0.0
b3447,1743, 146.0
b3453,1317, 794.0
b3454,714, 149.0
b3458,1110, 493.0
b3459,384, 0.0
b3460,1104, 8250.0
b3461,855, 0.0
b3462,1059, 0.0
b3468,627, 0.0
b3469,2199, 0.0
b3470,246, 0.0
b3471,666, 0.0
b3474,1050, 0.0
b3475,588, 0.0
b3481,402, 116.0
b3483,384, 0.0
b3484,1137, 0.0
b3485,1125, 0.0
b3488,1623, 0.0
b3491,1053, 0.0
b3492,1203, 0.0
b3493,1500, 0.0
b3494,336, 0.0
b3495,435, 7852.0
b3496,1470, 0.0
b3497,753, 0.0
b3499,843, 0.0
b3500,1353, 229.0
b3501,354, 0.0
b3503,426, 0.0
b3505,1017, 0.0
b3506,567, 193.0
b3507,531, 0.0
b3508,648, 0.0
b3509,327, 3196.0
b3510,333, 7560.0
b3511,573, 0.0
b3512,528, 0.0
b3514,3114, 0.0
b3515,729, 0.0
b3516,825, 0.0
b3517,1401, 1873.0
b3518,1398, 0.0
b3519,1650, 0.0
b3520,603, 0.0
b3521,900, 0.0
b3522,1014, 0.0
b3523,1323, 0.0
b3524,2061, 65.6
b3525,768, 0.0
b3526,930, 42.6
b3527,1497, 108.0
b3528,1287, 172.0
b3529,1989, 0.0
b3530,3474, 0.0
b3538,1680, 0.0
b4453,108, 0.0
b3544,1608, 5359.0
b3546,1692, 23.4
b3547,1209, 0.0
b3548,699, 0.0
b3552,660, 58.1
b3553,975, 229.0
b3554,711, 220.0
b3555,291, 0.0
b3556,213, 60.9
b4455,153, 0.0
b3558,852, 0.0
b3559,2070, 644.0
b4553,300, 0.0
b3561,996, 0.0
b3562,438, 0.0
b3563,342, 0.0
b3564,1455, 0.0
b3565,1323, 0.0
b3566,993, 406.0
b3568,1182, 0.0
b3569,1179, 0.0
b3570,825, 0.0
b3571,2031, 0.0
b3572,1254, 0.0
b3573,474, 0.0
b3574,849, 0.0
b3576,468, 0.0
b3583,696, 0.0
b3584,741, 0.0
b3588,1539, 1896.0
b3589,1152, 0.0
b3590,1845, 7.02
b3592,609, 288.0
b3594,843, 0.0
b3597,1137, 0.0
b3599,1914, 246.0
b3602,363, 252.0
b3605,1191, 30.0
b3606,474, 0.0
b3607,822, 155.0
b3608,1020, 126.0
b3610,252, 1085.0
b3611,432, 299.0
b3616,1026, 80.5
b3618,858, 0.0
b3625,699, 0.0
b3627,1020, 0.0
b3629,936, 0.0
b3630,798, 0.0
b3634,480, 0.0
b3635,810, 0.0
b3636,168, 2231.0
b3638,669, 0.0
b3640,456, 189.0
b3641,597, 0.0
b3642,642, 0.0
b3644,864, 272.0
b3645,825, 0.0
b3648,624, 54.3
b3652,2082, 0.0
b3653,1206, 0.0
b3654,1392, 0.0
b3655,1710, 16.4
b3656,2319, 0.0
b3659,1185, 0.0
b4555,294, 0.0
b3662,1191, 0.0
b3663,453, 0.0
b3664,1335, 0.0
b3665,1767, 0.0
b3666,1392, 0.0
b3667,1320, 0.0
b3670,291, 230.0
b3672,99, 0.0
b3677,450, 0.0
b3678,1494, 0.0
b3680,894, 0.0
b3686,429, 0.0
b3687,414, 0.0
b4478,1149, 0.0
b3696,657, 0.0
b3697,813, 330.0
b3698,399, 215.0
b3699,2415, 198.0
b3705,1647, 176.0
b3706,1365, 36.5
b3707,75, 0.0
b3708,1416, 1282.0
b3709,1248, 0.0
b3711,960, 0.0
b3713,567, 737.0
b3714,1338, 0.0
b3715,666, 0.0
b3716,468, 0.0
b3717,588, 0.0
b3718,723, 0.0
b3721,1413, 0.0
b3723,837, 0.0
b3724,726, 70.2
b3726,891, 0.0
b3728,1041, 363.0
b3729,1830, 376.0
b3730,1371, 63.2
b3731,420, 1576.0
b3734,1542, 2916.0
b3737,240, 0.0
b3738,816, 220.0
b3740,624, 0.0
b3741,1890, 0.0
b3742,444, 185.0
b3743,459, 0.0
b3747,1869, 0.0
b3751,891, 3711.0
b4480,840, 0.0
b3766,99, 0.0
b3770,930, 261.0
b3772,1545, 0.0
b3773,894, 0.0
b3774,1476, 2930.0
b3775,282, 509.0
b3778,2022, 0.0
b3779,1485, 0.0
b3780,1266, 176.0
b3781,330, 3172.0
b3783,1260, 849.0
b3785,1047, 0.0
b3794,741, 0.0
b3795,1386, 0.0
b3800,1236, 0.0
b3801,1656, 0.0
b3802,1197, 48.2
b3806,2547, 0.0
b3807,321, 122.0
b4558,204, 0.0
b3812,717, 0.0
b3813,2163, 12.6
b4482,765, 0.0
b3816,951, 144.0
b3817,381, 0.0
b3819,891, 0.0
b3820,468, 65.6
b3821,870, 0.0
b3822,1830, 0.0
b3823,621, 0.0
b3824,621, 0.0
b3826,801, 0.0
b3829,2262, 2137.0
b3830,816, 233.0
b3831,762, 2399.0
b3832,1428, 0.0
b3835,1641, 36.1
b3839,777, 0.0
b3843,1494, 71.2
b3844,702, 74.0
b3845,1164, 517.0
b3848,615, 0.0
b3850,546, 20.1
b3856,528, 0.0
b3858,270, 772.0
b3860,627, 669.0
b3861,1431, 0.0
b3862,933, 0.0
b3863,2787, 342.0
b3865,633, 160.0
b3866,510, 216.0
b3867,1374, 0.0
b3868,1410, 0.0
b3870,1410, 1048.0
b3871,1824, 344.0
b3873,981, 0.0
b3874,1266, 0.0
b3875,693, 0.0
b3876,1404, 0.0
b3877,1386, 0.0
b3878,2037, 0.0
b3879,927, 0.0
b3880,1242, 0.0
b3884,786, 0.0
b3888,990, 70.7
b3889,219, 0.0
b3890,219, 0.0
b3891,930, 78.7
b3895,834, 0.0
b3896,1056, 0.0
b3897,1749, 0.0
b3901,315, 0.0
b3903,1260, 0.0
b3905,837, 0.0
b3908,621, 12390.0
b3909,984, 0.0
b3910,675, 209.0
b3911,1374, 0.0
b4484,501, 0.0
b3915,903, 0.0
b3916,963, 592.0
b3917,990, 0.0
b3918,756, 0.0
b3919,768, 2240.0
b3920,600, 0.0
b3921,441, 0.0
b3925,1011, 0.0
b3926,1509, 475.0
b3928,246, 1119.0
b3929,486, 630.0
b3930,927, 0.0
b3931,1332, 240.0
b3933,960, 5.62
b3934,1026, 0.0
b3935,2199, 0.0
b3936,213, 1410.0
b3937,609, 0.0
b3938,318, 460.0
b3940,2433, 20.1
b3941,891, 237.0
b3942,2181, 1510.0
b3945,1104, 22.5
b3950,321, 0.0
b3955,1734, 0.0
b3956,2652, 789.0
b3957,1152, 131.0
b3959,777, 208.0
b3960,1374, 79.6
b3964,360, 0.0
b3965,1101, 10.3
b3967,858, 0.0
b3980,1185, 0.0
b3982,546, 1012.0
b3984,705, 3665.0
b3985,498, 3299.0
b3986,366, 6535.0
b3987,4029, 1207.0
b3988,4224, 1044.0
b3989,540, 0.0
b3990,1134, 0.0
b3995,477, 343.0
b3996,774, 0.0
b3998,672, 0.0
b3999,591, 37.5
b4011,384, 0.0
b4012,444, 0.0
b4013,930, 186.0
b4015,1305, 15099.0
b4018,825, 0.0
b4019,3684, 89.0
b4020,1632, 0.0
b4021,690, 145.0
b4022,873, 0.0
b4023,273, 57.1
b4024,1350, 162.0
b4025,1650, 1367.0
b4026,243, 0.0
b4029,2097, 0.0
b4030,411, 0.0
b4031,1476, 0.0
b4032,891, 0.0
b4034,1191, 3935.0
b4035,1116, 330.0
b4036,1341, 96.5
b4037,921, 1458.0
b4040,873, 0.0
b4041,2424, 156.0
b4042,369, 0.0
b4044,1380, 0.0
b4045,210, 1297.0
b4046,516, 56.7
b4048,708, 0.0
b4049,1038, 27.2
b4050,243, 0.0
b4051,984, 637.0
b4052,1416, 0.0
b4053,1080, 0.0
b4054,1194, 372.0
b4055,714, 133.0
b4059,537, 814.0
b4060,282, 0.0
b4063,465, 0.0
b4064,1350, 0.0
b4065,1650, 0.0
b4066,1293, 0.0
b4067,1650, 363.0
b4069,1959, 3652.0
b4070,1437, 0.0
b4073,957, 0.0
b4076,597, 0.0
b4077,1314, 0.0
b4078,690, 0.0
b4080,1467, 0.0
b4083,1986, 0.0
b4084,930, 0.0
b4088,936, 90.4
b4089,891, 0.0
b4090,450, 0.0
b4487,330, 0.0
b4092,759, 0.0
b4097,759, 0.0
b4105,1017, 0.0
b4107,444, 600.0
b4108,336, 268.0
b4110,879, 16.4
b4111,1503, 0.0
b4115,1338, 0.0
b4116,762, 0.0
b4117,2268, 0.0
b4118,909, 0.0
b4119,1356, 0.0
b4120,1422, 0.0
b4121,630, 0.0
b4122,1647, 0.0
b4123,1341, 0.0
b4124,720, 0.0
b4127,273, 117.0
b4559,174, 0.0
b4129,1518, 31.8
b4130,1458, 0.0
b4131,2148, 0.0
b4132,1335, 0.0
b4133,1539, 0.0
b4135,576, 181.0
b4136,1698, 0.0
b4138,1302, 0.0
b4139,1437, 501.0
b4142,294, 6397.0
b4143,1647, 4181.0
b4144,354, 125.0
b4145,870, 0.0
b4146,1029, 0.0
b4147,567, 983.0
b4410,126, 0.0
b4411,147, 0.0
b4150,1134, 0.0
b4151,360, 0.0
b4155,978, 0.0
b4156,1503, 0.0
b4161,1053, 93.2
b4162,546, 223.0
b4171,951, 0.0
b4172,309, 0.0
b4173,1281, 46.4
b4175,1005, 148.0
b4176,198, 0.0
b4177,1299, 2223.0
b4178,426, 0.0
b4179,2442, 53.4
b4180,732, 0.0
b4182,699, 0.0
b4186,1164, 0.0
b4187,1626, 0.0
b4188,276, 0.0
b4189,330, 0.0
b4192,1065, 0.0
b4198,687, 0.0
b4199,276, 0.0
b4202,228, 3229.0
b4203,450, 3431.0
b4204,795, 0.0
b4207,621, 680.0
b4208,1413, 205.0
b4209,663, 0.0
b4210,966, 0.0
b4211,861, 26.7
b4212,381, 0.0
b4213,1944, 99.7
b4214,741, 479.0
b4215,939, 0.0
b4216,555, 509.0
b4217,207, 0.0
b4218,1344, 0.0
b4219,639, 479.0
b4225,351, 0.0
b4226,531, 3298.0
b4227,957, 1435.0
b4233,1374, 58.5
b4234,552, 336.0
b4235,1353, 288.0
b4237,465, 0.0
b4238,2139, 0.0
b4239,1656, 0.0
b4240,1422, 0.0
b4241,948, 0.0
b4242,2697, 0.0
b4243,387, 1380.0
b4244,462, 3166.0
b4248,396, 0.0
b4249,714, 0.0
b4251,594, 0.0
b4252,453, 95.1
b4253,1815, 0.0
b4254,1005, 229.0
b4255,417, 2228.0
b4256,504, 48.7
b4257,1197, 0.0
b4258,2856, 222.0
b4260,1512, 282.0
b4262,1083, 46.4
b4263,1503, 217.0
b4264,999, 0.0
b4265,1320, 0.0
b4266,765, 14.5
b4273,906, 0.0
b4277,330, 0.0
b4278,1329, 0.0
b4280,1119, 55.3
b4287,768, 0.0
b4291,2325, 0.0
b4292,954, 0.0
b4294,276, 0.0
b4295,987, 49.6
b4296,1350, 0.0
b4297,1968, 0.0
b4300,783, 0.0
b4303,807, 210.0
b4306,747, 0.0
b4307,546, 0.0
b4309,981, 0.0
b4310,1107, 0.0
b4312,603, 0.0
b4313,597, 0.0
b4314,549, 0.0
b4315,540, 0.0
b4316,726, 0.0
b4320,903, 0.0
b4321,1344, 0.0
b4322,1185, 287.0
b4323,1461, 40.3
b4324,774, 0.0
b4325,831, 0.0
b4328,1173, 0.0
b4333,861, 0.0
b4336,1281, 0.0
b4337,1233, 0.0
b4340,1413, 0.0
b4341,165, 0.0
b4345,1047, 0.0
b4347,342, 0.0
b4348,1395, 0.0
b4350,3513, 15.0
b4351,915, 0.0
b4352,957, 0.0
b4354,2151, 0.0
b4355,1656, 32.3
b4356,1362, 0.0
b4357,915, 0.0
b4358,1023, 0.0
b4359,2292, 0.0
b4360,495, 85.7
b4361,738, 0.0
b4363,474, 0.0
b4366,678, 0.0
b4367,789, 0.0
b4567,237, 0.0
b4371,1032, 90.4
b4374,678, 0.0
b4375,1590, 94.1
b4376,606, 1430.0
b4568,162, 0.0
b4378,780, 0.0
b4379,864, 0.0
b4381,780, 501.0
b4382,1323, 81.5
b4383,1224, 703.0
b4384,720, 603.0
b4388,969, 36.1
b4390,1233, 19.7
b4391,1668, 631.0
b4392,1938, 74.9
b4393,327, 200.0
b4394,513, 0.0
b4399,1425, 0.0
b4400,1353, 0.0
b4401,717, 2392.0
