Accession,TAA_length,TGA_length,TAG_length,GC,GC3
AE000657,947.6086956521739,1001.9428571428572,924.7142857142857,43.476167301066496,47.18621732053671
AE014184,957.0212765957447,921.1810344827586,1075.824,46.331997200483556,43.31984798362862
AE015928,1192.2833698030634,1054.7956600361663,1184.420168067227,42.83717823940185,44.58875565762742
AE016825,934.521186440678,988.2335329341317,930.5329512893983,64.83374306473475,83.15720006089714
AE017282,900.9298245614035,1046.4746963562752,999.6764705882352,63.58457295840506,77.96001192983474
AL935263,941.3186195826645,869.3908045977012,926.8512396694215,44.46688649939107,45.13685216456338
AM180252,1039.7476280834915,1100.6571428571428,1061.60625,33.2844865496402,18.680945512211654
AM236080,938.3649635036496,939.0435034802784,903.3365019011407,61.09037476108047,75.9558218001485
AM260479,949.249443207127,992.5488239486814,926.185595567867,66.46591142419408,85.22432239106415
AM260525,974.1098901098901,886.6021505376344,884.377358490566,38.856063299022054,30.077139499859406
AM494475,866.6321839080459,756.4565217391304,857.195530726257,30.5310497961732,21.365218147233982
AM711867,1133.7,1016.8473684210526,953.3358208955224,72.66422692563216,94.7975161479547
AM743169,1059.5297872340425,1010.5660592255125,951.8616187989556,66.32404518043852,83.25334333965804
AM889285,898.4574132492114,952.4300254452926,958.066037735849,66.43110337985524,80.11588632313429
AM902716,930.5949152542373,928.3544776119403,990.366220735786,65.48282415680934,81.62050779849977
AM942759,949.1696750902527,873.2527472527472,958.1076923076923,38.89968663300527,30.75245291987967
AM999887,1020.7481662591687,972.0,926.3406593406594,34.19024523509989,26.635196840406515
AP006628,836.295652173913,785.6769230769231,845.948275862069,27.75984301810356,19.896437816443562
AP006840,959.4854368932039,909.9239653512993,936.1302521008404,68.6684043088666,89.4912651578391
AP007255,992.6644295302013,934.9491525423729,988.5383211678832,65.093510400737,83.14199548369172
AP008230,965.719288174512,951.6102941176471,951.7349246231156,47.35989345501921,50.59483233199998
AP008955,940.9912240184758,805.8173515981736,898.5591882750846,47.2735528479921,49.388060253065156
AP008971,1065.2615384615385,1210.4545454545455,1050.4255319148936,32.3127743623778,26.650776270876232
AP009152,975.24,1036.775461106656,1032.182608695652,71.16380109284755,92.56099655074152
AP009153,1215.020202020202,1086.1496320523304,1083.1772727272728,64.27436141406316,76.88042010162982
AP009178,968.3669724770642,1014.1333333333333,1102.59375,39.688625407429775,36.53261266972793
AP009179,949.6116504854369,942.0,921.8387096774194,43.87148618201701,46.96062298295081
AP009380,1014.0637254901961,897.2142857142857,933.5326086956521,48.359283634112224,53.05509468872864
AP009384,1021.4234693877551,1069.5064686152373,1032.7598684210527,67.31902211118089,85.58033965760337
AP009389,923.0816993464052,869.4650602409639,896.4458128078818,52.96110399537247,62.3289097746804
AP009484,979.9630102040817,799.28125,944.755980861244,36.87685627905118,30.775165231510314
AP009510,1009.9163879598663,1018.9918032786885,1002.1318681318681,35.20740200576095,30.40007037897882
AP009552,788.5106820049301,716.9510556621881,761.6027287319422,42.33063114485447,39.50931745666048
AP010904,1000.7876004592423,1002.7042105263158,986.366269165247,62.769421550751524,77.06766538646693
AP010946,990.4166666666666,1006.8148721920992,967.5675675675676,67.76023397993896,87.04108079465419
AP010953,938.0761346998536,858.3583138173302,779.789667896679,50.68482282649143,52.79602195346696
AP010968,1142.982142857143,1002.4690436039508,1051.2255154639174,74.19750348332366,95.43552890821465
AP011112,812.2619047619048,930.12,834.3818181818182,44.000263892354866,46.140012543177605
AP011121,992.9166666666666,1038.2268907563025,908.936170212766,53.03682379505382,53.06410333113375
AP011529,1056.3952941176472,956.8656716417911,1155.159574468085,31.118260965301925,22.211041788684792
AP011615,908.2318900915903,775.2696132596685,871.184347826087,43.650355346998246,41.46555477408334
AP012027,1024.6314847942756,792.081081081081,1014.4058823529411,36.55623983118011,28.019531441606464
AP012029,1076.9957264957266,1021.2387640449438,1046.142857142857,53.84967293987223,61.151795580452166
AP012035,930.1578947368421,984.2294930875576,937.927536231884,67.5791744356647,83.28976118847989
AP012044,841.5748792270531,838.107201309329,687.7994011976048,53.32115202687688,62.44762599576779
AP012046,909.9292748433304,879.4123222748815,804.4883720930233,36.0410813510645,27.72117933022902
AP012050,957.6843826655764,710.2012987012987,844.704845814978,35.71827205908107,26.499942957190925
AP012051,939.6521739130435,803.1645569620254,934.5714285714286,35.37487573029511,28.8596832483386
AP012052,1012.8936170212766,1022.8961681087762,1022.5955056179776,70.27840545811512,89.51635710263977
AP012057,1027.764705882353,1075.9877571008815,1168.7164179104477,67.29244721885163,85.35204110605888
AP012157,863.7853834276891,751.539033457249,834.8233890214797,38.60316874875766,32.68874104181474
AP012200,883.2190942472461,816.3776223776224,819.7536231884058,31.427530414899095,20.912233770188518
AP012204,957.1923076923077,976.3400868306802,916.7214765100671,67.2675393441247,83.09199829566528
AP012224,984.5565610859728,972.4136490250696,918.8983516483516,64.35657091688313,83.4582862067788
AP012273,1010.5880281690141,980.1973509933774,1112.7,56.27233867427217,64.736231939811
AP012292,1019.4900351699882,856.020618556701,796.6993006993007,50.678134821285894,58.98123748705875
AP012304,1008.1510297482838,1055.2926459438968,967.1649484536083,65.1013369765916,81.96821673440803
AP012320,1038.1020408163265,1003.5520762423417,947.5271739130435,71.24314405801177,90.89008540983318
AP012331,978.25,1087.9219554030874,1148.36875,64.63092877381744,85.40830215340151
AP012333,1055.8078291814948,1050.2366863905324,1153.131868131868,58.31297660267276,73.04844261105163
AP012334,1090.448051948052,1136.4883720930231,1077.2907488986784,48.63343237690101,48.528931928920855
AP012337,1126.4963414634146,1088.1908713692947,1152.7188019966723,58.76714546695322,69.23173987284495
AP012338,1016.2820512820513,1073.0077951002227,1089.6096774193547,73.28780179978833,93.48250813834655
AP012342,884.7058823529412,916.2487562189054,917.4778156996587,50.047547643363764,52.8600203553081
AP012492,889.0393700787401,880.5202702702703,857.2730061349694,38.343488993942316,35.024781844645304
AP012495,921.202362804878,892.059902200489,920.3876543209876,45.7271863180528,46.68717826815462
AP012547,929.2095238095238,1033.1134020618556,1044.1339285714287,63.267412603007166,79.15080752127986
AP012551,746.0481452249408,679.1567080045096,612.943025540275,56.956884178640536,67.46781189223354
AP012554,974.948402948403,885.195652173913,906.0322580645161,30.56788703419589,20.772262124659903
AP012978,955.1395348837209,958.0565371024735,1028.407643312102,65.05711268828249,82.31346219624776
AP013066,939.1066235864297,1002.7664233576643,997.1052631578947,56.1040492634944,65.49436516151633
AP013105,1010.4259681093394,896.872037914692,1230.5824873096446,63.459266396182954,82.24245014305617
AP014521,988.3817034700315,936.1714285714286,1000.5681818181819,25.06962490771965,12.049407316897229
AP014565,946.8304225352113,820.5122950819672,833.6181818181818,52.155026256764614,56.21466011794846
AP014569,986.445205479452,1029.6046511627908,988.3846153846154,66.09057305548266,83.276143228355
AP014583,993.3313953488372,824.0719424460432,981.0342857142857,32.17769270144215,21.630140096119334
AP014624,1010.0547124600639,816.1992619926199,896.7393822393823,35.59174183823627,31.217248851243838
AP014633,1167.93399750934,1009.8627049180328,1042.99095840868,41.21047691218616,34.72579659348268
AP014648,821.985111662531,866.5470692717585,912.5298165137615,62.84232476604134,77.77875657547061
AP014685,824.9254966887418,782.1315789473684,819.4898305084746,63.70241665075839,80.26396127928666
AP014800,842.8211009174312,895.529945553539,903.1491712707183,66.82816125602547,82.54107282063603
AP014821,1028.0846693386773,885.7553191489362,947.5323383084577,33.344810744398856,23.31407430770491
BA000012,933.609022556391,893.5110692416392,880.8746383799421,62.74706437726396,78.20212561954558
BA000022,1015.4392712550607,949.9716312056737,1006.4586206896552,47.72025510218359,49.882298574919574
BA000028,891.838967424708,832.0744186046512,873.8778625954199,35.681311368484145,25.853265043173003
BA000039,977.4444444444445,870.4775510204082,967.9841986455982,53.91792993985405,57.37820504815544
BX908798,1007.9067702552719,867.5285714285715,948.6136363636364,34.717256203755284,27.543035134856844
CP000031,988.8322784810126,973.8586707410237,960.2689655172413,64.22290936690355,80.12634528985195
CP000038,927.1654054054054,938.0140597539543,873.3209302325581,51.009758013290465,54.86777809491924
CP000061,825.7005076142132,599.3888888888889,645.3076923076923,26.88626305428061,19.371994276312602
CP000083,978.6150627615062,697.8958333333334,935.1303370786517,38.00542695387089,30.46081482872266
CP000088,999.6787709497206,1007.2488038277512,964.9223300970874,67.50285331947377,83.77434685436344
CP000089,968.0266457680251,1007.4946996466431,965.7,59.24722023752395,69.83350770181697
CP000103,963.1942078364566,1019.1052631578947,1004.3663793103449,53.94264822125698,60.38097430302666
CP000109,986.6651323360184,1032.2745098039215,1022.8333333333334,43.12997222924752,41.76347489024347
CP000116,940.1146245059289,967.6945244956772,901.2367346938776,66.06722296893027,83.50812300707801
CP000140,1155.2529002320186,1022.4988235294118,1050.2741514360314,45.05957647485263,51.05677539925933
CP000141,837.6032171581769,810.1061946902655,832.0788177339901,42.04970185549152,39.535416446941035
CP000153,1066.059633027523,977.126582278481,936.5454545454545,34.46195676613094,25.425114861501307
CP000155,969.7058823529412,888.4070351758794,943.4914089347079,53.86974591515463,61.05746474959016
CP000157,877.9909090909091,958.9416785206259,945.6311475409836,63.068512035455406,77.17354765752737
CP000158,984.1352785145889,963.3727634194831,1007.2208955223881,61.93028325615428,74.14299571325925
CP000232,950.7152974504249,904.3196202531645,951.2096385542169,55.79153707569736,64.43002637918988
CP000238,1019.2588235294118,896.76,974.8695652173913,33.234770341914974,19.720723690425825
CP000245,1032.734693877551,989.4323499491353,962.878125,69.99670531593956,91.31977921211823
CP000252,871.36820083682,875.8688946015424,897.7444444444444,51.460038373226816,57.04670184084418
CP000264,947.7552182163188,927.8339882121808,950.8717472118959,62.332175460869756,75.41608957612769
CP000267,975.9726775956284,1040.0383973288815,978.3624161073825,59.87933375732678,72.1806538037545
CP000282,1129.785095320624,1027.6704545454545,1111.256067961165,45.82607600427956,44.5828860197993
CP000284,984.7877094972067,953.3357531760436,1017.7390029325513,55.71908220615934,64.99896280610056
CP000285,984.7880597014926,1016.8300604229607,1017.3890784982935,63.91185638668967,79.91249954817198
CP000316,963.8412462908012,959.1680814940577,912.5926573426574,62.47230909815348,77.09299266599201
CP000319,904.2356435643565,906.2756024096385,965.2359249329759,61.713781836805225,75.70930010645063
CP000352,949.0332681017612,948.8726450640543,900.9492537313433,63.820295314082756,79.09870616890429
CP000360,1095.987,1028.6861063464837,1101.75,58.38384331781577,71.79140257261432
CP000377,972.322265625,928.8665413533835,941.2970711297071,60.412916463861535,71.26991283602997
CP000383,1098.5749385749386,863.9707792207793,1217.7329842931938,38.84645420098899,35.52122903381832
CP000386,979.578947368421,938.7380952380952,933.4360086767896,70.47658403570273,91.23163201373471
CP000387,999.6450867052023,960.460396039604,956.3020408163266,43.4002181344688,42.92532747553288
CP000388,1087.4808584686775,975.7267605633803,1068.0409276944065,44.61609348747495,43.713301961934846
CP000390,968.6338329764454,959.172131147541,1018.1368421052632,61.06678699297397,72.55384668026387
CP000393,1078.3728813559321,996.5718120805369,1075.0970961887476,34.143356453871355,25.13635559598903
CP000411,875.0482374768089,819.2421524663677,759.8859060402684,37.88888283571569,33.76575792724595
CP000414,958.0227272727273,850.3235294117648,900.158940397351,37.71033695121066,30.33467860372307
CP000422,957.9723320158103,880.2545454545455,922.344262295082,37.357828886583455,29.55305813629921
CP000448,999.4943946188341,922.4571428571429,1042.4213973799126,44.86592341448712,46.00755658267348
CP000449,1023.8382352941177,981.7908101571946,1122.6061855670102,62.72763433646602,75.510574803482
CP000453,1002.33984375,1048.4352159468438,1027.9462809917356,67.53125206047478,85.30676977140472
CP000471,1203.2465753424658,1105.9259259259259,1116.5397727272727,54.16747800281423,59.88428780616274
CP000473,1210.9906303236796,1120.7556109725685,1244.5520459440058,61.90245684170811,75.52030470556426
CP000478,1026.2874251497005,1011.3758782201405,1018.8007712082263,59.94872802991272,74.24832713519152
CP000481,1044.409090909091,1004.0266853932584,983.6690391459075,66.907355721617,78.94598173111915
CP000482,1010.6331877729258,980.1224489795918,1020.8585690515807,59.024176646706586,73.98205392137992
CP000492,982.5963756177924,985.7285318559557,1017.1750972762646,48.35144813079669,50.67711844794025
CP000509,953.5263157894736,983.6892138939671,991.9125964010283,71.65195409187281,92.81406721874863
CP000510,988.3426934097421,996.1914893617021,1072.5428571428572,40.08627514969522,35.57629688729763
CP000513,1042.1573604060914,927.375,957.0483870967741,44.39572461942635,40.5495198271762
CP000542,1028.717213114754,1019.4273919378339,946.2089552238806,65.27908838713583,80.90000850352706
CP000544,1017.0416666666666,1012.3897058823529,993.6236559139785,67.98172974539025,84.64422625602133
CP000554,790.6272084805654,692.9218362282878,673.5,50.00758571202252,48.793791829298776
CP000555,879.24,1004.7180774748924,919.2618025751073,69.19775134482882,88.63460991790933
CP000613,927.0444444444445,973.2584814216478,1011.8655737704918,70.46127199295242,89.54181281369318
CP000628,943.0339805825242,930.4613259668508,905.268115942029,60.33744223033959,74.44371632426507
CP000655,974.070351758794,985.843373493976,1030.5,44.83410434871196,40.6625825389489
CP000679,970.3657205240174,900.1875,997.2290748898679,35.25407580106219,30.74653621379769
CP000685,1057.9007722007723,911.6284403669724,1100.7688356164383,34.11285327951776,27.034000666860624
CP000686,1187.8602150537633,1084.1843866171005,1132.737313432836,60.38734500391099,69.01942839263505
CP000724,907.9932088285229,838.8785942492012,924.3014184397163,36.82202449465125,30.896708831942302
CP000733,938.7272727272727,864.4861111111111,859.1233480176212,42.43578946783289,40.41325594154757
CP000747,972.3468208092486,1006.1653454133635,1111.9085714285713,71.34637304176034,93.5555385658818
CP000749,1037.8068376068377,946.1335227272727,1037.1288743882544,42.59406816481398,38.17101726266472
CP000750,966.1818181818181,947.4841149773071,881.8457142857143,74.43503011751491,94.07252668025595
CP000758,923.5904761904762,929.9666666666667,898.6937269372694,56.050901587193835,64.0543638555241
CP000769,1027.1408450704225,1068.0524193548388,1072.7340425531916,73.53140115839552,94.22784852281781
CP000774,968.7463556851312,986.1924198250729,962.7192118226601,62.32809544427542,76.73750460300515
CP000781,940.1379310344828,977.8276353276353,1071.2850356294537,67.46469253526226,86.0886474535049
CP000792,1012.5792563600783,959.3855421686746,976.55625,39.428959063005145,38.71452976076315
CP000812,1098.0631578947368,1014.0494505494505,1057.8461538461538,38.69703307479551,34.41281828389921
CP000820,1042.0181818181818,1049.888306674021,980.6905537459284,71.15359736683484,87.63143146480357
CP000828,877.5172586293147,779.961038961039,922.6134060795011,47.253850255638156,46.06813062425631
CP000830,999.2175572519084,970.4678826328311,1033.8200836820083,66.01545182795789,83.77073528789407
CP000849,854.5667870036101,797.648275862069,980.1490384615385,31.628209656110613,21.417195212950954
CP000850,928.4550898203593,1009.1173402868318,1048.927797833935,69.51852813884236,85.4082585064443
CP000859,1087.9255989911728,1070.8491379310344,1024.7307692307693,56.168615578397166,68.50587537173752
CP000875,1140.9706321553012,1044.803738317757,1199.0989399293287,50.715668122094606,51.040165935922595
CP000879,1099.2230769230769,1043.8578947368421,1054.0222222222221,34.12319063694373,28.420729345366375
CP000884,936.9246575342465,1028.196694214876,931.1318181818182,66.47625701254553,84.07911259983818
CP000910,863.7857142857143,751.8686006825939,848.0601659751037,56.271325568496955,60.47196550385885
CP000922,911.8657799274486,800.1470588235294,896.5138888888889,41.77675142074495,37.701730356453794
CP000927,991.0960334029228,927.7481722177092,1018.1103603603603,67.46329596602476,87.70094842619467
CP000930,933.2785445420326,836.9273827534039,916.6054421768707,56.97519060078877,68.22634506617258
CP000934,1187.6759581881533,1116.7259786476868,1121.013986013986,51.99123885929493,56.896757627340584
CP000961,1052.3243243243244,968.452012383901,1088.1716937354988,43.70099216514868,41.29000850485296
CP000975,860.2774869109948,782.3669724770642,764.4935064935065,45.482774375914076,46.05430458183938
CP000976,1022.7375,939.4864864864865,1081.9591836734694,27.586044045449377,17.395862127615185
CP001013,1127.736,1054.900113507378,906.5263157894736,68.89968087769532,89.23154843592413
CP001016,983.375866851595,968.9541150764749,930.3179347826087,57.059896843113435,65.78150895109407
CP001032,1180.4082840236686,1129.2474576271186,1218.2105798575788,65.3411396022395,81.9671041519464
CP001034,971.5317647058823,880.575,974.6023054755043,36.322296518432616,27.99392375840899
CP001037,1049.7630688228658,1057.1809523809525,1048.7254213483145,41.41495802568809,35.616191944563184
CP001055,1027.0752864157118,778.7272727272727,966.1219512195122,39.9521283650997,37.74397246495816
CP001071,1163.945701357466,992.2332657200811,1139.7571428571428,55.76235444438689,66.1332859446021
CP001080,956.872,1089.512658227848,1071.929203539823,32.027444977867134,22.790509467385593
CP001087,1021.9543795620438,977.606674612634,994.6684491978609,48.84700915518548,52.836817820193346
CP001096,974.59765625,928.2539130434783,977.0279069767441,64.85980862601781,82.90742026528429
CP001098,983.1496815286624,941.60625,983.4452830188679,37.88319203024189,33.786409287968056
CP001099,959.9428571428572,960.3613445378152,987.7333333333333,55.79611479572558,69.02420994637633
CP001100,1099.0107883817427,1039.7661971830985,1116.7432024169184,45.03891960299454,47.72449961856626
CP001108,944.4741573033708,1009.1388888888889,1023.3545454545455,50.09512826298299,54.21922235352343
CP001110,1007.0844155844156,924.5607902735562,924.4449152542373,48.077586989495195,49.49516185782046
CP001130,974.501976284585,1045.9864864864865,905.2857142857143,34.84701003004782,29.13169402717011
CP001145,928.8518518518518,851.008695652174,896.5,44.77013317313631,44.262191729947915
CP001146,984.3202247191011,812.4868421052631,942.5730337078652,33.74098909839709,25.25509057695437
CP001147,878.5360824742268,916.4857142857143,956.7333333333333,34.12890388925458,25.189125038775195
CP001154,888.0326086956521,896.6301369863014,865.8644859813085,62.352314953733114,74.62992883864295
CP001185,957.1637717121588,787.436170212766,905.3883495145631,30.810792316194576,20.67361429565975
CP001196,851.2911585365854,889.2374670184696,910.7931818181818,62.39947949997183,76.77031524946466
CP001221,941.821401657875,951.0059055118111,999.4752475247525,35.018341481270625,29.477380176160356
CP001230,1014.1208791208791,1019.6410256410256,824.7473684210527,37.15639771142485,31.861305464824948
CP001275,921.8695652173913,943.4278606965174,849.3529411764706,63.647038501132805,72.9871667891634
CP001279,967.6415094339623,820.8196721311475,826.2352941176471,33.507531417691254,27.10517985178629
CP001280,929.4551422319474,944.3182978723404,943.955,63.08336217288401,76.45252457351022
CP001281,1128.5366972477063,1030.9981684981685,1047.6024590163934,68.4042033605177,88.91894428937042
CP001312,1049.381974248927,982.481291269259,900.2033898305085,66.56188702841807,83.3079662100825
CP001322,1149.66,1025.880893300248,1083.6857142857143,54.484597610000684,67.75526163417368
CP001349,842.9620253164557,862.2501497902936,854.8636363636364,68.85724725505182,86.3187841485118
CP001364,1036.4842105263158,994.3692946058092,1072.7002341920374,56.681900568424446,60.57701687395504
CP001397,1058.808320950966,779.1038961038961,1038.5976331360946,35.31529911368425,27.75319641027493
CP001429,1099.021978021978,956.7428571428571,1323.28125,28.210940762393367,17.793243841133254
CP001472,1145.8801916932907,991.3498098859316,1169.2014084507043,60.4970106770533,73.77791604268056
CP001560,979.7150259067357,938.8969465648855,801.9951923076923,56.508328874835435,64.81461270368001
CP001607,952.0649214659686,776.8780487804878,902.5714285714286,42.230964944326395,40.50556652796647
CP001614,1087.2766952455183,895.3883299798792,1089.5433070866143,50.89065163357059,54.15317727129128
CP001616,988.0330739299611,961.5215605749487,1045.9178082191781,49.02701933458781,49.43651106937553
CP001618,900.96,1033.4283792871554,1057.7671232876712,73.1165816375156,93.508394340234
CP001619,1079.3836150845254,1075.1785714285713,1078.130281690141,51.54499489795186,62.60272180978048
CP001628,835.4516129032259,1016.3023255813954,774.9782608695652,72.99524968443846,94.18728425581112
CP001629,1071.0575692963753,1034.6712846347607,1150.6842105263158,58.64699871178244,72.65282632279684
CP001630,973.5099337748344,1021.632420793602,1056.0942408376964,73.70887317195238,95.64978768000415
CP001631,936.4054054054054,986.5396419437341,989.1789473684211,68.28933205508218,81.79973028214049
CP001632,1100.6276849642004,966.3529411764706,1134.4036697247707,39.587971334806774,37.94599582488661
CP001634,961.4724409448819,984.4953271028037,970.6343283582089,41.54598836032433,40.578560825197755
CP001643,827.5714285714286,1044.9280966767371,1093.7666666666667,72.04577492840924,93.44528426093845
CP001650,962.8497723823975,761.0459363957597,950.2672131147541,36.218453032231466,30.82374537843387
CP001673,1011.5593220338983,873.2947976878613,1113.2820512820513,42.69275481900595,45.30374804363393
CP001674,938.955764075067,1030.7030878859857,1057.3918495297805,54.86042281266869,62.28717455029545
CP001678,1040.8842639593909,941.2125,1035.7109826589594,45.23012065555781,39.00734386460533
CP001681,1041.860465116279,977.4557522123894,1044.704918032787,42.048886254415436,41.33641860750082
CP001682,1071.5467980295566,1008.144578313253,1072.788990825688,50.911544290902974,49.39214993163769
CP001683,948.4966887417219,948.9260792430515,1021.1382636655949,67.31513626217375,84.17864360783871
CP001684,997.4777327935223,839.6176470588235,976.3737623762377,60.211599355205216,77.75462379883919
CP001685,955.03125,882.5060240963855,928.9532374100719,29.645686057405673,21.00358927527143
CP001686,1026.967741935484,990.772142316427,850.6704545454545,71.62753355087784,91.9132132312207
CP001699,1061.8833333333334,988.0238907849829,1065.8557794273595,45.227118022356336,47.48751280015063
CP001700,997.0351648351649,1044.9564582115722,1070.659902029391,69.7670815078113,90.08950101810333
CP001706,1018.9791231732777,951.9428571428572,1006.01677852349,58.416683456706785,62.88361486086754
CP001707,997.1217391304348,1020.754189944134,960.1311475409836,43.6871005756164,41.506369295549725
CP001708,1039.777142857143,828.4772727272727,1116.5645161290322,36.06876441464908,31.07904651251324
CP001712,1006.4920212765958,993.1512605042017,1026.2054794520548,55.29329254078098,68.05023421839718
CP001713,1077.6771159874609,774.9193548387096,1182.75,40.54987026800535,34.86316746624007
CP001721,1036.3939393939395,929.1290322580645,1028.4200743494423,45.686599019953945,41.291892809192
CP001722,1043.8161559888579,950.4235807860262,1065.9574468085107,46.82890532673874,45.2324263077635
CP001726,1030.1096654275093,1028.11004784689,1053.9075342465753,64.20459989097697,85.09596244650568
CP001734,1018.21875,998.2622222222222,1029.368674698795,57.54005161463308,68.36478032949981
CP001736,898.33125,984.5625,986.1121951219512,70.5679064337855,91.3588572632568
CP001737,1026.7931034482758,1014.8706624605678,995.9274193548387,70.91646318382362,90.53150839697254
CP001738,948.8010471204188,960.8998831320607,892.4676923076923,71.6420205227295,91.97339791302234
CP001739,991.9231671554252,860.0076045627377,969.4054054054054,33.4515920686913,27.24160062723166
CP001769,1087.8218960729869,1058.672268907563,1149.7787021630616,50.19282050444146,55.96873572319882
CP001778,964.482,1001.7941860465116,986.953181272509,68.13393500923839,88.09381245540217
CP001779,1076.4249422632795,1091.4545454545455,1290.3719008264463,26.314554865997263,12.32694760196901
CP001785,902.2242990654206,899.7609561752988,947.4,59.448431527349946,72.37828352502143
CP001798,885.5492505353319,901.3872180451128,968.3435897435897,51.58400922482495,53.485286955641755
CP001801,948.6526315789474,968.9101796407185,925.0891719745223,54.71364202678709,60.740488868978716
CP001804,1163.71387283237,1227.3353636689358,1202.003355704698,69.4833879119411,88.43233058581215
CP001807,1068.2237288135593,1144.8553719008264,1121.5783783783784,64.53711118823745,80.28148464275614
CP001810,1125.3765182186235,1065.115015974441,1065.8740157480315,40.212540550758916,37.81252784449697
CP001814,967.8791208791209,996.8935108153078,932.621335504886,70.86660360569266,91.04996317509303
CP001818,968.1764705882352,1006.5944055944055,963.4479166666666,63.79256619243765,85.21930259367649
CP001819,986.3,1053.5921483097056,1026.7058823529412,71.88650620102021,93.07957665490976
CP001820,1059.6646489104116,980.5714285714286,976.2789473684211,38.629275160847634,30.48109380943077
CP001821,1016.7567567567568,1036.5584415584415,1066.797619047619,72.48758675378917,93.35958667505398
CP001823,976.4929577464789,979.9822294022617,1005.7731092436975,68.10279190363633,86.84567382580762
CP001825,983.6195652173913,966.5588235294117,997.5593220338983,48.072840582412866,49.039950164651025
CP001834,921.2705117790414,950.450495049505,842.5873015873016,34.910266713469305,25.096711119872783
CP001843,1076.9570871261378,1006.866847826087,1084.7924528301887,50.837527436243604,55.38517961905614
CP001848,1170.9229181004819,924.4585987261147,1141.5082974800246,57.464697308785595,65.2958557927804
CP001851,832.0556792873051,810.1991525423729,872.9058823529411,57.15114056237365,65.42315991203353
CP001854,957.3896103896104,1008.3226495726495,1045.8521739130435,72.7334268541423,93.05789371916354
CP001867,811.6981132075472,961.5958216151065,878.5821727019498,73.98410933815462,94.15596217773754
CP001874,1021.1625,982.7845100105374,946.6227758007118,72.42917381865672,94.18718061027457
CP001875,972.8661971830986,978.7429718875502,953.9473684210526,53.69076617993087,59.15311209933013
CP001896,950.5629139072847,1067.6219178082192,1106.8125,64.37262380054115,79.69600379969924
CP001928,994.6960486322189,1088.4469273743016,1010.4223602484471,43.780170409656044,42.1954023505676
CP001940,1086.9851411589896,995.3886554621848,1107.3056603773584,60.28630983067459,74.03243522590553
CP001958,894.9692307692308,943.3171521035599,960.9823943661971,66.79128951233038,83.1051939555314
CP001962,961.5,908.8565217391305,940.7938144329897,64.8850372187184,81.96628292578141
CP001965,926.6023255813953,944.6780487804878,940.5360824742268,57.54174246318486,70.31419961261645
CP001966,1049.5108695652175,918.443113772455,953.5401459854014,68.41297028848486,85.67817414630017
CP001968,978.8076923076923,990.0364372469636,952.6162361623616,42.536630875053575,41.56504034691842
CP001992,1086.9642857142858,927.5733788395904,1040.6296296296296,55.41328127911744,60.74478048316092
CP001997,988.5391304347826,970.042372881356,912.974358974359,45.30685774758254,42.19687256774173
CP001998,1176.6571428571428,961.9525139664804,1107.8565891472867,53.60177947414012,60.33642787963222
CP001999,986.615969581749,922.7272727272727,942.2516129032258,28.360850626598605,15.387206237033068
CP002006,1223.2348565356003,1108.7142857142858,1110.7135922330096,47.685532961335895,55.794058886111884
CP002017,926.1042084168337,904.3356367226061,913.8957055214723,59.114130784816446,69.22860875734256
CP002018,984.7764705882353,840.4570637119114,890.2159090909091,61.69031954887218,72.45978262053252
CP002026,911.2463768115942,948.9736379613357,999.8,67.88473004222645,88.27897265025898
CP002028,916.757722007722,935.1195652173913,956.2872062663185,45.8824557802963,47.40308034283177
CP002038,979.0317919075145,919.2805219012115,886.7889908256881,56.29633286083819,65.62455894555883
CP002039,991.9727272727273,1057.750512295082,914.9529780564263,63.40456378594629,81.03757687531623
CP002042,919.8703374777975,1030.5839160839162,982.4139130434783,62.363628418098884,77.06390346716893
CP002045,1059.2047244094488,1025.8902439024391,936.9606741573034,53.133241430422814,55.033739805660026
CP002046,1040.583650190114,769.8139534883721,1031.7323943661972,33.90002986831527,23.466456748162543
CP002047,937.4197530864197,1009.1922402455064,1004.456652360515,70.75458902611386,89.61386741183121
CP002048,956.1726315789474,886.562962962963,930.2084367245658,50.989395811950565,57.152346970982165
CP002049,1008.7688787185355,988.7682619647355,1022.8788598574822,68.13901247639092,86.71738037908737
CP002056,996.2434701492538,996.0425531914893,1000.7486631016043,42.63513069668623,37.17490546805735
CP002084,893.8510638297872,899.1363636363636,880.638036809816,55.04438159275664,64.9143046600976
CP002085,1073.701030927835,983.7298387096774,1029.1421800947867,65.7034940481124,85.33284497865574
CP002102,863.45,987.5049504950495,1016.93006993007,68.42270096651546,87.4378435672643
CP002105,940.3174778761062,981.1188118811881,907.4579439252336,36.63129515920823,27.792427182256002
CP002106,1088.8557692307693,965.4978540772532,1049.2983870967741,64.69752852971105,83.97991500727677
CP002116,1006.7230320699708,966.6185567010309,1046.8493723849372,48.96514158879408,50.17874320552298
CP002131,935.1996951219512,879.1208791208791,932.2994011976048,46.820114603503896,51.908446748191295
CP002156,1017.0736607142857,942.4928229665072,995.2621359223301,60.65609859703726,70.43873435702011
CP002157,1056.9403846153846,998.8266666666667,1046.7782909930716,36.977445412770045,32.209989610809885
CP002158,1207.6627906976744,1089.0529411764705,1146.3032258064516,48.0491303157634,56.060084648837645
CP002159,1058.6973293768547,1066.9504373177842,989.5326086956521,52.754823680596594,57.67405650260274
CP002162,977.4882352941177,1028.8888500524292,1044.311475409836,72.82213415331078,92.92320183484325
CP002171,925.5399768250289,920.9870689655172,905.566265060241,34.112512528035516,27.53386588731037
CP002198,952.8140350877193,1027.79012345679,983.8347934918648,40.22255163651048,33.81060954169641
CP002209,1119.8864353312304,989.6852459016393,1011.709090909091,60.21947303196726,74.59866125458424
CP002224,960.5965909090909,865.4547738693467,845.6968085106383,61.72374467055032,72.70388841676859
CP002271,1080.8929133858267,1100.4209708737865,1109.0742397137747,67.45864534737987,84.79390248820647
CP002273,904.173640167364,759.9841897233201,944.6585956416465,47.49750214689114,52.27503323979917
CP002280,971.4137515078407,733.1395348837209,1012.6312769010043,53.687692660687745,57.15919320444134
CP002281,947.5179948586118,815.2903225806451,895.6753246753246,34.534494620965724,27.628289964493646
CP002287,1013.082191780822,992.1747088186356,942.4484536082474,65.9875561360569,84.34228057699373
CP002292,946.5666666666667,948.551689860835,1002.1508875739645,62.24843185985493,76.3670502292069
CP002304,1015.408945686901,1014.991304347826,1064.373786407767,33.16135481113169,22.76332038951294
CP002305,1035.9383408071749,890.2151898734177,979.1014492753624,40.41362648482518,37.992539885975695
CP002339,1007.907120743034,942.324074074074,985.547770700637,43.506790224265245,40.02699928744964
CP002343,931.5,1023.3643230679837,975.8280542986425,70.70365089596365,90.52364365277442
CP002344,947.9558823529412,1043.0934579439252,1080.9739336492892,72.48208595927298,90.15164594001295
CP002345,1103.1943231441048,931.216,1049.9921465968587,38.85666655089779,36.90686604784456
CP002347,1023.2492581602373,982.531914893617,1042.8116883116884,35.753011699226306,31.623728921601412
CP002349,1070.88,1017.6769230769231,1114.104513064133,35.51221813052385,30.05027712289496
CP002353,1283.3272727272727,1259.1950509461426,1191.1875,62.444079661404686,73.5681544322742
CP002355,936.8383128295255,896.3076923076923,999.2045454545455,44.994259801835,46.09885495021901
CP002360,1047.3390092879256,1010.2574257425742,1009.0714285714286,43.45191857580361,43.37644513416864
CP002361,1003.2827586206896,1059.6361031518625,1038.768953068592,70.02482703542627,92.225683629916
CP002364,1002.2201365187714,1070.83125,997.7192307692308,58.92757515896828,71.9643941822454
CP002382,955.9425675675676,854.1882352941177,921.6296296296297,54.71298554422008,63.353420928571396
CP002390,992.3313521545319,877.5555555555555,1008.3603896103896,35.445507329835344,31.35175195404921
CP002395,1029.9590163934427,1041.474040632054,1040.0801393728223,59.180881385322195,71.02120927328849
CP002400,983.4904831625183,977.6095118898623,846.4516129032259,55.5585100725393,67.47799906657528
CP002417,985.4070080862533,1034.4516129032259,1031.1753246753246,66.47972170008927,85.93058828009994
CP002422,936.5507060333762,958.080459770115,837.7586206896551,51.498769329353344,60.30832086948006
CP002432,1075.6348773841962,1056.0975609756097,960.2227074235808,56.10872507194258,66.87424598584889
CP002444,1095.3191489361702,1005.9090909090909,923.6373626373627,52.11486869899255,62.2729356661938
CP002452,880.3588235294118,926.3617021276596,990.4682926829269,53.911915803900946,68.33222814869386
CP002453,1020.1449194891727,815.2790697674419,1031.4418604651162,33.76617850633946,24.839353603043133
CP002455,1046.9931584948688,938.620253164557,919.6538461538462,35.921712449965995,30.660974563700265
CP002479,1087.7932960893854,1029.9466357308584,1061.0392364793213,61.17795371438165,80.3803493560879
CP002512,1021.841432225064,949.7746478873239,995.356401384083,41.88288753247277,41.028908230133354
CP002514,1087.3555555555556,1070.7444933920706,1150.8343373493976,61.37353066787112,71.2925836697303
CP002521,1104.286956521739,1041.058515699334,1019.9315589353612,68.82101430637869,88.12235027596982
CP002528,1075.4147157190635,910.7333333333333,1037.5114678899083,37.28913304540747,29.071976736729933
CP002542,1077.9790540540541,982.110447761194,1067.7676056338028,36.494677869818496,30.773281060935545
CP002543,1057.0275590551182,905.8846153846154,1078.9642857142858,34.94858518464715,25.794333719559578
CP002544,1082.0386879730866,1040.5184381778743,1022.6203703703703,43.35854115212846,45.50594221801111
CP002546,1140.9375,1030.4135090609554,1127.5678203928906,56.448637682336866,65.06472505094511
CP002547,935.9375650364204,1030.3239130434783,911.4700854700855,46.350190020427156,48.834887434354
CP002548,698.8176470588236,552.6375,663.7924528301887,27.19146803587076,21.19632291729623
CP002568,872.4634146341464,962.5443716497915,996.3810623556582,67.21816850258045,86.10177881547655
CP002584,1014.1787862219792,985.1037735849056,1087.2595936794582,41.10174901777252,39.68411988829821
CP002593,1026.3,974.4339427388754,989.0530303030303,73.30953216701418,93.37673601152711
CP002606,1015.7123287671233,1101.0,925.418918918919,37.47425387888553,34.82711355754928
CP002623,969.8513513513514,919.8546511627907,906.420918367347,57.20617746871345,63.89680935066454
CP002628,1014.8035714285714,1102.779197080292,1041.3286516853932,60.393461963311104,73.65026650100693
CP002629,978.7417380660954,941.3648393194707,977.3587223587224,52.89111833046157,61.21289535608213
CP002630,942.946875,910.9709302325581,1024.5796460176991,68.07581813061798,87.23943006005747
CP002638,1007.3037542662116,987.7626935541952,1001.703629032258,70.8545250986818,89.50584950342642
CP002657,976.4648829431438,986.3968565815325,977.5248447204968,67.98318727162113,88.50981913403375
CP002663,948.8189300411523,921.9589041095891,957.6987179487179,56.920129621833325,64.30819043092237
CP002666,680.0526315789474,1031.0323559150656,1029.4960629921259,74.72433071501032,95.80570365173895
CP002667,1022.1567239635996,903.7291666666666,1036.661971830986,39.876866858802494,34.517492353149684
CP002683,1007.8129175946548,969.3559322033898,1075.0858895705521,42.425450774774525,37.19907099293046
CP002690,1057.3467933491686,903.0909090909091,1000.4093959731543,33.86623061671051,27.104277667312875
CP002691,1186.5280950205574,1146.2936170212765,1230.6982990152194,47.1331222886286,52.842800375082554
CP002701,1027.0392857142858,903.0,1104.439024390244,25.439887368942856,12.037159717083258
CP002725,1186.8495762711864,1086.2093023255813,1137.1102040816327,41.22960708801931,34.43784294716497
CP002738,978.619512195122,1028.5680751173709,1043.1298701298701,51.31004907079445,57.15543575299591
CP002786,863.6641791044776,943.8732782369146,921.9951219512195,62.2442474469851,71.24509272505556
CP002810,1655.3181818181818,1014.1215517241379,1069.0493273542602,73.8877299908699,96.07381311278519
CP002825,1079.459129106188,1051.7272727272727,921.9668246445498,30.823216535079524,18.766457653661888
CP002831,1001.5535190615835,433.83870967741933,898.1281571562208,46.35995689072886,49.05056982794175
CP002835,853.7133620689655,825.1706161137441,884.6699029126214,43.95143870016896,44.07903811635578
CP002858,946.4152046783626,1000.7490774907749,1053.3310344827587,38.29426222695412,36.61845565568697
CP002859,1108.0103626943005,1019.1120906801008,1095.758162031439,46.589687914225244,51.97370225285752
CP002874,1037.0524367674275,909.4766355140187,896.4905660377359,27.218659714329636,16.388133435679702
CP002876,933.7401129943503,974.0729166666666,959.8493723849373,45.44306721600743,43.906493157602
CP002899,937.2327586206897,802.6363636363636,972.3652173913043,35.48314982727325,26.591811412139435
CP002901,847.9389830508475,754.7477064220184,769.7342657342657,56.762097157979575,62.72375357586467
CP002902,770.7941176470588,869.9411283728537,765.1486486486486,61.52319042473099,73.99188742560379
CP002930,943.0884691848906,865.2409638554217,994.8878842676311,49.85902300409618,55.46027243078887
CP002955,1103.3934169278996,979.649377593361,1054.2864768683273,38.14606753312385,35.33288954623839
CP002959,938.5335365853658,939.6543624161073,942.0899357601713,53.63478455251636,60.161517541701706
CP002961,1127.5289139633287,1011.4275,1106.9259259259259,35.69799077062489,28.614937787665134
CP002976,968.0358974358975,952.7033689400164,971.6792452830189,59.84126456664358,69.7509134952575
CP002985,898.3435582822086,896.9461663947798,982.5521235521236,56.59431242268247,61.571186231401015
CP002987,1013.9619492656876,1019.3410404624277,1006.9444444444445,39.33813903708412,36.8804643334645
CP002991,949.3143564356436,945.0731707317074,888.225,34.341571587788536,26.148057608477504
CP002999,1039.7096483318305,907.303448275862,1040.1743869209809,41.357976817746724,43.134497623905794
CP003051,962.2142857142857,995.3299492385787,945.0244897959184,65.64171047051795,81.89928994485561
CP003058,942.5684210526316,851.1480582524272,866.4624277456647,50.020600820415105,54.62587252011619
CP003075,904.2130434782608,917.72,926.8090062111801,61.36948117247937,74.20036063892825
CP003096,1000.0115273775216,1049.7123287671234,917.0,47.05763974928015,50.88311071785386
CP003108,951.7192288680178,926.031914893617,937.5662983425415,42.85489148111718,40.34934465069333
CP003119,1010.4590163934427,1004.6259168704156,1068.1278195488721,67.01881281631378,83.33684294829469
CP003130,1206.0245901639344,1115.5528219971056,1177.7995626822158,57.90987429894653,69.29417246418967
CP003147,969.0192644483362,884.2593010146561,889.8615635179153,52.372878570111055,56.93904760541019
CP003153,983.7922077922078,1024.356205852674,986.0029154518951,65.36764049193849,84.52197831441879
CP003154,1017.9790419161677,1009.129102844639,1053.2142857142858,62.60696729227073,75.52943991028167
CP003155,1053.8943217665615,1023.359375,1028.3551401869158,46.19729629700798,49.70827914159189
CP003156,1143.8063583815028,894.0149253731344,1092.936823104693,40.233501672601165,36.82732904806694
CP003171,975.9745222929936,1002.5144927536232,1032.0857142857142,61.101960229754305,76.7184051186824
CP003178,1066.4731673097158,999.5712328767123,1113.9087030716723,44.86974527778479,48.26457814326428
CP003183,905.4859550561798,1007.9668508287293,825.969696969697,59.03407490127308,64.34338868585253
CP003191,1000.5786026200873,914.4193548387096,885.5045454545455,46.975954633666916,50.9564003884476
CP003198,1003.5835543766578,950.9101796407185,985.5733333333334,47.968065904567965,52.55547500618312
CP003203,992.7035398230089,980.6149253731344,1057.521642619312,62.31679754755363,74.7750781430733
CP003236,990.4462809917355,1000.4268292682926,893.7652173913043,68.14500450568593,84.4415716151609
CP003255,1007.8844566712518,956.1979734996103,987.890625,60.569620689515816,78.05709970281215
CP003257,1090.9649737302977,1033.4470588235295,995.375,29.155505920703845,18.08167484599285
CP003260,1042.286467486819,1080.8641975308642,1060.8979591836735,38.87534094879894,36.052613713285616
CP003264,1021.0109589041095,984.0882352941177,1167.985401459854,37.3414012746208,27.188392323273806
CP003273,922.9525188187608,912.4144736842105,899.9953987730062,45.490965042120024,47.308069100825875
CP003280,1056.6037588097104,874.7276785714286,1030.6382978723404,36.191254451211144,30.75728572378676
CP003281,1004.4660633484162,919.2304147465438,1124.2682926829268,36.813130645201646,32.51640061801929
CP003283,1013.8682432432432,707.4375,899.9246231155779,37.217626892577655,35.26099033834436
CP003313,996.7514124293785,829.7102803738318,937.4187192118227,40.22145367323032,33.91593885172638
CP003315,949.6315789473684,1169.3478260869565,923.4,25.223651385964548,14.74953878545134
CP003345,1099.530534351145,933.5951417004048,1034.3886010362694,30.671775485192416,19.626436478305532
CP003346,1088.8197674418604,1011.9771689497717,1022.6606557377049,44.75369291231874,49.09175079701411
CP003349,1061.3352855051244,841.4631578947368,1034.804347826087,37.308540121247916,31.80086765244495
CP003350,1034.5131578947369,1038.447820343461,1048.5700934579438,63.39579925726899,76.58244385578608
CP003359,954.5731707317074,958.3421052631579,943.5328467153284,32.455841359174556,19.639023222832357
CP003360,986.0277296360485,1001.4717607973422,1006.1269191402251,50.07753722094292,53.97771887036462
CP003364,1143.1361502347418,1126.7455963037828,1069.7946026986506,62.26605778492005,76.39141400760869
CP003379,1211.7378351539226,1022.5112359550562,1041.2907735321528,60.28124711880085,73.29705063907933
CP003382,1011.4317757009346,940.7542857142857,945.1571428571428,63.9743688494036,77.97172687636252
CP003389,1436.169741697417,1130.2625628140704,1160.7887678122381,69.89692795650744,91.25518636410123
CP003390,939.3446191051995,869.9416666666667,888.3614457831326,44.7485983480126,41.461263474348534
CP003403,986.4027237354086,951.5752979414951,948.7183098591549,52.18893013202079,57.35521770207578
CP003415,963.989289740699,893.7008310249307,859.7615230460922,50.36738942737129,52.601062789440704
CP003418,1140.013201320132,1005.2941176470588,1135.5822784810127,33.93312429608442,25.96296654488778
CP003422,1010.684272763106,945.8060886829913,979.1801801801802,58.26471788824384,73.0149247366025
CP003466,997.8558558558559,1009.0748546511628,958.2477272727273,61.631565779389454,75.06477644447301
CP003470,1032.6489361702127,1009.9428007889546,1033.0916442048517,67.45425974265706,86.3215818477593
CP003488,903.4768740031898,727.5858585858585,887.0157303370787,41.26553885876065,36.21613814687945
CP003493,841.3157894736842,966.8234126984127,1010.1576354679803,68.77366205619542,88.51909770935826
CP003495,848.6043956043956,913.5747232472324,966.0888888888888,68.70717851197536,84.48485862174228
CP003532,993.5240963855422,994.828947368421,1011.4311926605504,45.45110682465943,48.70776957271423
CP003546,834.9630681818181,777.780612244898,686.1219512195122,43.290203096300914,44.793087709472836
CP003549,1039.148796498906,1079.2745664739884,1023.4490377761939,37.53580373912035,29.562049153826123
CP003557,1123.8108925869894,1118.0490566037736,1134.157894736842,41.328118230015995,43.84270421583452
CP003558,898.3260456273764,902.6517857142857,869.6921898928025,48.51682698289227,48.47886608973726
CP003563,885.4074074074074,876.9083782459579,894.7009029345372,62.091754151458375,75.88194164243626
CP003587,951.5,978.7591687041564,934.4490398818316,60.53681527923669,71.53652756508654
CP003590,946.8361753958587,961.3256955810148,965.1573033707865,45.19333675167948,43.03819184613699
CP003591,968.8305084745763,1002.7777777777778,1032.2454160789846,58.463087074841845,69.82877648505972
CP003592,1011.3988580750408,980.0698324022346,994.7320371935757,46.314761799639506,49.010557632252976
CP003597,983.8925081433225,973.0304347826087,957.6124721603563,44.440269723892115,39.871560948498235
CP003600,936.4902054467271,904.8082822085889,942.1433121019109,45.727220864738676,43.78689290128597
CP003607,1115.7117476432197,1048.9875,1089.0250231696016,47.60109412346252,47.709045324249146
CP003620,962.1262272089762,998.7745664739884,977.4661308840414,40.162060248094555,32.208763169887916
CP003630,1008.5534863577307,995.7332746478874,1062.3300678221553,46.2148157756402,44.79423404576558
CP003642,977.654490760636,956.0745762711864,1028.8647540983607,42.302429050368666,37.745172810288594
CP003646,959.4536023054756,948.0836236933798,985.0174927113702,43.269437542253925,37.02533418563716
CP003653,963.6459265890779,917.2,1018.5745341614906,35.953260418284586,23.985643983054743
CP003659,1007.2134688691233,935.5843137254902,1022.7668539325842,38.79613235861583,30.47733053154075
CP003729,1026.132911392405,976.6616871704745,1037.8772378516624,71.29150027520464,92.30178445207268
CP003732,861.9511041009464,849.0111317254174,929.1185567010309,53.8840859500173,63.67257208481082
CP003742,953.6506639427988,925.3138888888889,912.9692307692308,55.25670834199473,61.61040805656562
CP003746,1050.938223938224,1093.0125470514429,1051.8274647887324,55.830657311811684,64.37800530082578
CP003778,1011.0454545454545,1013.4068146618482,936.9356725146199,64.71417170237184,78.94358383671744
CP003787,1006.1828571428572,732.0441176470588,898.7979797979798,35.072108088307566,29.241376921540787
CP003788,723.7719298245614,920.8734358240972,913.425,69.64986386435099,87.39891311646862
CP003789,932.5,833.245810055866,835.829268292683,35.35545263079541,24.887214533849594
CP003796,1069.198113207547,996.8780487804878,962.3716216216217,39.078791911385224,31.939623272030076
CP003801,945.1356783919598,889.6153846153846,945.3333333333334,32.2633351464088,24.48636938429102
CP003837,841.6609382257316,691.5553772070626,796.955326460481,40.36515937093565,35.81214250047337
CP003870,929.3662361623616,857.8695652173913,851.7530266343825,44.30814140013351,46.157495262988064
CP003876,964.6292428198434,958.5939209726444,1029.3627906976744,68.04707711076361,85.32207044648229
CP003879,1013.5361271676301,852.5714285714286,1036.0496277915634,34.52528927547392,28.44657148377572
CP003915,1014.6084507042253,997.3154761904761,993.4016227180527,54.26468342264851,60.1713251164455
CP003926,959.5949119373777,961.1666666666666,842.3134328358209,56.24709917544409,59.82452255907001
CP003943,957.4090909090909,941.8509127789047,997.9563218390805,42.24716173433392,36.69614981320413
CP003944,1011.7599067599068,809.6230366492147,1053.7135135135136,42.43836564217796,35.923314884861014
CP003945,972.2554144884242,978.7379310344828,1007.8423913043479,42.9225420358588,36.93186637312255
CP003946,989.6199095022624,1043.4820846905538,1053.1096698113208,43.86736117207542,40.818778881897735
CP003947,1012.5351498637602,991.1884984025559,1040.789391575663,34.95832258776466,25.964975607312162
CP003949,896.7368421052631,955.3164356435643,957.8953846153846,67.37333968568285,83.46822529303743
CP003969,994.203125,1063.595335276968,1026.649174528302,72.10183921459195,92.07888496290387
CP003984,973.930735930736,936.4323144104803,977.850439882698,53.6388552492882,56.968776763061534
CP003985,1019.6137931034483,1038.9119170984457,1048.7505882352941,45.38701968841373,43.40173614008632
CP003989,876.2355371900826,888.2378048780488,853.3215859030837,66.49738278761228,81.4401820985169
CP004025,1124.0478260869565,1180.7975841874086,1159.259067357513,69.19217907082749,89.47126440263338
CP004083,961.9232505643341,913.8363636363637,937.1977186311788,48.287140676352195,49.62131716586283
CP004121,960.0100435219283,861.5496894409938,981.631914893617,29.54141008539174,18.2156686061567
CP004345,982.4863973619126,927.2314049586777,851.5984251968504,51.139440863746884,55.679921727424365
CP004348,890.5963455149501,882.725,893.3353293413173,46.088907572883876,43.51092181182256
CP004349,1055.5260058881256,1018.75,1014.0707547169811,30.588450210942252,19.146865379757102
CP004372,797.433962264151,912.925090909091,963.2,65.74240058462343,82.04848508420692
CP004388,996.5252225519288,985.5477876106195,928.3712296983758,54.85013885945151,60.8492549376389
CP004393,895.2700729927008,936.3039723661485,930.1016949152543,66.00825107830354,83.76106714571941
CP004856,987.5806451612904,895.6034482758621,979.669014084507,42.84843123226726,42.67804120268466
CP005094,763.9162303664922,940.6161473087818,797.7889125799574,65.6755124972747,81.5730660616583
CP005383,951.2395061728395,692.856,933.2798833819242,41.047341198519696,36.80591735150218
CP005384,944.9613319011816,835.6730769230769,958.473309608541,40.05979163261268,33.29125144265007
CP005964,1030.1196172248804,972.4083769633507,1030.560538116592,47.03878040354833,45.690895617986754
CP005990,859.5254237288135,934.6571428571428,1033.7622377622379,63.857427810514835,74.88197416209238
CP005996,957.3175033921302,885.6835443037975,951.1185770750989,41.83728920453198,36.562331152446745
CP006265,1005.6816239316239,897.0612244897959,1013.8557692307693,42.443393892002376,39.73417289948432
CP006272,997.4958448753463,1001.8545861297539,957.3956043956044,70.35507730263562,89.51215694099875
CP006566,957.8998221695317,945.5943396226415,864.4810495626822,56.195318132915915,66.54012504876987
CP006569,979.8250773993808,1006.3098086124402,1009.5272727272727,57.47393369356759,67.20460837056719
CP006587,1037.1088680605624,898.5243243243243,1017.3800127307447,61.92970059088556,81.16750941022241
CP006597,956.5003802281369,831.2013422818792,809.2356687898089,38.01157079598829,29.837253372870286
CP006617,966.8983516483516,636.768115942029,891.5289473684211,41.644697144569584,38.16307476668408
CP006644,914.6934782608696,977.4165885660731,941.23125,66.78083764522678,83.06973025059443
CP006650,974.7832167832167,967.2414772727273,957.8230088495575,63.38539938629816,76.3988145803872
CP006664,889.5443037974684,814.6774553571429,813.8016194331984,58.718518079405534,68.34220100354395
CP006696,924.1969111969112,878.6996381182147,835.1146245059289,52.10373870747615,54.0578794729741
CP006704,969.077922077922,950.9930037313433,831.3065693430657,61.87228699806011,76.26836289414923
CP006734,860.6174496644295,891.881230116649,841.2698863636364,68.34535801948914,86.10440429713731
CP006772,1028.093023255814,899.5879120879121,1030.3846153846155,41.491431915386045,40.955182905046904
CP006773,912.8617021276596,862.1289198606272,792.3544668587896,62.36900769620497,75.5478647486731
CP006842,1069.4140127388534,957.0583657587549,1016.25,64.81654437051148,79.35615019705926
CP006866,899.3473861720067,814.1689497716895,855.3103448275862,47.239218821848844,48.29798861768181
CP006914,868.6825396825396,980.32,877.5326086956521,43.151248876847866,44.42254157393535
CP006939,988.5363636363636,956.7021276595744,982.886524822695,51.86034252952444,56.881119859009765
CP006949,806.7810810810811,858.6641221374045,784.5219512195122,46.932018903891766,47.585229542158885
CP006955,1013.4153992395437,819.3559322033898,981.6932270916335,41.06930896404302,34.2478526593237
CP006958,957.2642201834863,982.9221476510068,937.5042492917847,67.5320157568155,86.99919284055
CP007028,855.4772727272727,896.1818181818181,701.5,45.1919315572205,48.525852618158844
CP007030,968.3359683794466,1008.3495145631068,1094.4507042253522,45.91219532987793,42.88806589585989
CP007031,930.9230769230769,1032.8109339407745,949.4922279792746,67.8640908234527,86.23914756643725
CP007034,1215.256050955414,980.7223650385604,1032.2173913043478,51.66991890423211,64.89434077805666
CP007035,1040.7276478679505,897.7368421052631,1012.3960396039604,45.23746722349209,48.22710674914191
CP007044,1021.4828897338404,925.2892857142857,951.6449275362319,50.87880633717935,54.7452283465446
CP007051,935.925,893.9,873.0,32.07531900861388,23.53700412771709
CP007053,1092.5489361702128,1070.9860085503303,1035.302752293578,63.56910958175921,78.38258075803702
CP007062,1034.989898989899,778.2083333333334,808.4406779661017,26.96668687094253,12.956517015645739
CP007128,1025.2,1124.9595835884875,1121.2643923240937,72.56090386060356,94.21272680715516
CP007139,971.1837782340863,925.7528571428571,991.0620525059666,60.8266775132355,74.70310621512984
CP007142,902.9848580441641,918.2720930232558,789.8979238754325,48.632781646702824,48.15526029451654
CP007152,788.8502269288956,833.4775967413442,811.7016129032259,57.07940505990211,66.06776145067559
CP007155,952.9411764705883,1007.5040358744394,1023.3585365853659,70.59600244092968,91.27290067194932
CP007161,858.6429918290384,700.3137931034482,828.3985637342909,37.630336392333675,30.971596740109565
CP007201,944.4913366336634,838.2123287671233,881.8464566929134,40.89826304448522,38.89443801110675
CP007202,1074.085296506905,828.5714285714286,1180.665137614679,33.533949599060044,25.602686192336186
CP007444,1063.2290969899666,1010.1063829787234,940.1231884057971,64.22549157484235,80.36732536617014
CP007445,950.8651685393259,779.253807106599,927.5121951219512,33.61728247200431,23.01745556987857
CP007446,949.9759481961147,886.3815789473684,843.1609756097561,41.265944561226405,35.93210878747006
CP007447,883.2968421052632,713.4324324324324,776.2598684210526,32.76461269538065,22.837218363115827
CP007451,1084.4674698795181,1017.3986710963455,1057.7100977198697,41.31110710580029,41.74007240439233
CP007481,931.320652173913,859.1896551724138,939.7205882352941,41.69313030969248,40.48031791456713
CP007519,1055.3820895522388,953.7567567567568,1054.404432132964,59.501366324693485,69.92251068083428
CP007566,1012.6018237082067,986.2836386607706,947.4956521739131,60.81675030419831,80.13894882423114
CP008788,972.220447284345,920.3518758085381,998.4713114754098,55.91356898925424,65.46873306078662
CP008796,1004.0344827586207,1048.1756756756756,932.9081632653061,36.976097548531925,31.994804723997284
CP008802,1130.7136363636364,964.1666666666666,1074.7205882352941,62.19183385773022,72.56853021012098
CP008803,941.6739130434783,974.6543478260869,933.4554655870445,58.73526537989287,72.73222726377944
CP008804,988.4460154241646,1010.3536585365854,982.9152542372881,41.485378297724615,37.617035142518624
CP008876,912.4689766317485,884.4324324324324,855.044776119403,42.89902979467948,39.81139382766129
CP008889,1022.0625,984.6616126809097,742.2253521126761,69.12715362488407,88.89737637006021
CP009056,998.7069124423963,923.7272727272727,1035.536170212766,34.11906545617566,23.464886117265397
CP009122,1009.7119565217391,958.9546191247974,1119.0186335403728,63.852976138981546,77.8523576454288
CP009129,894.3184584178499,876.1596958174905,847.0615384615385,39.337963397465984,32.747774802195735
CP009159,1040.793354943274,744.795918367347,1083.0,40.21517446048486,34.327891206690964
CP009217,926.4666666666667,1082.2025316455697,936.5357142857143,30.772110339135217,20.76253209947903
CP009257,928.664265129683,721.2196261682243,817.7315436241611,39.04102432934414,30.15086226840688
CP009291,958.667731629393,986.4435857805255,958.5384615384615,63.498786030225865,78.0663982712248
CP009301,1107.8181818181818,953.6666666666666,1059.695652173913,38.160626280072236,30.365542562313244
CP009302,1094.8760330578511,937.0714285714286,1077.8929336188437,63.56247518546403,83.53319656943042
CP009415,976.860197368421,842.9444444444445,924.5604395604396,31.341301460823374,21.277411938002068
CP009416,849.9572230014026,759.2941176470588,808.2162162162163,42.71028162297142,39.83530548533074
CP009440,1019.4248120300751,1039.3157894736842,949.7457627118644,32.409575622032754,21.4825863517748
CP009450,961.7307692307693,931.2599277978339,1064.343949044586,59.1055762813133,72.33070462626006
CP009460,1004.871137905049,999.5475285171103,933.9396226415095,56.863072615393875,68.07878806747625
CP009495,929.560975609756,936.7522176227085,1011.4278169014085,67.40296010338368,84.61730506030531
CP009621,1017.2885264341958,867.1448275862069,987.4761904761905,47.34426512808975,51.92752259368553
CP009706,963.704152249135,933.0623376623377,983.8897959183673,48.99027546930956,51.35022858506081
CP009761,957.5825242718447,908.5714285714286,1037.611111111111,28.613425002566057,17.410806851371895
CP009962,950.1085373924553,986.9310910582444,933.2962962962963,56.14760476071163,66.21716450862586
CP010049,956.7128712871287,1125.9264705882354,1028.1645569620252,27.355738170917643,17.029503677460873
CP010310,959.8748137108793,971.7973950795948,954.9300911854103,64.29510358627456,81.17188358366714
CP010311,977.8062622309197,918.8956714761376,1026.0944055944055,57.04724152307436,67.55180398221856
CP010327,975.5677611940298,803.4146341463414,988.9676806083651,34.07937116047691,27.123549940749196
CP010557,983.0071105365223,928.4670571010249,1009.1685761047463,57.46663735384941,69.14456304873171
CP010803,978.1801385681293,964.6776740847092,1019.9373368146214,62.136990680531866,77.8443506851579
CP010812,1030.5174193548387,916.5044510385757,1002.71875,47.68660014489405,48.187630250539605
CP010820,900.0517965468969,834.817120622568,840.1207243460765,37.62160160155614,29.650119823560072
CP010848,979.5903614457832,925.5255102040817,872.5,61.482170590579855,69.55944402868448
CP010954,928.6802884615385,972.7194293478261,988.486301369863,64.78577951884652,80.67182055757047
CP010978,950.5386861313868,1020.9406779661017,918.3677130044844,39.51025272003354,32.877419508684575
CP011047,951.7590120160214,852.6920152091254,929.2848837209302,56.713449553506614,65.83429011834907
CP011052,963.9781132075472,920.1413612565445,940.0454545454545,54.34229363544384,58.664819914587355
CP011132,1005.6457010963646,935.9578005115089,859.5689045936396,53.42132434919108,60.23980933525132
CP011144,1103.3695652173913,1056.8978260869565,960.5144766146993,70.24472469756303,91.83574093071088
CP011265,1278.3009404388715,1100.8953488372092,1340.7272727272727,61.27703074231442,74.69959872193375
CP011280,1060.9338842975208,853.0243902439024,1021.4285714285714,28.43197837356716,16.524129169310495
CP011301,918.449591280654,958.5569471624266,938.0275862068966,66.99219674934137,85.48284691326599
CR522870,992.5039106145251,829.6442307692307,1001.7,46.81120389126019,46.78685577190412
CR767821,1057.9280898876405,1316.390625,1068.4261363636363,27.478789597422765,18.674138485802537
CU207211,913.7633832976445,929.3536737235368,863.7173252279636,54.294927411590145,61.30129436415914
CU207366,980.0682515337423,853.638036809816,985.3182897862233,36.610762505380464,31.07975083762683
FM162591,947.899641577061,953.9237668161435,904.2857142857143,42.15263441378232,36.81975898763724
FM178379,931.7035175879397,824.6769230769231,1034.0162337662337,39.228369118524945,31.254816338978802
FO082060,928.1029766693483,991.7221494102228,989.5294117647059,48.74592356611492,52.42586155003232
FO117623,763.1162790697674,923.3296551724138,850.7359050445103,72.94799952413575,91.9446512707162
FO203355,929.4765100671141,866.88,875.3128491620112,54.98448319795764,61.940331818012474
FO203431,760.3770491803278,936.0477624784854,846.6734693877551,74.13113438628203,94.01517662195404
FO203503,1052.3418259023354,999.6268656716418,1100.784574468085,41.44885295133328,40.78723575017433
FO538765,972.996835443038,948.829001367989,957.2213740458016,59.47292758299727,71.77968637236609
FO818637,877.7851239669421,765.4966622162884,778.8104738154614,44.774330728468335,41.68672780239337
FP236843,995.271643663739,993.612702366127,885.3373860182371,55.19723177692024,63.47612325971228
FP475956,854.8425655976677,982.958230958231,849.1855670103092,63.668369718662085,77.31274925107616
FP476056,1057.0046838407495,859.9615384615385,1016.1385714285715,42.77961255494673,45.41348238789777
FP565814,1062.0520231213873,1037.3400758533503,1050.1096532333645,66.11764172814244,82.8042930616612
FP929032,1058.0218281036834,956.9530332681018,991.0532687651332,55.819374238205285,74.21941920187335
FP929038,949.8521959459459,806.405750798722,887.655,42.42908288632823,43.118306571633816
FP929045,880.631974248927,861.4451371571072,696.6185567010309,55.57136564553089,72.34881549886967
FP929047,920.5539358600583,825.2493887530562,860.0965692503177,60.42643309824608,87.4344736461488
FP929048,694.6588235294117,618.5,528.2706766917294,30.50619519642633,18.804759394940334
FP929050,968.5798122065728,776.1012396694215,887.3303571428571,41.463507385871054,42.52302952095524
FP929054,954.0153846153846,833.8711656441718,752.375,41.74945462277887,40.67013820440939
FP929056,953.5694444444445,902.5456310679612,890.4770642201835,56.73042843377256,83.21353855091267
FP929061,905.5375609756097,840.4920634920635,948.3975903614457,36.27636937088495,31.75870431037972
FP929062,925.1524852569503,793.6830985915493,833.9541984732824,46.35469950180782,55.6808931147055
FQ312005,982.9247448979592,929.9464285714286,925.3674911660777,36.74728232477176,31.156230803996035
FQ859181,889.2115384615385,831.211232187762,876.1163575042159,59.17104429022804,69.05644074984822
FR872580,954.432364096081,843.45703125,919.4146341463414,39.02885805578276,32.766354495948875
FR872582,968.105180533752,903.8805970149253,924.4285714285714,41.776290621017914,37.52485635809864
HE717023,839.2105263157895,768.5777777777778,780.5701357466063,41.823124767505284,38.78176693885309
HE804045,936.3763837638377,985.7582256169213,1012.7045454545455,72.19005981740804,92.45511871742411
HE956757,865.5776397515529,929.1428571428571,890.1252236135957,63.35480266833164,76.84116907436655
HE983995,920.1531531531532,762.6964285714286,1042.84375,36.62270467687937,29.694378249161563
HE999757,931.1341671404207,713.6029411764706,850.716381418093,34.526311521755325,24.558119673318657
HF563609,970.7737704918032,899.0973451327434,845.743119266055,37.5320687861883,32.345363804424146
HF571988,971.956191588785,968.1913477537438,1002.830866807611,47.29985573455644,46.77191886852518
HF680312,1057.4505494505495,928.4605263157895,907.4192634560907,46.62558847116874,44.60272517937761
HF951689,1078.8882978723404,1095.9630996309963,1134.9721767594108,54.40961691004959,59.36590958805203
HG315671,1062.4445761707173,733.0,1092.0,33.27716485153783,24.49924820932333
HG322949,982.0311877903118,889.425790754258,878.7023498694517,61.04793056851058,74.54066962142373
HG530068,784.4258823529411,870.3730130695867,805.9339285714286,62.00780052917474,84.45850343721993
HG934468,929.9154929577464,851.0431034482758,1023.2142857142857,44.89917684561958,48.977155781453355
HG938353,944.1552,933.9791066282421,948.7518796992481,61.48098887211212,77.01995813690445
LK028559,1066.1840607210627,832.3684210526316,756.3896103896104,31.29013559151167,21.093615602593662
LN614827,1055.7878787878788,979.1739130434783,1017.5340909090909,38.290419156664626,30.697676770316328
LN614830,985.057057057057,1094.1800643086817,1086.2985436893205,40.45678767672056,34.63316066954526
