Accession,TAA_f,TGA_f,TAG_f,GC,GC3
AE000657,0.1871603260869565,0.19702380952380952,0.2113095238095238,43.476167301066496,47.18621732053671
AE014184,0.12189716312056738,0.10075431034482758,0.127,46.331997200483556,43.31984798362862
AE015928,0.19967177242888404,0.18015370705244124,0.20181197478991597,42.83717823940185,44.58875565762742
AE016825,0.0903072033898305,0.06844644045242848,0.0830945558739255,64.83374306473475,83.15720006089714
AE017282,0.09576023391812866,0.07768218623481782,0.07873774509803921,63.58457295840506,77.96001192983474
AL935263,0.1958266452648475,0.17576628352490423,0.18427169421487602,44.46688649939107,45.13685216456338
AM180252,0.2424098671726755,0.23392857142857143,0.241796875,33.2844865496402,18.680945512211654
AM236080,0.08074817518248176,0.0710919373549884,0.08269961977186312,61.09037476108047,75.9558218001485
AM260479,0.06305679287305123,0.053367783321454025,0.05851800554016621,66.46591142419408,85.22432239106415
AM260525,0.21884080134577152,0.21303763440860216,0.21875,38.856063299022054,30.077139499859406
AM494475,0.2350928641251222,0.23822463768115942,0.22625698324022347,30.5310497961732,21.365218147233982
AM711867,0.04583333333333333,0.01787280701754386,0.018345771144278607,72.66422692563216,94.7975161479547
AM743169,0.0598404255319149,0.05445615034168565,0.05075065274151436,66.32404518043852,83.25334333965804
AM889285,0.08024447949526814,0.061651823579304495,0.06564465408805031,66.43110337985524,80.11588632313429
AM902716,0.08644067796610169,0.07765858208955224,0.0725334448160535,65.48282415680934,81.62050779849977
AM942759,0.2378534897713598,0.22413003663003664,0.22692307692307692,38.89968663300527,30.75245291987967
AM999887,0.1928484107579462,0.2071167883211679,0.2190934065934066,34.19024523509989,26.635196840406515
AP006628,0.3448369565217391,0.32211538461538464,0.3135775862068966,27.75984301810356,19.896437816443562
AP006840,0.0505663430420712,0.044032723772858516,0.04376750700280112,68.6684043088666,89.4912651578391
AP007255,0.05704697986577181,0.05632062146892655,0.06649178832116788,65.093510400737,83.14199548369172
AP008230,0.17024253731343283,0.15678615196078433,0.17226758793969849,47.35989345501921,50.59483233199998
AP008955,0.1721420323325635,0.1709474885844749,0.17157553551296506,47.2735528479921,49.388060253065156
AP008971,0.3001068376068376,0.22348484848484848,0.2898936170212766,32.3127743623778,26.650776270876232
AP009152,0.04,0.024709302325581394,0.029347826086956522,71.16380109284755,92.56099655074152
AP009153,0.050715488215488214,0.05606091578086672,0.059375,64.27436141406316,76.88042010162982
AP009178,0.2124426605504587,0.21736111111111112,0.2333984375,39.688625407429775,36.53261266972793
AP009179,0.18133090614886732,0.17941542288557213,0.18234767025089607,43.87148618201701,46.96062298295081
AP009380,0.16145833333333334,0.14070767195767195,0.13677536231884058,48.359283634112224,53.05509468872864
AP009384,0.06090561224489796,0.045849305222807855,0.062088815789473686,67.31902211118089,85.58033965760337
AP009389,0.15652233115468409,0.138855421686747,0.15024630541871922,52.96110399537247,62.3289097746804
AP009484,0.25741390306122447,0.244140625,0.26016746411483255,36.87685627905118,30.775165231510314
AP009510,0.23515886287625418,0.23924180327868852,0.25137362637362637,35.20740200576095,30.40007037897882
AP009552,0.19646158586688578,0.1898992322456814,0.19171348314606743,42.33063114485447,39.50931745666048
AP010904,0.10182261768082664,0.0855921052631579,0.08895868824531517,62.769421550751524,77.06766538646693
AP010946,0.055121527777777776,0.04236057319907049,0.05349099099099099,67.76023397993896,87.04108079465419
AP010953,0.15379453391898487,0.14097110165762067,0.1565959409594096,50.68482282649143,52.79602195346696
AP010968,0.03422619047619048,0.02880330040953987,0.029639175257731958,74.19750348332366,95.43552890821465
AP011112,0.15873015873015872,0.168125,0.1625,44.000263892354866,46.140012543177605
AP011121,0.1246225845410628,0.10622373949579832,0.13430851063829788,53.03682379505382,53.06410333113375
AP011529,0.275,0.23600746268656717,0.2632978723404255,31.118260965301925,22.211041788684792
AP011615,0.17435990840965862,0.16705801104972376,0.17125,43.650355346998246,41.46555477408334
AP012027,0.2534660107334526,0.23817567567567569,0.25,36.55623983118011,28.019531441606464
AP012029,0.14227207977207978,0.12974016853932585,0.13663419913419914,53.84967293987223,61.151795580452166
AP012035,0.06578947368421052,0.05668202764976959,0.06129227053140097,67.5791744356647,83.28976118847989
AP012044,0.1331521739130435,0.11901595744680851,0.15587574850299402,53.32115202687688,62.44762599576779
AP012046,0.2750111906893465,0.27014218009478674,0.2549833887043189,36.0410813510645,27.72117933022902
AP012050,0.26405355682747345,0.2617694805194805,0.256057268722467,35.71827205908107,26.499942957190925
AP012051,0.2322324414715719,0.21677215189873417,0.24107142857142858,35.37487573029511,28.8596832483386
AP012052,0.027925531914893616,0.028661928306551298,0.028792134831460675,70.27840545811512,89.51635710263977
AP012057,0.0661764705882353,0.05050195886385896,0.06032338308457712,67.29244721885163,85.35204110605888
AP012157,0.2570445187853834,0.23675650557620817,0.24761336515513127,38.60316874875766,32.68874104181474
AP012200,0.29046817625459,0.2897727272727273,0.27294685990338163,31.427530414899095,20.912233770188518
AP012204,0.047275641025641024,0.043083695127834054,0.041841442953020135,67.2675393441247,83.09199829566528
AP012224,0.08088235294117647,0.06872388579387187,0.07348901098901099,64.35657091688313,83.4582862067788
AP012273,0.12037852112676056,0.10993377483443709,0.12445652173913044,56.27233867427217,64.736231939811
AP012292,0.16346717467760843,0.15167525773195875,0.1687062937062937,50.678134821285894,58.98123748705875
AP012304,0.07422768878718536,0.06486921910538286,0.07388316151202749,65.1013369765916,81.96821673440803
AP012320,0.05654761904761905,0.042928863172226,0.04891304347826087,71.24314405801177,90.89008540983318
AP012331,0.08582427536231885,0.05713979416809605,0.06341145833333334,64.63092877381744,85.40830215340151
AP012333,0.1083185053380783,0.08863412228796844,0.09546703296703296,58.31297660267276,73.04844261105163
AP012334,0.1331168831168831,0.12403100775193798,0.11508810572687225,48.63343237690101,48.528931928920855
AP012337,0.10297256097560975,0.09865145228215767,0.10388935108153079,58.76714546695322,69.23173987284495
AP012338,0.026709401709401708,0.028535634743875278,0.025,73.28780179978833,93.48250813834655
AP012342,0.14443277310924368,0.13132255389718075,0.12862627986348124,50.047547643363764,52.8600203553081
AP012492,0.2078001968503937,0.20819256756756757,0.19210122699386503,38.343488993942316,35.024781844645304
AP012495,0.2029344512195122,0.18727078239608802,0.18179012345679013,45.7271863180528,46.68717826815462
AP012547,0.07559523809523809,0.0768184421534937,0.08314732142857142,63.267412603007166,79.15080752127986
AP012551,0.12090568271507499,0.10534103720405863,0.10363457760314342,56.956884178640536,67.46781189223354
AP012554,0.24723587223587223,0.2710597826086957,0.22513440860215053,30.56788703419589,20.772262124659903
AP012978,0.08430232558139535,0.06426678445229682,0.08121019108280254,65.05711268828249,82.31346219624776
AP013066,0.12166801292407108,0.11496350364963503,0.12225877192982457,56.1040492634944,65.49436516151633
AP013105,0.06876423690205011,0.0740521327014218,0.07043147208121828,63.459266396182954,82.24245014305617
AP014521,0.3134858044164038,0.325,0.3252840909090909,25.06962490771965,12.049407316897229
AP014565,0.15088028169014084,0.13780737704918034,0.1543560606060606,52.155026256764614,56.21466011794846
AP014569,0.07855308219178082,0.07160852713178295,0.06217948717948718,66.09057305548266,83.276143228355
AP014583,0.25640443313953487,0.26258992805755393,0.2532142857142857,32.17769270144215,21.630140096119334
AP014624,0.2340255591054313,0.23178044280442806,0.23371138996138996,35.59174183823627,31.217248851243838
AP014633,0.22773972602739725,0.21631659836065573,0.2234403254972875,41.21047691218616,34.72579659348268
AP014648,0.07537220843672457,0.07182504440497335,0.07497133027522936,62.84232476604134,77.77875657547061
AP014685,0.0607408940397351,0.060644889840881275,0.05677966101694915,63.70241665075839,80.26396127928666
AP014800,0.08973623853211009,0.05524047186932849,0.0612914364640884,66.82816125602547,82.54107282063603
AP014821,0.25679483967935873,0.2557624113475177,0.25,33.344810744398856,23.31407430770491
BA000012,0.0693609022556391,0.06924163918982572,0.0740718418514947,62.74706437726396,78.20212561954558
BA000022,0.17054655870445345,0.16799645390070922,0.16508620689655173,47.72025510218359,49.882298574919574
BA000028,0.26671020282728947,0.2433139534883721,0.2606552162849873,35.681311368484145,25.853265043173003
BA000039,0.12913359788359788,0.11887755102040816,0.12062641083521444,53.91792993985405,57.37820504815544
BX908798,0.24521365149833518,0.23333333333333334,0.24602272727272728,34.717256203755284,27.543035134856844
CP000031,0.08049841772151899,0.06684491978609626,0.07241379310344828,64.22290936690355,80.12634528985195
CP000038,0.16817567567567568,0.14073176107560062,0.13837209302325582,51.009758013290465,54.86777809491924
CP000061,0.34375,0.3159722222222222,0.32532051282051283,26.88626305428061,19.371994276312602
CP000083,0.22947175732217573,0.2170138888888889,0.21931179775280898,38.00542695387089,30.46081482872266
CP000088,0.06354748603351955,0.05482456140350877,0.0654126213592233,67.50285331947377,83.77434685436344
CP000089,0.10344827586206896,0.09349234393404005,0.09173387096774194,59.24722023752395,69.83350770181697
CP000103,0.11839863713798977,0.11387844611528822,0.12378771551724138,53.94264822125698,60.38097430302666
CP000109,0.220512082853855,0.21037581699346405,0.2330246913580247,43.12997222924752,41.76347489024347
CP000116,0.07707509881422925,0.06466138328530259,0.0875,66.06722296893027,83.50812300707801
CP000140,0.17821925754060325,0.1613235294117647,0.1737924281984334,45.05957647485263,51.05677539925933
CP000141,0.24103552278820375,0.20575221238938052,0.2355295566502463,42.04970185549152,39.535416446941035
CP000153,0.21875,0.23022151898734178,0.2302807486631016,34.46195676613094,25.425114861501307
CP000155,0.13951637355973318,0.12634601579325197,0.13666953035509735,53.86974591515463,61.05746474959016
CP000157,0.08068181818181819,0.0777027027027027,0.07428278688524591,63.068512035455406,77.17354765752737
CP000158,0.09897214854111405,0.08132455268389661,0.08619402985074627,61.93028325615428,74.14299571325925
CP000232,0.1281869688385269,0.12579113924050633,0.1272590361445783,55.79153707569736,64.43002637918988
CP000238,0.23161764705882354,0.2125,0.2346014492753623,33.234770341914974,19.720723690425825
CP000245,0.05389030612244898,0.03999237029501526,0.0431640625,69.99670531593956,91.31977921211823
CP000252,0.1538528591352859,0.13600578406169667,0.15069444444444444,51.460038373226816,57.04670184084418
CP000264,0.07352941176470588,0.06532416502946954,0.07272304832713755,62.332175460869756,75.41608957612769
CP000267,0.09437613843351549,0.0860287979966611,0.09409955257270694,59.87933375732678,72.1806538037545
CP000282,0.17410456383593298,0.1690340909090909,0.1717233009708738,45.82607600427956,44.5828860197993
CP000284,0.10917132216014898,0.09766333938294011,0.10502199413489736,55.71908220615934,64.99896280610056
CP000285,0.07686567164179105,0.07057212990936555,0.07145904436860068,63.91185638668967,79.91249954817198
CP000316,0.0869807121661721,0.07823995472552349,0.07823426573426573,62.47230909815348,77.09299266599201
CP000319,0.07846534653465347,0.06974774096385543,0.07556970509383377,61.713781836805225,75.70930010645063
CP000352,0.07069471624266145,0.060757347400150714,0.06305970149253731,63.820295314082756,79.09870616890429
CP000360,0.101125,0.09905660377358491,0.09598994755244755,58.38384331781577,71.79140257261432
CP000377,0.0963134765625,0.07589285714285714,0.0823744769874477,60.412916463861535,71.26991283602997
CP000383,0.2301904176904177,0.22382305194805194,0.22169502617801048,38.84645420098899,35.52122903381832
CP000386,0.05357142857142857,0.036458333333333336,0.03796095444685466,70.47658403570273,91.23163201373471
CP000387,0.21004335260115606,0.1921410891089109,0.20433673469387756,43.4002181344688,42.92532747553288
CP000388,0.18800754060324826,0.18679577464788732,0.1855388813096862,44.61609348747495,43.713301961934846
CP000390,0.0835117773019272,0.0767304189435337,0.07796052631578948,61.06678699297397,72.55384668026387
CP000393,0.22808876003568243,0.21870805369127516,0.22124546279491833,34.143356453871355,25.13635559598903
CP000411,0.22646103896103897,0.22309417040358745,0.2218959731543624,37.88888283571569,33.76575792724595
CP000414,0.22498421717171718,0.23051470588235295,0.23344370860927152,37.71033695121066,30.33467860372307
CP000422,0.2551877470355731,0.23068181818181818,0.25614754098360654,37.357828886583455,29.55305813629921
CP000448,0.17306614349775784,0.16763392857142856,0.17358078602620086,44.86592341448712,46.00755658267348
CP000449,0.08302696078431372,0.06325574365175332,0.07615979381443298,62.72763433646602,75.510574803482
CP000453,0.060791015625,0.05350221483942414,0.06534090909090909,67.53125206047478,85.30676977140472
CP000471,0.12248501712328767,0.12279541446208113,0.12618371212121213,54.16747800281423,59.88428780616274
CP000473,0.08853279386712096,0.08089152119700749,0.07977386934673367,61.90245684170811,75.52030470556426
CP000478,0.10441616766467066,0.09173741217798595,0.10322943444730077,59.94872802991272,74.24832713519152
CP000481,0.056818181818181816,0.050649578651685394,0.05115658362989324,66.907355721617,78.94598173111915
CP000482,0.10316593886462883,0.08418367346938775,0.08964226289517471,59.024176646706586,73.98205392137992
CP000492,0.15537479406919275,0.14291897506925208,0.14469844357976655,48.35144813079669,50.67711844794025
CP000509,0.027412280701754384,0.026127361365021327,0.028438303341902314,71.65195409187281,92.81406721874863
CP000510,0.22109598853868195,0.1987082066869301,0.22115384615384615,40.08627514969522,35.57629688729763
CP000513,0.2381027918781726,0.1981534090909091,0.2469758064516129,44.39572461942635,40.5495198271762
CP000542,0.07556352459016394,0.06714424477901894,0.07798507462686567,65.27908838713583,80.90000850352706
CP000544,0.05642361111111111,0.04894301470588235,0.05443548387096774,67.98172974539025,84.64422625602133
CP000554,0.1338339222614841,0.12096774193548387,0.13071895424836602,50.00758571202252,48.793791829298776
CP000555,0.05875,0.040889526542324243,0.050160944206008584,69.19775134482882,88.63460991790933
CP000613,0.04583333333333333,0.034161281637049005,0.04077868852459016,70.46127199295242,89.54181281369318
CP000628,0.07868122977346279,0.07349217311233885,0.08635265700483091,60.33744223033959,74.44371632426507
CP000655,0.16226968174204356,0.17093373493975902,0.15150316455696203,44.83410434871196,40.6625825389489
CP000679,0.2179994541484716,0.21852022058823528,0.23513215859030837,35.25407580106219,30.74653621379769
CP000685,0.25844594594594594,0.24569954128440366,0.2511772260273973,34.11285327951776,27.034000666860624
CP000686,0.08758960573476703,0.08559479553903346,0.08106343283582089,60.38734500391099,69.01942839263505
CP000724,0.23482597623089982,0.23742012779552715,0.23396867612293143,36.82202449465125,30.896708831942302
CP000733,0.20998549323017407,0.1953125,0.19658590308370044,42.43578946783289,40.41325594154757
CP000747,0.052745664739884394,0.03737259343148358,0.03785714285714286,71.34637304176034,93.5555385658818
CP000749,0.19604700854700854,0.1844815340909091,0.1897430668841762,42.59406816481398,38.17101726266472
CP000750,0.022727272727272728,0.02152672718103883,0.025714285714285714,74.43503011751491,94.07252668025595
CP000758,0.1074404761904762,0.10017361111111112,0.10608856088560886,56.050901587193835,64.0543638555241
CP000769,0.029049295774647887,0.02095934139784946,0.020537825059101653,73.53140115839552,94.22784852281781
CP000774,0.08145043731778426,0.07537657920310982,0.07866379310344827,62.32809544427542,76.73750460300515
CP000781,0.0568426724137931,0.04641500474833808,0.048248218527315916,67.46469253526226,86.0886474535049
CP000792,0.21453033268101762,0.20406626506024098,0.20234375,39.428959063005145,38.71452976076315
CP000812,0.21217105263157895,0.2032967032967033,0.2076923076923077,38.69703307479551,34.41281828389921
CP000820,0.055113636363636365,0.03273234969663541,0.03902008686210641,71.15359736683484,87.63143146480357
CP000828,0.15529639819909954,0.16248524203069659,0.15851519875292283,47.253850255638156,46.06813062425631
CP000830,0.07800572519083969,0.05798969072164949,0.05936192468619247,66.01545182795789,83.77073528789407
CP000849,0.24853339350180506,0.24310344827586206,0.23197115384615385,31.628209656110613,21.417195212950954
CP000850,0.046781437125748504,0.03479465449804433,0.04230595667870036,69.51852813884236,85.4082585064443
CP000859,0.1343001261034048,0.11539152298850575,0.1219284188034188,56.168615578397166,68.50587537173752
CP000875,0.16382528621204578,0.1514797507788162,0.15658127208480566,50.715668122094606,51.040165935922595
CP000879,0.26802884615384615,0.2582236842105263,0.2652777777777778,34.12319063694373,28.420729345366375
CP000884,0.07719748858447488,0.051265495867768594,0.055965909090909094,66.47625701254553,84.07911259983818
CP000910,0.10384778911564625,0.10697525597269625,0.10425311203319503,56.271325568496955,60.47196550385885
CP000922,0.2551390568319226,0.23529411764705882,0.23726851851851852,41.77675142074495,37.701730356453794
CP000927,0.06576200417536535,0.05356417546709992,0.0511448948948949,67.46329596602476,87.70094842619467
CP000930,0.12931304893350062,0.12348714069591528,0.1197562358276644,56.97519060078877,68.22634506617258
CP000934,0.14378266550522648,0.13256227758007116,0.13796620046620048,51.99123885929493,56.896757627340584
CP000961,0.1713400900900901,0.17163312693498453,0.16930104408352667,43.70099216514868,41.29000850485296
CP000975,0.1931719022687609,0.18788226299694188,0.19318181818181818,45.482774375914076,46.05430458183938
CP000976,0.266796875,0.25844594594594594,0.2512755102040816,27.586044045449377,17.395862127615185
CP001013,0.07,0.04589954597048808,0.047149122807017545,68.89968087769532,89.23154843592413
CP001016,0.10904993065187239,0.09773306627822287,0.11413043478260869,57.059896843113435,65.78150895109407
CP001032,0.06582840236686391,0.06564265536723164,0.06930315361139369,65.3411396022395,81.9671041519464
CP001034,0.2467156862745098,0.23359375,0.2498198847262248,36.322296518432616,27.99392375840899
CP001037,0.18898081985708914,0.18564814814814815,0.1902064119455424,41.41495802568809,35.616191944563184
CP001055,0.25705810147299507,0.2215909090909091,0.24441056910569106,39.9521283650997,37.74397246495816
CP001071,0.13254147812971342,0.12525354969574037,0.13839285714285715,55.76235444438689,66.1332859446021
CP001080,0.26366666666666666,0.2646360759493671,0.2555309734513274,32.027444977867134,22.790509467385593
CP001087,0.16058394160583941,0.14459177592371872,0.1661096256684492,48.84700915518548,52.836817820193346
CP001096,0.058186848958333336,0.059456521739130436,0.06434108527131784,64.85980862601781,82.90742026528429
CP001098,0.22419055201698515,0.227734375,0.21509433962264152,37.88319203024189,33.786409287968056
CP001099,0.11785714285714285,0.11440826330532212,0.1175925925925926,55.79611479572558,69.02420994637633
CP001100,0.19979253112033196,0.19119718309859154,0.20562688821752265,45.03891960299454,47.72449961856626
CP001108,0.15294943820224718,0.1316550925925926,0.13096590909090908,50.09512826298299,54.21922235352343
CP001110,0.16385957792207792,0.13858282674772038,0.14327330508474576,48.077586989495195,49.49516185782046
CP001130,0.22554347826086957,0.23986486486486486,0.22916666666666666,34.84701003004782,29.13169402717011
CP001145,0.17618312757201646,0.16304347826086957,0.16625,44.77013317313631,44.262191729947915
CP001146,0.23700842696629212,0.24342105263157895,0.22752808988764045,33.74098909839709,25.25509057695437
CP001147,0.23367697594501718,0.23333333333333334,0.2388888888888889,34.12890388925458,25.189125038775195
CP001154,0.09769021739130435,0.07502140410958905,0.07914719626168225,62.352314953733114,74.62992883864295
CP001185,0.27481389578163773,0.2679521276595745,0.27427184466019416,30.810792316194576,20.67361429565975
CP001196,0.06564405487804878,0.06915127528583993,0.07059659090909091,62.39947949997183,76.77031524946466
CP001221,0.24434815373021854,0.23240649606299213,0.2398927392739274,35.018341481270625,29.477380176160356
CP001230,0.21062271062271062,0.21314102564102563,0.21513157894736842,37.15639771142485,31.861305464824948
CP001275,0.05344202898550725,0.06861525704809288,0.059873949579831935,63.647038501132805,72.9871667891634
CP001279,0.2767857142857143,0.27151639344262296,0.2757352941176471,33.507531417691254,27.10517985178629
CP001280,0.07699671772428884,0.07063829787234042,0.0803125,63.08336217288401,76.45252457351022
CP001281,0.059346330275229356,0.0441468253968254,0.051741803278688527,68.4042033605177,88.91894428937042
CP001312,0.07510729613733906,0.06061995597945708,0.06620762711864407,66.56188702841807,83.3079662100825
CP001322,0.14075,0.1311259305210918,0.1476461038961039,54.484597610000684,67.75526163417368
CP001349,0.05036919831223629,0.03707309766327142,0.04517045454545455,68.85724725505182,86.3187841485118
CP001364,0.09629934210526316,0.08460840248962656,0.0898711943793911,56.681900568424446,60.57701687395504
CP001397,0.22404346210995543,0.2307900432900433,0.21831854043392504,35.31529911368425,27.75319641027493
CP001429,0.28434065934065933,0.3142857142857143,0.28515625,28.210940762393367,17.793243841133254
CP001472,0.07847444089456869,0.08507604562737643,0.0795774647887324,60.4970106770533,73.77791604268056
CP001560,0.1281843696027634,0.11243638676844783,0.11568509615384616,56.508328874835435,64.81461270368001
CP001607,0.23422774869109947,0.21697154471544716,0.22794117647058823,42.230964944326395,40.50556652796647
CP001614,0.14950311769290725,0.1387072434607646,0.1413221784776903,50.89065163357059,54.15317727129128
CP001616,0.1728477626459144,0.15631416837782341,0.1663812785388128,49.02701933458781,49.43651106937553
CP001618,0.04,0.02097343644922663,0.023116438356164382,73.1165816375156,93.508394340234
CP001619,0.15137353706111834,0.13801020408163264,0.1487676056338028,51.54499489795186,62.60272180978048
CP001628,0.08669354838709678,0.022286821705426358,0.033967391304347824,72.99524968443846,94.18728425581112
CP001629,0.1304637526652452,0.09579659949622166,0.11391325536062379,58.64699871178244,72.65282632279684
CP001630,0.042218543046357616,0.023473546601045833,0.025932591623036648,73.70887317195238,95.64978768000415
CP001631,0.030405405405405407,0.028292838874680308,0.03574561403508772,68.28933205508218,81.79973028214049
CP001632,0.23672434367541767,0.22794117647058823,0.2337538226299694,39.587971334806774,37.94599582488661
CP001634,0.20669291338582677,0.17932242990654207,0.18983208955223882,41.54598836032433,40.578560825197755
CP001643,0.03273809523809524,0.020279456193353473,0.01875,72.04577492840924,93.44528426093845
CP001650,0.24389858371269602,0.2325530035335689,0.2555327868852459,36.218453032231466,30.82374537843387
CP001673,0.20097693032015065,0.19002890173410406,0.18162393162393162,42.69275481900595,45.30374804363393
CP001674,0.12441353887399464,0.11104513064133016,0.12264890282131662,54.86042281266869,62.28717455029545
CP001678,0.1741751269035533,0.17916666666666667,0.1773843930635838,45.23012065555781,39.00734386460533
CP001681,0.20135658914728682,0.20713495575221239,0.19620901639344263,42.048886254415436,41.33641860750082
CP001682,0.1226908866995074,0.11746987951807229,0.1246177370030581,50.911544290902974,49.39214993163769
CP001683,0.05256622516556291,0.05314902424600828,0.05144694533762058,67.31513626217375,84.17864360783871
CP001684,0.08628542510121458,0.08915441176470588,0.08787128712871287,60.211599355205216,77.75462379883919
CP001685,0.296875,0.2703313253012048,0.29361510791366907,29.645686057405673,21.00358927527143
CP001686,0.036290322580645164,0.02223694171082513,0.028409090909090908,71.62753355087784,91.9132132312207
CP001699,0.17287326388888888,0.1664533560864619,0.17132820784729585,45.227118022356336,47.48751280015063
CP001700,0.04326923076923077,0.0369666861484512,0.03953813855843247,69.7670815078113,90.08950101810333
CP001706,0.09512004175365345,0.08736263736263736,0.0861996644295302,58.416683456706785,62.88361486086754
CP001707,0.19585597826086956,0.17493016759776536,0.1912568306010929,43.6871005756164,41.506369295549725
CP001708,0.2513095238095238,0.24857954545454544,0.24731182795698925,36.06876441464908,31.07904651251324
CP001712,0.14552859042553193,0.13413865546218487,0.13284817351598174,55.29329254078098,68.05023421839718
CP001713,0.20278213166144202,0.1935483870967742,0.20121951219512196,40.54987026800535,34.86316746624007
CP001721,0.12121212121212122,0.15120967741935484,0.11547397769516729,45.686599019953945,41.291892809192
CP001722,0.18628133704735375,0.1558406113537118,0.18617021276595744,46.82890532673874,45.2324263077635
CP001726,0.07806691449814127,0.0743122009569378,0.06842180365296803,64.20459989097697,85.09596244650568
CP001734,0.1234130859375,0.10842592592592593,0.11882530120481928,57.54005161463308,68.36478032949981
CP001736,0.047265625,0.03789940308988764,0.04054878048780488,70.5679064337855,91.3588572632568
CP001737,0.05890804597701149,0.033770842721946824,0.03679435483870968,70.91646318382362,90.53150839697254
CP001738,0.04319371727748691,0.03727600311647838,0.046153846153846156,71.6420205227295,91.97339791302234
CP001739,0.2644428152492669,0.25118821292775667,0.261517199017199,33.4515920686913,27.24160062723166
CP001769,0.15103133677112257,0.14719012605042017,0.15177828618968386,50.19282050444146,55.96873572319882
CP001778,0.06325,0.055450581395348836,0.05792316926770708,68.13393500923839,88.09381245540217
CP001779,0.30990184757505773,0.29545454545454547,0.318698347107438,26.314554865997263,12.32694760196901
CP001785,0.10611370716510904,0.10333665338645419,0.09017857142857143,59.448431527349946,72.37828352502143
CP001798,0.1530380085653105,0.13016917293233082,0.1423076923076923,51.58400922482495,53.485286955641755
CP001801,0.13146929824561404,0.12075848303393213,0.13335987261146498,54.71364202678709,60.740488868978716
CP001804,0.061958092485549135,0.0459736653529201,0.053062080536912755,69.4833879119411,88.43233058581215
CP001807,0.09533898305084745,0.09151170798898071,0.08547297297297297,64.53711118823745,80.28148464275614
CP001810,0.16820597165991902,0.15654952076677317,0.17421259842519685,40.212540550758916,37.81252784449697
CP001814,0.04515796703296703,0.03574399809840741,0.03791734527687297,70.86660360569266,91.04996317509303
CP001818,0.04105392156862745,0.03649475524475525,0.03819444444444445,63.79256619243765,85.21930259367649
CP001819,0.022916666666666665,0.020685659760087242,0.02341331269349845,71.88650620102021,93.07957665490976
CP001820,0.224727602905569,0.22321428571428573,0.2325657894736842,38.629275160847634,30.48109380943077
CP001821,0.03462837837837838,0.022321428571428572,0.022817460317460316,72.48758675378917,93.35958667505398
CP001823,0.04196009389671362,0.04543618739903069,0.04446778711484594,68.10279190363633,86.84567382580762
CP001825,0.11005434782608696,0.11642156862745098,0.11069915254237288,48.072840582412866,49.039950164651025
CP001834,0.27584281072298944,0.27629950495049505,0.28505291005291006,34.910266713469305,25.096711119872783
CP001843,0.16953836150845253,0.15828804347826086,0.149895178197065,50.837527436243604,55.38517961905614
CP001848,0.10108396421197523,0.09872611464968153,0.10448678549477566,57.464697308785595,65.2958557927804
CP001851,0.10620824053452116,0.1004590395480226,0.10661764705882353,57.15114056237365,65.42315991203353
CP001854,0.03165584415584415,0.023637820512820512,0.024456521739130436,72.7334268541423,93.05789371916354
CP001867,0.031839622641509434,0.018757533145841703,0.024721448467966575,73.98410933815462,94.15596217773754
CP001874,0.0515625,0.028055848261327714,0.03314056939501779,72.42917381865672,94.18718061027457
CP001875,0.1371283255086072,0.12583668005354753,0.12543859649122807,53.69076617993087,59.15311209933013
CP001896,0.06995033112582781,0.06187214611872146,0.07662259615384616,64.37262380054115,79.69600379969924
CP001928,0.20877659574468085,0.2032122905027933,0.20341614906832298,43.780170409656044,42.1954023505676
CP001940,0.11719910846953938,0.10438550420168068,0.11155660377358491,60.28630983067459,74.03243522590553
CP001958,0.07147435897435897,0.07099514563106796,0.0684419014084507,66.79128951233038,83.1051939555314
CP001962,0.06363636363636363,0.07853260869565218,0.06851374570446736,64.8850372187184,81.96628292578141
CP001965,0.11671511627906976,0.10203252032520325,0.1131872852233677,57.54174246318486,70.31419961261645
CP001966,0.049932065217391304,0.03836077844311377,0.04212287104622871,68.41297028848486,85.67817414630017
CP001968,0.19110576923076922,0.17510121457489877,0.18104243542435425,42.536630875053575,41.56504034691842
CP001992,0.11635044642857142,0.10814846416382252,0.11265432098765432,55.41328127911744,60.74478048316092
CP001997,0.18233695652173912,0.16154661016949154,0.1842948717948718,45.30685774758254,42.19687256774173
CP001998,0.11709183673469388,0.11662011173184357,0.10666989664082688,53.60177947414012,60.33642787963222
CP001999,0.28905259822560203,0.29829545454545453,0.275,28.360850626598605,15.387206237033068
CP002006,0.14837938363443146,0.17328042328042328,0.17930825242718446,47.685532961335895,55.794058886111884
CP002017,0.11435370741482966,0.10161648568608095,0.10237730061349694,59.114130784816446,69.22860875734256
CP002018,0.0892156862745098,0.07790858725761773,0.07848011363636363,61.69031954887218,72.45978262053252
CP002026,0.049516908212560384,0.04254540128881078,0.05305555555555556,67.88473004222645,88.27897265025898
CP002028,0.18641409266409267,0.17595108695652173,0.18847911227154046,45.8824557802963,47.40308034283177
CP002038,0.13073518786127167,0.1233690587138863,0.13188073394495411,56.29633286083819,65.62455894555883
CP002039,0.08295454545454546,0.06640625,0.07268808777429467,63.40456378594629,81.03757687531623
CP002042,0.09125222024866785,0.08555506993006994,0.0833695652173913,62.363628418098884,77.06390346716893
CP002045,0.11335301837270341,0.10804115853658537,0.12043539325842696,53.133241430422814,55.033739805660026
CP002046,0.2409101711026616,0.24854651162790697,0.24911971830985916,33.90002986831527,23.466456748162543
CP002047,0.04063786008230453,0.036647851819377464,0.037124463519313304,70.75458902611386,89.61386741183121
CP002048,0.13907894736842105,0.12978395061728396,0.13166873449131514,50.989395811950565,57.152346970982165
CP002049,0.06221395881006865,0.05116498740554156,0.057007125890736345,68.13901247639092,86.71738037908737
CP002056,0.19385494402985073,0.17952127659574468,0.19017379679144386,42.63513069668623,37.17490546805735
CP002084,0.12943262411347517,0.12196969696969696,0.12921779141104295,55.04438159275664,64.9143046600976
CP002085,0.09128006872852233,0.07300067204301075,0.07790284360189574,65.7034940481124,85.33284497865574
CP002102,0.04652777777777778,0.042835533553355336,0.051864801864801864,68.42270096651546,87.4378435672643
CP002105,0.23658738938053098,0.21844059405940594,0.2155373831775701,36.63129515920823,27.792427182256002
CP002106,0.05108173076923077,0.03889484978540773,0.04284274193548387,64.69752852971105,83.97991500727677
CP002116,0.15816326530612246,0.13756443298969073,0.14958158995815898,48.96514158879408,50.17874320552298
CP002131,0.18835746951219512,0.17559523809523808,0.19011976047904192,46.820114603503896,51.908446748191295
CP002156,0.09849330357142858,0.0842304625199362,0.08373786407766991,60.65609859703726,70.43873435702011
CP002157,0.21778846153846154,0.2238888888888889,0.22632794457274827,36.977445412770045,32.209989610809885
CP002158,0.15485707364341086,0.17058823529411765,0.16048387096774194,48.0491303157634,56.060084648837645
CP002159,0.13788946587537093,0.125,0.13405797101449277,52.754823680596594,57.67405650260274
CP002162,0.03566176470588235,0.02748164977280671,0.03859289617486339,72.82213415331078,92.92320183484325
CP002171,0.24377172653534182,0.25080818965517243,0.23443775100401607,34.112512528035516,27.53386588731037
CP002198,0.2225877192982456,0.21257716049382716,0.21886733416770965,40.22255163651048,33.81060954169641
CP002209,0.09713459516298634,0.09371584699453551,0.09962121212121212,60.21947303196726,74.59866125458424
CP002224,0.09055397727272728,0.07412060301507538,0.07613031914893617,61.72374467055032,72.70388841676859
CP002271,0.05206692913385827,0.04679611650485437,0.045337656529517,67.45864534737987,84.79390248820647
CP002273,0.19530160390516038,0.18169466403162055,0.18598668280871672,47.49750214689114,52.27503323979917
CP002280,0.11512364294330518,0.11773255813953488,0.10751434720229555,53.687692660687745,57.15919320444134
CP002281,0.2524903598971722,0.26344086021505375,0.237012987012987,34.534494620965724,27.628289964493646
CP002287,0.07990867579908675,0.06433721575152523,0.07063466494845361,65.9875561360569,84.34228057699373
CP002292,0.07824074074074074,0.07921222664015905,0.0736871301775148,62.24843185985493,76.3670502292069
CP002304,0.2571884984025559,0.27391304347826084,0.25788834951456313,33.16135481113169,22.76332038951294
CP002305,0.211042600896861,0.20569620253164558,0.21014492753623187,40.41362648482518,37.992539885975695
CP002339,0.18939628482972137,0.18132716049382716,0.1820859872611465,43.506790224265245,40.02699928744964
CP002343,0.0234375,0.025966008134805346,0.029694570135746605,70.70365089596365,90.52364365277442
CP002344,0.04656862745098039,0.03978452751817238,0.03865521327014218,72.48208595927298,90.15164594001295
CP002345,0.22561863173216884,0.20566666666666666,0.2194044502617801,38.85666655089779,36.90686604784456
CP002347,0.22626112759643918,0.24268617021276595,0.2252435064935065,35.753011699226306,31.623728921601412
CP002349,0.2351851851851852,0.22115384615384615,0.2161520190023753,35.51221813052385,30.05027712289496
CP002353,0.0875,0.07869359534206696,0.07457386363636363,62.444079661404686,73.5681544322742
CP002355,0.20199912126537786,0.20245726495726496,0.19744318181818182,44.994259801835,46.09885495021901
CP002360,0.19640092879256965,0.183993399339934,0.1856737012987013,43.45191857580361,43.37644513416864
CP002361,0.07629310344827586,0.05981375358166189,0.06069494584837545,70.02482703542627,92.225683629916
CP002364,0.12233361774744027,0.10123697916666667,0.11201923076923077,58.92757515896828,71.9643941822454
CP002382,0.13330518018018017,0.11568627450980393,0.13618827160493827,54.71298554422008,63.353420928571396
CP002390,0.2511144130757801,0.24363425925925927,0.2445211038961039,35.445507329835344,31.35175195404921
CP002395,0.09487704918032787,0.09410270880361174,0.09451219512195122,59.180881385322195,71.02120927328849
CP002400,0.14659590043923865,0.12022841051314143,0.1448252688172043,55.5585100725393,67.47799906657528
CP002417,0.06856469002695417,0.058299731182795696,0.06182359307359307,66.47972170008927,85.93058828009994
CP002422,0.1816431322207959,0.16020114942528735,0.17097701149425287,51.498769329353344,60.30832086948006
CP002432,0.11563351498637602,0.09979674796747967,0.10725982532751091,56.10872507194258,66.87424598584889
CP002444,0.12067819148936171,0.12878787878787878,0.11607142857142858,52.11486869899255,62.2729356661938
CP002452,0.14705882352941177,0.1354720744680851,0.1469512195121951,53.911915803900946,68.33222814869386
CP002453,0.25156163242642976,0.24903100775193798,0.2543604651162791,33.76617850633946,24.839353603043133
CP002455,0.2685290763968073,0.2563291139240506,0.2640224358974359,35.921712449965995,30.660974563700265
CP002479,0.08414804469273743,0.08280162412993039,0.08563096500530222,61.17795371438165,80.3803493560879
CP002512,0.2418478260869565,0.22359154929577466,0.22794117647058823,41.88288753247277,41.028908230133354
CP002514,0.09652777777777778,0.08856461086637298,0.08979668674698796,61.37353066787112,71.2925836697303
CP002521,0.06141304347826087,0.045789724072312084,0.05156844106463878,68.82101430637869,88.12235027596982
CP002528,0.20302048494983277,0.21041666666666667,0.21072247706422018,37.28913304540747,29.071976736729933
CP002542,0.22605574324324323,0.2166044776119403,0.21919014084507044,36.494677869818496,30.773281060935545
CP002543,0.23351377952755906,0.21754807692307693,0.21651785714285715,34.94858518464715,25.794333719559578
CP002544,0.2115748528174937,0.18614425162689804,0.20466820987654322,43.35854115212846,45.50594221801111
CP002546,0.13132911392405064,0.11722611202635914,0.1265201122544434,56.448637682336866,65.06472505094511
CP002547,0.18470343392299687,0.17432065217391304,0.18732193732193733,46.350190020427156,48.834887434354
CP002548,0.33700980392156865,0.346875,0.2971698113207547,27.19146803587076,21.19632291729623
CP002568,0.06605691056910569,0.05103484216795712,0.05831408775981524,67.21816850258045,86.10177881547655
CP002584,0.20434663750683432,0.20076650943396226,0.1934255079006772,41.10174901777252,39.68411988829821
CP002593,0.03125,0.02244308382200759,0.022885101010101012,73.30953216701418,93.37673601152711
CP002606,0.2268835616438356,0.17630597014925373,0.20185810810810811,37.47425387888553,34.82711355754928
CP002623,0.11216216216216217,0.10574127906976744,0.10666454081632654,57.20617746871345,63.89680935066454
CP002628,0.09709821428571429,0.0666058394160584,0.06530898876404495,60.393461963311104,73.65026650100693
CP002629,0.13899938800489597,0.13350661625708884,0.13974201474201475,52.89111833046157,61.21289535608213
CP002630,0.0689453125,0.06867732558139535,0.05420353982300885,68.07581813061798,87.23943006005747
CP002638,0.048208191126279866,0.03519985595966871,0.03805443548387097,70.8545250986818,89.50584950342642
CP002657,0.06020066889632107,0.0527177472167649,0.06424689440993789,67.98318727162113,88.50981913403375
CP002663,0.11334019204389575,0.10587899543378995,0.10803952991452992,56.920129621833325,64.30819043092237
CP002666,0.023026315789473683,0.016715116279069766,0.02312992125984252,74.72433071501032,95.80570365173895
CP002667,0.24924165824064712,0.23177083333333334,0.2391431924882629,39.876866858802494,34.517492353149684
CP002683,0.21951559020044542,0.243114406779661,0.2285276073619632,42.425450774774525,37.19907099293046
CP002690,0.23411520190023752,0.20833333333333334,0.2269295302013423,33.86623061671051,27.104277667312875
CP002691,0.16974074920054819,0.15462765957446808,0.15599820948970455,47.1331222886286,52.842800375082554
CP002701,0.3176339285714286,0.29791666666666666,0.32926829268292684,25.439887368942856,12.037159717083258
CP002725,0.1705508474576271,0.14854651162790697,0.15663265306122448,41.22960708801931,34.43784294716497
CP002738,0.16737804878048781,0.14964788732394366,0.16260822510822512,51.31004907079445,57.15543575299591
CP002786,0.07540422885572139,0.06519742883379247,0.07184959349593496,62.2442474469851,71.24509272505556
CP002810,0.028409090909090908,0.018211206896551726,0.01961883408071749,73.8877299908699,96.07381311278519
CP002825,0.2802711993888464,0.2935606060606061,0.29058056872037913,30.823216535079524,18.766457653661888
CP002831,0.19464809384164222,0.15759408602150538,0.17083723105706267,46.35995689072886,49.05056982794175
CP002835,0.23819145114942528,0.21445497630331753,0.22411003236245955,43.95143870016896,44.07903811635578
CP002858,0.22441520467836257,0.21333025830258304,0.22413793103448276,38.29426222695412,36.61845565568697
CP002859,0.1902378709373528,0.18364294710327456,0.18802902055622733,46.589687914225244,51.97370225285752
CP002874,0.281886181369525,0.27102803738317754,0.2959905660377358,27.218659714329636,16.388133435679702
CP002876,0.17949623352165725,0.1693793402777778,0.17063284518828453,45.44306721600743,43.906493157602
CP002899,0.24667744252873564,0.265625,0.2505434782608696,35.48314982727325,26.591811412139435
CP002901,0.12542372881355932,0.12041284403669725,0.1260198135198135,56.762097157979575,62.72375357586467
CP002902,0.09538398692810457,0.07997751430907604,0.07967342342342343,61.52319042473099,73.99188742560379
CP002930,0.15625,0.15060240963855423,0.16365280289330922,49.85902300409618,55.46027243078887
CP002955,0.22697884012539185,0.22108402489626555,0.2313167259786477,38.14606753312385,35.33288954623839
CP002959,0.14176829268292682,0.1299286912751678,0.1381156316916488,53.63478455251636,60.161517541701706
CP002961,0.2424482839680301,0.2253125,0.23719135802469135,35.69799077062489,28.614937787665134
CP002976,0.0936965811965812,0.08155299917830731,0.0805817610062893,59.84126456664358,69.7509134952575
CP002985,0.10391104294478527,0.09400489396411094,0.1069015444015444,56.59431242268247,61.571186231401015
CP002987,0.2401952603471295,0.23735549132947978,0.2287326388888889,39.33813903708412,36.8804643334645
CP002991,0.2532487623762376,0.27652439024390246,0.251875,34.341571587788536,26.148057608477504
CP002999,0.20187105500450855,0.19245689655172413,0.20248637602179836,41.357976817746724,43.134497623905794
CP003051,0.07018849206349206,0.05606417693981146,0.06581632653061224,65.64171047051795,81.89928994485561
CP003058,0.17384868421052632,0.1641383495145631,0.16654624277456648,50.020600820415105,54.62587252011619
CP003075,0.0891304347826087,0.07354166666666667,0.08491847826086957,61.36948117247937,74.20036063892825
CP003096,0.16138328530259366,0.16138698630136986,0.15786384976525822,47.05763974928015,50.88311071785386
CP003108,0.1959033613445378,0.18982712765957446,0.19854972375690608,42.85489148111718,40.34934465069333
CP003119,0.05327868852459016,0.04382640586797066,0.043703007518796994,67.01881281631378,83.33684294829469
CP003130,0.08135245901639344,0.08285094066570188,0.07776056851311954,57.90987429894653,69.29417246418967
CP003147,0.11770286047869236,0.11633314543404735,0.12133550488599348,52.372878570111055,56.93904760541019
CP003153,0.08468614718614718,0.06458123107971746,0.07197521865889213,65.36764049193849,84.52197831441879
CP003154,0.07840568862275449,0.06833515681983954,0.07913961038961038,62.60696729227073,75.52943991028167
CP003155,0.16640378548895898,0.15445963541666666,0.15917056074766356,46.19729629700798,49.70827914159189
CP003156,0.19472543352601157,0.17754975124378108,0.17542870036101083,40.233501672601165,36.82732904806694
CP003171,0.09864649681528663,0.08831521739130435,0.09910714285714285,61.101960229754305,76.7184051186824
CP003178,0.18493511048754824,0.18227739726027398,0.1768877986348123,44.86974527778479,48.26457814326428
CP003183,0.10463483146067416,0.08097375690607735,0.10479797979797979,59.03407490127308,64.34338868585253
CP003191,0.18129093886462883,0.18091397849462365,0.20142045454545454,46.975954633666916,50.9564003884476
CP003198,0.14688328912466844,0.13959580838323354,0.15888888888888889,47.968065904567965,52.55547500618312
CP003203,0.0752212389380531,0.0732276119402985,0.06652330743618202,62.31679754755363,74.7750781430733
CP003236,0.05165289256198347,0.04020579268292683,0.04456521739130435,68.14500450568593,84.4415716151609
CP003255,0.12138927097661623,0.10463756819953235,0.102294921875,60.569620689515816,78.05709970281215
CP003257,0.3073555166374781,0.29558823529411765,0.3359375,29.155505920703845,18.08167484599285
CP003260,0.21891476274165203,0.22993827160493827,0.1989795918367347,38.87534094879894,36.052613713285616
CP003264,0.22636986301369863,0.20220588235294118,0.2208029197080292,37.3414012746208,27.188392323273806
CP003273,0.1837362478286045,0.17338267543859648,0.17638036809815952,45.490965042120024,47.308069100825875
CP003280,0.23154855129209084,0.22795758928571427,0.21453900709219859,36.191254451211144,30.75728572378676
CP003281,0.21733597285067874,0.20996543778801843,0.22069783197831977,36.813130645201646,32.51640061801929
CP003283,0.25767173423423423,0.23046875,0.2600502512562814,37.217626892577655,35.26099033834436
CP003313,0.2493526365348399,0.254088785046729,0.24876847290640394,40.22145367323032,33.91593885172638
CP003315,0.31206140350877193,0.29347826086956524,0.3145833333333333,25.223651385964548,14.74953878545134
CP003345,0.2637563613231552,0.25733805668016196,0.2594991364421416,30.671775485192416,19.626436478305532
CP003346,0.19476744186046513,0.1796993911719939,0.18299180327868853,44.75369291231874,49.09175079701411
CP003349,0.23157637872132747,0.21403508771929824,0.2296195652173913,37.308540121247916,31.80086765244495
CP003350,0.0756578947368421,0.05919749009247028,0.0689252336448598,63.39579925726899,76.58244385578608
CP003359,0.26333841463414637,0.2362938596491228,0.26391423357664234,32.455841359174556,19.639023222832357
CP003360,0.1464471403812825,0.13392857142857142,0.14521494370522006,50.07753722094292,53.97771887036462
CP003364,0.0867566510172144,0.07838218307825585,0.08377061469265368,62.26605778492005,76.39141400760869
CP003379,0.06932720953326713,0.07713014981273408,0.06785880708294502,60.28124711880085,73.29705063907933
CP003382,0.08691588785046729,0.07571428571428572,0.09077380952380952,63.9743688494036,77.97172687636252
CP003389,0.044972324723247234,0.0384212730318258,0.03735331098072087,69.89692795650744,91.25518636410123
CP003390,0.19082527206771463,0.18003472222222222,0.1875,44.7485983480126,41.461263474348534
CP003403,0.15418287937743191,0.1454496208017335,0.1582306338028169,52.18893013202079,57.35521770207578
CP003415,0.15748308906426156,0.14707409972299168,0.15242985971943887,50.36738942737129,52.601062789440704
CP003418,0.24628712871287128,0.23161764705882354,0.24182489451476794,33.93312429608442,25.96296654488778
CP003422,0.10521777690185258,0.09294341495698213,0.09722222222222222,58.26471788824384,73.0149247366025
CP003466,0.1022897897897898,0.08879905523255814,0.09303977272727272,61.631565779389454,75.06477644447301
CP003470,0.05828900709219858,0.05156969099276792,0.05761455525606469,67.45425974265706,86.3215818477593
CP003488,0.22172381711855396,0.2119107744107744,0.21980337078651685,41.26553885876065,36.21613814687945
CP003493,0.05263157894736842,0.030009920634920636,0.03417487684729064,68.77366205619542,88.51909770935826
CP003495,0.07623626373626374,0.04053274907749078,0.05138888888888889,68.70717851197536,84.48485862174228
CP003532,0.14401355421686746,0.14295504385964913,0.14162844036697247,45.45110682465943,48.70776957271423
CP003546,0.158203125,0.15465561224489796,0.14939024390243902,43.290203096300914,44.793087709472836
CP003549,0.20555251641137856,0.19869942196531792,0.2089272986457591,37.53580373912035,29.562049153826123
CP003557,0.2314674735249622,0.22382075471698112,0.22121710526315788,41.328118230015995,43.84270421583452
CP003558,0.1635575095057034,0.16480654761904762,0.15601071975497702,48.51682698289227,48.47886608973726
CP003563,0.07938957475994513,0.0695124938755512,0.07230530474040632,62.091754151458375,75.88194164243626
CP003587,0.09111842105263158,0.09008251833740831,0.08391802067946824,60.53681527923669,71.53652756508654
CP003590,0.1851400730816078,0.17144026186579378,0.1806179775280899,45.19333675167948,43.03819184613699
CP003591,0.10310734463276836,0.08700980392156862,0.08519922425952045,58.463087074841845,69.82877648505972
CP003592,0.14625815660685154,0.15345670391061453,0.1374683009298394,46.314761799639506,49.010557632252976
CP003597,0.18274972855591748,0.17275815217391305,0.174090571640683,44.440269723892115,39.871560948498235
CP003600,0.16665671285236502,0.16123466257668712,0.15696656050955415,45.727220864738676,43.78689290128597
CP003607,0.17410714285714285,0.1696875,0.167516218721038,47.60109412346252,47.709045324249146
CP003620,0.20284011220196355,0.19340077071290945,0.1960390355912744,40.162060248094555,32.208763169887916
CP003630,0.16492529233434386,0.15922095070422534,0.16385644310474756,46.2148157756402,44.79423404576558
CP003642,0.18967554791577138,0.18877118644067797,0.18447745901639345,42.302429050368666,37.745172810288594
CP003646,0.18760806916426512,0.19000435540069685,0.18974732750242954,43.269437542253925,37.02533418563716
CP003653,0.2422224709042077,0.2389423076923077,0.24631211180124224,35.953260418284586,23.985643983054743
CP003659,0.21317767894959763,0.2045751633986928,0.20517322097378277,38.79613235861583,30.47733053154075
CP003729,0.04647943037974683,0.04413810779144698,0.04331841432225064,71.29150027520464,92.30178445207268
CP003732,0.12904179810725552,0.1150278293135436,0.11807345360824742,53.8840859500173,63.67257208481082
CP003742,0.12327630234933605,0.11805555555555555,0.12863247863247862,55.25670834199473,61.61040805656562
CP003746,0.13561776061776062,0.11747176913425345,0.1329225352112676,55.830657311811684,64.37800530082578
CP003778,0.06837121212121212,0.06562983995869902,0.05921052631578947,64.71417170237184,78.94358383671744
CP003787,0.25185714285714284,0.25183823529411764,0.2361111111111111,35.072108088307566,29.241376921540787
CP003788,0.05263157894736842,0.037003932785126925,0.041493055555555554,69.64986386435099,87.39891311646862
CP003789,0.21440018315018314,0.2049581005586592,0.20464939024390244,35.35545263079541,24.887214533849594
CP003796,0.19811320754716982,0.18902439024390244,0.21579391891891891,39.078791911385224,31.939623272030076
CP003801,0.25125628140703515,0.22115384615384615,0.24444444444444444,32.2633351464088,24.48636938429102
CP003837,0.20636901997213192,0.20224719101123595,0.20131729667812143,40.36515937093565,35.81214250047337
CP003870,0.18738468634686348,0.18925831202046037,0.18795399515738498,44.30814140013351,46.157495262988064
CP003876,0.05907310704960835,0.05229863221884498,0.057906976744186045,68.04707711076361,85.32207044648229
CP003879,0.2504967485549133,0.22589285714285715,0.24627791563275434,34.52528927547392,28.44657148377572
CP003915,0.1282863849765258,0.11458333333333333,0.12322515212981744,54.26468342264851,60.1713251164455
CP003926,0.1012720156555773,0.09307992202729044,0.09390547263681592,56.24709917544409,59.82452255907001
CP003943,0.1867034834324554,0.18477434077079108,0.18553639846743294,42.24716173433392,36.69614981320413
CP003944,0.22076534576534576,0.20173429319371727,0.21768018018018018,42.43836564217796,35.923314884861014
CP003945,0.21816654219566842,0.20991379310344827,0.21965579710144928,42.9225420358588,36.93186637312255
CP003946,0.17693014705882354,0.1870928338762215,0.17732900943396226,43.86736117207542,40.818778881897735
CP003947,0.2467643051771117,0.23722044728434505,0.23322932917316694,34.95832258776466,25.964975607312162
CP003949,0.049707602339181284,0.05004950495049505,0.04846153846153846,67.37333968568285,83.46822529303743
CP003969,0.041178385416666664,0.028219144800777453,0.02955483490566038,72.10183921459195,92.07888496290387
CP003984,0.12887806637806637,0.1340065502183406,0.11986803519061584,53.6388552492882,56.968776763061534
CP003985,0.1706896551724138,0.15328151986183075,0.17161764705882354,45.38701968841373,43.40173614008632
CP003989,0.07128099173553719,0.057545731707317076,0.06112334801762115,66.49738278761228,81.4401820985169
CP004025,0.044021739130434785,0.034498535871156664,0.03389464594127806,69.19217907082749,89.47126440263338
CP004083,0.1594596501128668,0.15328282828282827,0.15791349809885932,48.287140676352195,49.62131716586283
CP004121,0.2770128891864747,0.27251552795031053,0.2732712765957447,29.54141008539174,18.2156686061567
CP004345,0.161479802143446,0.14238980716253444,0.16781496062992127,51.139440863746884,55.679921727424365
CP004348,0.14898255813953487,0.13958333333333334,0.14782934131736528,46.088907572883876,43.51092181182256
CP004349,0.2793792934249264,0.2760416666666667,0.27535377358490565,30.588450210942252,19.146865379757102
CP004372,0.05778301886792453,0.057772727272727274,0.060784313725490195,65.74240058462343,82.04848508420692
CP004388,0.1211671612265084,0.11084070796460177,0.11441415313225058,54.85013885945151,60.8492549376389
CP004393,0.07801094890510948,0.05505181347150259,0.0646186440677966,66.00825107830354,83.76106714571941
CP004856,0.23747119815668202,0.2124640804597701,0.23129401408450703,42.84843123226726,42.67804120268466
CP005094,0.09342277486910995,0.06911000944287063,0.07436034115138593,65.6755124972747,81.5730660616583
CP005383,0.2404320987654321,0.2295,0.23961370262390672,41.047341198519696,36.80591735150218
CP005384,0.22012620837808808,0.21193910256410256,0.22531138790035588,40.05979163261268,33.29125144265007
CP005964,0.17693381180223286,0.17899214659685864,0.17376681614349776,47.03878040354833,45.690895617986754
CP005990,0.0725635593220339,0.05634920634920635,0.06818181818181818,63.857427810514835,74.88197416209238
CP005996,0.21166892808683854,0.21400316455696203,0.1983695652173913,41.83728920453198,36.562331152446745
CP006265,0.18028846153846154,0.18303571428571427,0.18233173076923076,42.443393892002376,39.73417289948432
CP006272,0.04657202216066482,0.0411306860551827,0.0445447409733124,70.35507730263562,89.51215694099875
CP006566,0.1312240663900415,0.11975890985324948,0.13338192419825073,56.195318132915915,66.54012504876987
CP006569,0.11822755417956657,0.10862739234449761,0.11363636363636363,57.47393369356759,67.20460837056719
CP006587,0.09426820475847152,0.08220720720720721,0.08752387014640356,61.92970059088556,81.16750941022241
CP006597,0.26844106463878326,0.2562919463087248,0.258359872611465,38.01157079598829,29.837253372870286
CP006617,0.16054258241758243,0.13254830917874397,0.14144736842105263,41.644697144569584,38.16307476668408
CP006644,0.0610054347826087,0.05204428303655108,0.058203125,66.78083764522678,83.06973025059443
CP006650,0.07910839160839161,0.07060842803030302,0.0752212389380531,63.38539938629816,76.3988145803872
CP006664,0.10479957805907172,0.09242466517857142,0.09640688259109312,58.718518079405534,68.34220100354395
CP006696,0.12982625482625482,0.11331423401688781,0.10153162055335968,52.10373870747615,54.0578794729741
CP006704,0.07954545454545454,0.06579407649253731,0.07755474452554745,61.87228699806011,76.26836289414923
CP006734,0.06669463087248322,0.04228525980911983,0.042791193181818184,68.34535801948914,86.10440429713731
CP006772,0.18362403100775193,0.16964285714285715,0.1736778846153846,41.491431915386045,40.955182905046904
CP006773,0.09365501519756839,0.07926829268292683,0.0848342939481268,62.36900769620497,75.5478647486731
CP006842,0.05214968152866242,0.04888132295719844,0.049145299145299144,64.81654437051148,79.35615019705926
CP006866,0.20979131534569984,0.2087138508371385,0.19181034482758622,47.239218821848844,48.29798861768181
CP006914,0.17162698412698413,0.17666666666666667,0.1766304347826087,43.151248876847866,44.42254157393535
CP006939,0.13617424242424242,0.13031914893617022,0.1419917257683215,51.86034252952444,56.881119859009765
CP006949,0.16097972972972974,0.15982824427480916,0.16128048780487805,46.932018903891766,47.585229542158885
CP006955,0.23152328897338403,0.21398305084745764,0.23481075697211157,41.06930896404302,34.2478526593237
CP006958,0.07522935779816514,0.05850111856823266,0.0653328611898017,67.5320157568155,86.99919284055
CP007028,0.1553030303030303,0.15827922077922077,0.16145833333333334,45.1919315572205,48.525852618158844
CP007030,0.19256422924901187,0.18932038834951456,0.18882042253521128,45.91219532987793,42.88806589585989
CP007031,0.05384615384615385,0.04095482156416097,0.04047927461139896,67.8640908234527,86.23914756643725
CP007034,0.15955414012738853,0.1333547557840617,0.1678743961352657,51.66991890423211,64.89434077805666
CP007035,0.18986416781292983,0.17288011695906433,0.18450907590759075,45.23746722349209,48.22710674914191
CP007044,0.15442807351077312,0.14680059523809524,0.15232487922705315,50.87880633717935,54.7452283465446
CP007051,0.2654017857142857,0.2552083333333333,0.25721153846153844,32.07531900861388,23.53700412771709
CP007053,0.09833776595744681,0.08006218422075398,0.0878440366972477,63.56910958175921,78.38258075803702
CP007062,0.31797138047138046,0.3072916666666667,0.3255649717514124,26.96668687094253,12.956517015645739
CP007128,0.027777777777777776,0.02828383343539498,0.028784648187633263,72.56090386060356,94.21272680715516
CP007139,0.0870123203285421,0.08366071428571428,0.08552108194112967,60.8266775132355,74.70310621512984
CP007142,0.16746845425867507,0.15135658914728684,0.16338667820069205,48.632781646702824,48.15526029451654
CP007152,0.11024962178517397,0.1017693482688391,0.10483870967741936,57.07940505990211,66.06776145067559
CP007155,0.04526654411764706,0.036584454409566515,0.03948170731707317,70.59600244092968,91.27290067194932
CP007161,0.2427718416090509,0.22112068965517243,0.2256508078994614,37.630336392333675,30.971596740109565
CP007201,0.2233137376237624,0.2071917808219178,0.2172736220472441,40.89826304448522,38.89443801110675
CP007202,0.268480909829407,0.25297619047619047,0.2775229357798165,33.533949599060044,25.602686192336186
CP007444,0.0663670568561873,0.0630455537370431,0.06551932367149758,64.22549157484235,80.36732536617014
CP007445,0.2649812734082397,0.26364213197969544,0.2645905923344948,33.61728247200431,23.01745556987857
CP007446,0.20524976873265494,0.19017269736842105,0.2030487804878049,41.265944561226405,35.93210878747006
CP007447,0.2956140350877193,0.27576013513513514,0.2886513157894737,32.76461269538065,22.837218363115827
CP007451,0.22097138554216866,0.20411129568106312,0.20663680781758959,41.31110710580029,41.74007240439233
CP007481,0.1640625,0.14619252873563218,0.1636029411764706,41.69313030969248,40.48031791456713
CP007519,0.07462686567164178,0.07685810810810811,0.07686980609418283,59.501366324693485,69.92251068083428
CP007566,0.09251519756838905,0.07004106127605812,0.08097826086956522,60.81675030419831,80.13894882423114
CP008788,0.12925985090521833,0.1230595084087969,0.11616290983606557,55.91356898925424,65.46873306078662
CP008796,0.25448994252873564,0.24577702702702703,0.25191326530612246,36.976097548531925,31.994804723997284
CP008802,0.08125,0.08897569444444445,0.07261029411764706,62.19183385773022,72.56853021012098
CP008803,0.11503623188405797,0.10292119565217392,0.10488360323886639,58.73526537989287,72.73222726377944
CP008804,0.2007551413881748,0.19308943089430894,0.1832627118644068,41.485378297724615,37.617035142518624
CP008876,0.2028102336825141,0.19456388206388206,0.19931592039800994,42.89902979467948,39.81139382766129
CP008889,0.0546875,0.036009648518263264,0.0448943661971831,69.12715362488407,88.89737637006021
CP009056,0.2534562211981567,0.25,0.2688829787234043,34.11906545617566,23.464886117265397
CP009122,0.078125,0.06599473257698542,0.08022774327122154,63.852976138981546,77.8523576454288
CP009129,0.2567613252197431,0.25190114068441066,0.22716346153846154,39.337963397465984,32.747774802195735
CP009159,0.25521677471636955,0.23596938775510204,0.25049019607843137,40.21517446048486,34.327891206690964
CP009217,0.25296296296296295,0.23575949367088608,0.2216517857142857,30.772110339135217,20.76253209947903
CP009257,0.23637127761767532,0.21115654205607476,0.24286912751677853,39.04102432934414,30.15086226840688
CP009291,0.07068690095846646,0.06819938176197836,0.06997863247863248,63.498786030225865,78.0663982712248
CP009301,0.20018365472910926,0.22361111111111112,0.193064182194617,38.160626280072236,30.365542562313244
CP009302,0.07231404958677685,0.06574675324675325,0.06196466809421842,63.56247518546403,83.53319656943042
CP009415,0.28495065789473684,0.28703703703703703,0.2857142857142857,31.341301460823374,21.277411938002068
CP009416,0.1979312762973352,0.19607843137254902,0.18264358108108109,42.71028162297142,39.83530548533074
CP009440,0.2393092105263158,0.20833333333333334,0.2330508474576271,32.409575622032754,21.4825863517748
CP009450,0.10812401883830455,0.09589350180505415,0.1035031847133758,59.1055762813133,72.33070462626006
CP009460,0.1271665410700829,0.11608840304182509,0.12004716981132076,56.863072615393875,68.07878806747625
CP009495,0.0649390243902439,0.052114133648728564,0.0528169014084507,67.40296010338368,84.61730506030531
CP009621,0.1484462879640045,0.14245689655172414,0.14831349206349206,47.34426512808975,51.92752259368553
CP009706,0.15880911188004615,0.1413961038961039,0.15880102040816327,48.99027546930956,51.35022858506081
CP009761,0.3087378640776699,0.2875,0.30594135802469136,28.613425002566057,17.410806851371895
CP009962,0.11949867637326274,0.11084905660377359,0.11067019400352733,56.14760476071163,66.21716450862586
CP010049,0.2609323432343234,0.27481617647058826,0.25,27.355738170917643,17.029503677460873
CP010310,0.07041728763040238,0.061625663289917997,0.07142857142857142,64.29510358627456,81.17188358366714
CP010311,0.11876223091976516,0.10745005549389568,0.11363636363636363,57.04724152307436,67.55180398221856
CP010327,0.2513805970149254,0.21722560975609756,0.2410884030418251,34.07937116047691,27.123549940749196
CP010557,0.12124272786037492,0.11145680819912153,0.10198445171849427,57.46663735384941,69.14456304873171
CP010803,0.08169745958429561,0.07021715721464465,0.08093994778067885,62.136990680531866,77.8443506851579
CP010812,0.17834677419354839,0.16932492581602374,0.17626953125,47.68660014489405,48.187630250539605
CP010820,0.2507582827811479,0.248784046692607,0.2471076458752515,37.62160160155614,29.650119823560072
CP010848,0.07153614457831325,0.054102891156462586,0.06377032520325203,61.482170590579855,69.55944402868448
CP010954,0.07106370192307693,0.06683084239130435,0.06863584474885845,64.78577951884652,80.67182055757047
CP010978,0.21608880778588807,0.21040783898305085,0.21692825112107622,39.51025272003354,32.877419508684575
CP011047,0.12963117489986647,0.11414765525982257,0.1257267441860465,56.713449553506614,65.83429011834907
CP011052,0.12363207547169812,0.11954624781849912,0.12417140151515152,54.34229363544384,58.664819914587355
CP011132,0.13942585112521638,0.13147378516624042,0.13626325088339222,53.42132434919108,60.23980933525132
CP011144,0.05615942028985507,0.043885869565217395,0.04273385300668151,70.24472469756303,91.83574093071088
CP011265,0.09286833855799373,0.08909883720930233,0.09001196172248804,61.27703074231442,74.69959872193375
CP011280,0.3081095041322314,0.2926829268292683,0.32916666666666666,28.43197837356716,16.524129169310495
CP011301,0.0610524523160763,0.054598825831702544,0.05100574712643678,66.99219674934137,85.48284691326599
CR522870,0.15286312849162012,0.14002403846153846,0.13939144736842105,46.81120389126019,46.78685577190412
CR767821,0.23862359550561799,0.220703125,0.22904829545454544,27.478789597422765,18.674138485802537
CU207211,0.13771413276231265,0.12188667496886675,0.12044072948328267,54.294927411590145,61.30129436415914
CU207366,0.23030099693251535,0.23542944785276074,0.2259501187648456,36.610762505380464,31.07975083762683
FM162591,0.1941830943847073,0.18404334828101646,0.2037037037037037,42.15263441378232,36.81975898763724
FM178379,0.23129038047379755,0.24711538461538463,0.2215909090909091,39.228369118524945,31.254816338978802
FO082060,0.17935438455349959,0.16136959370904325,0.17633442265795207,48.74592356611492,52.42586155003232
FO117623,0.05159883720930233,0.023017241379310344,0.028375370919881307,72.94799952413575,91.9446512707162
FO203355,0.13761615900877647,0.131875,0.14402932960893855,54.98448319795764,61.940331818012474
FO203431,0.0430327868852459,0.019524526678141137,0.026785714285714284,74.13113438628203,94.01517662195404
FO203503,0.2075371549893843,0.19141791044776119,0.20013297872340424,41.44885295133328,40.78723575017433
FO538765,0.08831091772151899,0.09815321477428181,0.10368956743002544,59.47292758299727,71.77968637236609
FO818637,0.19445327399872855,0.1914218958611482,0.184071072319202,44.774330728468335,41.68672780239337
FP236843,0.13033249686323714,0.1260118306351183,0.13031914893617022,55.19723177692024,63.47612325971228
FP475956,0.08892128279883382,0.07601351351351351,0.08827319587628867,63.668369718662085,77.31274925107616
FP476056,0.2070769906323185,0.20395710059171598,0.20410714285714285,42.77961255494673,45.41348238789777
FP565814,0.061596820809248554,0.056731984829329965,0.05781396438612933,66.11764172814244,82.8042930616612
FP929032,0.14674283765347884,0.11912915851272016,0.1410411622276029,55.819374238205285,74.21941920187335
FP929038,0.19229753288604787,0.1805111821086262,0.179375,42.42908288632823,43.118306571633816
FP929045,0.11313036480686696,0.09951683291770573,0.14626288659793815,55.57136564553089,72.34881549886967
FP929047,0.06650874635568513,0.06005501222493888,0.0551143583227446,60.42643309824608,87.4344736461488
FP929048,0.2829656862745098,0.26243279569892475,0.27091165413533835,30.50619519642633,18.804759394940334
FP929050,0.19586267605633803,0.1991219008264463,0.19740513392857142,41.463507385871054,42.52302952095524
FP929054,0.21020299145299146,0.18353783231083845,0.2048611111111111,41.74945462277887,40.67013820440939
FP929056,0.07233796296296297,0.06080097087378641,0.05504587155963303,56.73042843377256,83.21353855091267
FP929061,0.2375609756097561,0.20502645502645503,0.2373870481927711,36.27636937088495,31.75870431037972
FP929062,0.14858887952822242,0.15249742154118168,0.15112386417981827,46.35469950180782,55.6808931147055
FQ312005,0.20591517857142858,0.171875,0.19942579505300354,36.74728232477176,31.156230803996035
FQ859181,0.09375,0.0892707460184409,0.0948566610455312,59.17104429022804,69.05644074984822
FR872580,0.22937737041719342,0.212158203125,0.22332317073170732,39.02885805578276,32.766354495948875
FR872582,0.20241365777080061,0.20211442786069653,0.20502645502645503,41.776290621017914,37.52485635809864
HE717023,0.2253808864265928,0.20617283950617285,0.219881221719457,41.823124767505284,38.78176693885309
HE804045,0.04958487084870849,0.03758445945945946,0.04017857142857143,72.19005981740804,92.45511871742411
HE956757,0.07052277432712216,0.07476106639839034,0.08184257602862254,63.35480266833164,76.84116907436655
HE983995,0.22616366366366367,0.22209821428571427,0.2177734375,36.62270467687937,29.694378249161563
HE999757,0.27831864695849917,0.2653186274509804,0.2794926650366748,34.526311521755325,24.558119673318657
HF563609,0.22896174863387977,0.21847345132743362,0.22801987767584098,37.5320687861883,32.345363804424146
HF571988,0.1705607476635514,0.1574459234608985,0.17706131078224102,47.29985573455644,46.77191886852518
HF680312,0.16626162299239222,0.1574013157894737,0.1563385269121813,46.62558847116874,44.60272517937761
HF951689,0.10638297872340426,0.11349976883957466,0.10781505728314239,54.40961691004959,59.36590958805203
HG315671,0.264226437462952,0.2600806451612903,0.2574860724233983,33.27716485153783,24.49924820932333
HG322949,0.11550265428002654,0.10011151662611517,0.10607049608355092,61.04793056851058,74.54066962142373
HG530068,0.09352941176470589,0.06384669728011304,0.06272321428571428,62.00780052917474,84.45850343721993
HG934468,0.1810179257362356,0.14260057471264367,0.16590531561461794,44.89917684561958,48.977155781453355
HG938353,0.0769,0.07299171469740634,0.07518796992481203,61.48098887211212,77.01995813690445
LK028559,0.28866223908918404,0.2719298245614035,0.30438311688311687,31.29013559151167,21.093615602593662
LN614827,0.21275252525252525,0.20742753623188406,0.21756628787878787,38.290419156664626,30.697676770316328
LN614830,0.21127377377377377,0.19714630225080385,0.20752427184466019,40.45678767672056,34.63316066954526
